3686887 execve("/share/pkg.8/python3/3.12.4/install/bin/python", [...], 0x7ffc20d29150 /* 149 vars */) = 0
3686887 access("/etc/ld.so.preload", R_OK) = -1 ENOENT (No such file or directory)
3686887 openat(AT_FDCWD, "/share/pkg.8/python3/3.12.4/install/lib/glibc-hwcaps/x86-64-v4/libpython3.12.so.1.0", O_RDONLY|O_CLOEXEC) = -1 ENOENT (No such file or directory)
3686887 stat("/share/pkg.8/python3/3.12.4/install/lib/glibc-hwcaps/x86-64-v4", 0x7ffdb918def0) = -1 ENOENT (No such file or directory)
3686887 openat(AT_FDCWD, "/share/pkg.8/python3/3.12.4/install/lib/glibc-hwcaps/x86-64-v3/libpython3.12.so.1.0", O_RDONLY|O_CLOEXEC) = -1 ENOENT (No such file or directory)
3686887 stat("/share/pkg.8/python3/3.12.4/install/lib/glibc-hwcaps/x86-64-v3", 0x7ffdb918def0) = -1 ENOENT (No such file or directory)
3686887 openat(AT_FDCWD, "/share/pkg.8/python3/3.12.4/install/lib/glibc-hwcaps/x86-64-v2/libpython3.12.so.1.0", O_RDONLY|O_CLOEXEC) = -1 ENOENT (No such file or directory)
3686887 stat("/share/pkg.8/python3/3.12.4/install/lib/glibc-hwcaps/x86-64-v2", 0x7ffdb918def0) = -1 ENOENT (No such file or directory)
3686887 openat(AT_FDCWD, "/share/pkg.8/python3/3.12.4/install/lib/tls/haswell/avx512_1/x86_64/libpython3.12.so.1.0", O_RDONLY|O_CLOEXEC) = -1 ENOENT (No such file or directory)
3686887 stat("/share/pkg.8/python3/3.12.4/install/lib/tls/haswell/avx512_1/x86_64", 0x7ffdb918def0) = -1 ENOENT (No such file or directory)
3686887 openat(AT_FDCWD, "/share/pkg.8/python3/3.12.4/install/lib/tls/haswell/avx512_1/libpython3.12.so.1.0", O_RDONLY|O_CLOEXEC) = -1 ENOENT (No such file or directory)
3686887 stat("/share/pkg.8/python3/3.12.4/install/lib/tls/haswell/avx512_1", 0x7ffdb918def0) = -1 ENOENT (No such file or directory)
3686887 openat(AT_FDCWD, "/share/pkg.8/python3/3.12.4/install/lib/tls/haswell/x86_64/libpython3.12.so.1.0", O_RDONLY|O_CLOEXEC) = -1 ENOENT (No such file or directory)
3686887 stat("/share/pkg.8/python3/3.12.4/install/lib/tls/haswell/x86_64", 0x7ffdb918def0) = -1 ENOENT (No such file or directory)
3686887 openat(AT_FDCWD, "/share/pkg.8/python3/3.12.4/install/lib/tls/haswell/libpython3.12.so.1.0", O_RDONLY|O_CLOEXEC) = -1 ENOENT (No such file or directory)
3686887 stat("/share/pkg.8/python3/3.12.4/install/lib/tls/haswell", 0x7ffdb918def0) = -1 ENOENT (No such file or directory)
3686887 openat(AT_FDCWD, "/share/pkg.8/python3/3.12.4/install/lib/tls/avx512_1/x86_64/libpython3.12.so.1.0", O_RDONLY|O_CLOEXEC) = -1 ENOENT (No such file or directory)
3686887 stat("/share/pkg.8/python3/3.12.4/install/lib/tls/avx512_1/x86_64", 0x7ffdb918def0) = -1 ENOENT (No such file or directory)
3686887 openat(AT_FDCWD, "/share/pkg.8/python3/3.12.4/install/lib/tls/avx512_1/libpython3.12.so.1.0", O_RDONLY|O_CLOEXEC) = -1 ENOENT (No such file or directory)
3686887 stat("/share/pkg.8/python3/3.12.4/install/lib/tls/avx512_1", 0x7ffdb918def0) = -1 ENOENT (No such file or directory)
3686887 openat(AT_FDCWD, "/share/pkg.8/python3/3.12.4/install/lib/tls/x86_64/libpython3.12.so.1.0", O_RDONLY|O_CLOEXEC) = -1 ENOENT (No such file or directory)
3686887 stat("/share/pkg.8/python3/3.12.4/install/lib/tls/x86_64", 0x7ffdb918def0) = -1 ENOENT (No such file or directory)
3686887 openat(AT_FDCWD, "/share/pkg.8/python3/3.12.4/install/lib/tls/libpython3.12.so.1.0", O_RDONLY|O_CLOEXEC) = -1 ENOENT (No such file or directory)
3686887 stat("/share/pkg.8/python3/3.12.4/install/lib/tls", 0x7ffdb918def0) = -1 ENOENT (No such file or directory)
3686887 openat(AT_FDCWD, "/share/pkg.8/python3/3.12.4/install/lib/haswell/avx512_1/x86_64/libpython3.12.so.1.0", O_RDONLY|O_CLOEXEC) = -1 ENOENT (No such file or directory)
3686887 stat("/share/pkg.8/python3/3.12.4/install/lib/haswell/avx512_1/x86_64", 0x7ffdb918def0) = -1 ENOENT (No such file or directory)
3686887 openat(AT_FDCWD, "/share/pkg.8/python3/3.12.4/install/lib/haswell/avx512_1/libpython3.12.so.1.0", O_RDONLY|O_CLOEXEC) = -1 ENOENT (No such file or directory)
3686887 stat("/share/pkg.8/python3/3.12.4/install/lib/haswell/avx512_1", 0x7ffdb918def0) = -1 ENOENT (No such file or directory)
3686887 openat(AT_FDCWD, "/share/pkg.8/python3/3.12.4/install/lib/haswell/x86_64/libpython3.12.so.1.0", O_RDONLY|O_CLOEXEC) = -1 ENOENT (No such file or directory)
3686887 stat("/share/pkg.8/python3/3.12.4/install/lib/haswell/x86_64", 0x7ffdb918def0) = -1 ENOENT (No such file or directory)
3686887 openat(AT_FDCWD, "/share/pkg.8/python3/3.12.4/install/lib/haswell/libpython3.12.so.1.0", O_RDONLY|O_CLOEXEC) = -1 ENOENT (No such file or directory)
3686887 stat("/share/pkg.8/python3/3.12.4/install/lib/haswell", 0x7ffdb918def0) = -1 ENOENT (No such file or directory)
3686887 openat(AT_FDCWD, "/share/pkg.8/python3/3.12.4/install/lib/avx512_1/x86_64/libpython3.12.so.1.0", O_RDONLY|O_CLOEXEC) = -1 ENOENT (No such file or directory)
3686887 stat("/share/pkg.8/python3/3.12.4/install/lib/avx512_1/x86_64", 0x7ffdb918def0) = -1 ENOENT (No such file or directory)
3686887 openat(AT_FDCWD, "/share/pkg.8/python3/3.12.4/install/lib/avx512_1/libpython3.12.so.1.0", O_RDONLY|O_CLOEXEC) = -1 ENOENT (No such file or directory)
3686887 stat("/share/pkg.8/python3/3.12.4/install/lib/avx512_1", 0x7ffdb918def0) = -1 ENOENT (No such file or directory)
3686887 openat(AT_FDCWD, "/share/pkg.8/python3/3.12.4/install/lib/x86_64/libpython3.12.so.1.0", O_RDONLY|O_CLOEXEC) = -1 ENOENT (No such file or directory)
3686887 stat("/share/pkg.8/python3/3.12.4/install/lib/x86_64", 0x7ffdb918def0) = -1 ENOENT (No such file or directory)
3686887 openat(AT_FDCWD, "/share/pkg.8/python3/3.12.4/install/lib/libpython3.12.so.1.0", O_RDONLY|O_CLOEXEC) = 3
3686887 openat(AT_FDCWD, "/share/pkg.8/python3/3.12.4/install/lib/libpthread.so.0", O_RDONLY|O_CLOEXEC) = -1 ENOENT (No such file or directory)
3686887 openat(AT_FDCWD, "/share/pkg.8/gcc/12.2.0/install/lib64/glibc-hwcaps/x86-64-v4/libpthread.so.0", O_RDONLY|O_CLOEXEC) = -1 ENOENT (No such file or directory)
3686887 stat("/share/pkg.8/gcc/12.2.0/install/lib64/glibc-hwcaps/x86-64-v4", 0x7ffdb918ded0) = -1 ENOENT (No such file or directory)
3686887 openat(AT_FDCWD, "/share/pkg.8/gcc/12.2.0/install/lib64/glibc-hwcaps/x86-64-v3/libpthread.so.0", O_RDONLY|O_CLOEXEC) = -1 ENOENT (No such file or directory)
3686887 stat("/share/pkg.8/gcc/12.2.0/install/lib64/glibc-hwcaps/x86-64-v3", 0x7ffdb918ded0) = -1 ENOENT (No such file or directory)
3686887 openat(AT_FDCWD, "/share/pkg.8/gcc/12.2.0/install/lib64/glibc-hwcaps/x86-64-v2/libpthread.so.0", O_RDONLY|O_CLOEXEC) = -1 ENOENT (No such file or directory)
3686887 stat("/share/pkg.8/gcc/12.2.0/install/lib64/glibc-hwcaps/x86-64-v2", 0x7ffdb918ded0) = -1 ENOENT (No such file or directory)
3686887 openat(AT_FDCWD, "/share/pkg.8/gcc/12.2.0/install/lib64/tls/haswell/avx512_1/x86_64/libpthread.so.0", O_RDONLY|O_CLOEXEC) = -1 ENOENT (No such file or directory)
3686887 stat("/share/pkg.8/gcc/12.2.0/install/lib64/tls/haswell/avx512_1/x86_64", 0x7ffdb918ded0) = -1 ENOENT (No such file or directory)
3686887 openat(AT_FDCWD, "/share/pkg.8/gcc/12.2.0/install/lib64/tls/haswell/avx512_1/libpthread.so.0", O_RDONLY|O_CLOEXEC) = -1 ENOENT (No such file or directory)
3686887 stat("/share/pkg.8/gcc/12.2.0/install/lib64/tls/haswell/avx512_1", 0x7ffdb918ded0) = -1 ENOENT (No such file or directory)
3686887 openat(AT_FDCWD, "/share/pkg.8/gcc/12.2.0/install/lib64/tls/haswell/x86_64/libpthread.so.0", O_RDONLY|O_CLOEXEC) = -1 ENOENT (No such file or directory)
3686887 stat("/share/pkg.8/gcc/12.2.0/install/lib64/tls/haswell/x86_64", 0x7ffdb918ded0) = -1 ENOENT (No such file or directory)
3686887 openat(AT_FDCWD, "/share/pkg.8/gcc/12.2.0/install/lib64/tls/haswell/libpthread.so.0", O_RDONLY|O_CLOEXEC) = -1 ENOENT (No such file or directory)
3686887 stat("/share/pkg.8/gcc/12.2.0/install/lib64/tls/haswell", 0x7ffdb918ded0) = -1 ENOENT (No such file or directory)
3686887 openat(AT_FDCWD, "/share/pkg.8/gcc/12.2.0/install/lib64/tls/avx512_1/x86_64/libpthread.so.0", O_RDONLY|O_CLOEXEC) = -1 ENOENT (No such file or directory)
3686887 stat("/share/pkg.8/gcc/12.2.0/install/lib64/tls/avx512_1/x86_64", 0x7ffdb918ded0) = -1 ENOENT (No such file or directory)
3686887 openat(AT_FDCWD, "/share/pkg.8/gcc/12.2.0/install/lib64/tls/avx512_1/libpthread.so.0", O_RDONLY|O_CLOEXEC) = -1 ENOENT (No such file or directory)
3686887 stat("/share/pkg.8/gcc/12.2.0/install/lib64/tls/avx512_1", 0x7ffdb918ded0) = -1 ENOENT (No such file or directory)
3686887 openat(AT_FDCWD, "/share/pkg.8/gcc/12.2.0/install/lib64/tls/x86_64/libpthread.so.0", O_RDONLY|O_CLOEXEC) = -1 ENOENT (No such file or directory)
3686887 stat("/share/pkg.8/gcc/12.2.0/install/lib64/tls/x86_64", 0x7ffdb918ded0) = -1 ENOENT (No such file or directory)
3686887 openat(AT_FDCWD, "/share/pkg.8/gcc/12.2.0/install/lib64/tls/libpthread.so.0", O_RDONLY|O_CLOEXEC) = -1 ENOENT (No such file or directory)
3686887 stat("/share/pkg.8/gcc/12.2.0/install/lib64/tls", 0x7ffdb918ded0) = -1 ENOENT (No such file or directory)
3686887 openat(AT_FDCWD, "/share/pkg.8/gcc/12.2.0/install/lib64/haswell/avx512_1/x86_64/libpthread.so.0", O_RDONLY|O_CLOEXEC) = -1 ENOENT (No such file or directory)
3686887 stat("/share/pkg.8/gcc/12.2.0/install/lib64/haswell/avx512_1/x86_64", 0x7ffdb918ded0) = -1 ENOENT (No such file or directory)
3686887 openat(AT_FDCWD, "/share/pkg.8/gcc/12.2.0/install/lib64/haswell/avx512_1/libpthread.so.0", O_RDONLY|O_CLOEXEC) = -1 ENOENT (No such file or directory)
3686887 stat("/share/pkg.8/gcc/12.2.0/install/lib64/haswell/avx512_1", 0x7ffdb918ded0) = -1 ENOENT (No such file or directory)
3686887 openat(AT_FDCWD, "/share/pkg.8/gcc/12.2.0/install/lib64/haswell/x86_64/libpthread.so.0", O_RDONLY|O_CLOEXEC) = -1 ENOENT (No such file or directory)
3686887 stat("/share/pkg.8/gcc/12.2.0/install/lib64/haswell/x86_64", 0x7ffdb918ded0) = -1 ENOENT (No such file or directory)
3686887 openat(AT_FDCWD, "/share/pkg.8/gcc/12.2.0/install/lib64/haswell/libpthread.so.0", O_RDONLY|O_CLOEXEC) = -1 ENOENT (No such file or directory)
3686887 stat("/share/pkg.8/gcc/12.2.0/install/lib64/haswell", 0x7ffdb918ded0) = -1 ENOENT (No such file or directory)
3686887 openat(AT_FDCWD, "/share/pkg.8/gcc/12.2.0/install/lib64/avx512_1/x86_64/libpthread.so.0", O_RDONLY|O_CLOEXEC) = -1 ENOENT (No such file or directory)
3686887 stat("/share/pkg.8/gcc/12.2.0/install/lib64/avx512_1/x86_64", 0x7ffdb918ded0) = -1 ENOENT (No such file or directory)
3686887 openat(AT_FDCWD, "/share/pkg.8/gcc/12.2.0/install/lib64/avx512_1/libpthread.so.0", O_RDONLY|O_CLOEXEC) = -1 ENOENT (No such file or directory)
3686887 stat("/share/pkg.8/gcc/12.2.0/install/lib64/avx512_1", 0x7ffdb918ded0) = -1 ENOENT (No such file or directory)
3686887 openat(AT_FDCWD, "/share/pkg.8/gcc/12.2.0/install/lib64/x86_64/libpthread.so.0", O_RDONLY|O_CLOEXEC) = -1 ENOENT (No such file or directory)
3686887 stat("/share/pkg.8/gcc/12.2.0/install/lib64/x86_64", 0x7ffdb918ded0) = -1 ENOENT (No such file or directory)
3686887 openat(AT_FDCWD, "/share/pkg.8/gcc/12.2.0/install/lib64/libpthread.so.0", O_RDONLY|O_CLOEXEC) = -1 ENOENT (No such file or directory)
3686887 stat("/share/pkg.8/gcc/12.2.0/install/lib64", {st_mode=S_IFDIR|S_ISGID|0755, st_size=4096, ...}) = 0
3686887 openat(AT_FDCWD, "/share/pkg.8/python3/3.12.4/install/lib/libpthread.so.0", O_RDONLY|O_CLOEXEC) = -1 ENOENT (No such file or directory)
3686887 openat(AT_FDCWD, "/etc/ld.so.cache", O_RDONLY|O_CLOEXEC) = 3
3686887 openat(AT_FDCWD, "/lib64/libpthread.so.0", O_RDONLY|O_CLOEXEC) = 3
3686887 openat(AT_FDCWD, "/share/pkg.8/python3/3.12.4/install/lib/libdl.so.2", O_RDONLY|O_CLOEXEC) = -1 ENOENT (No such file or directory)
3686887 openat(AT_FDCWD, "/share/pkg.8/gcc/12.2.0/install/lib64/libdl.so.2", O_RDONLY|O_CLOEXEC) = -1 ENOENT (No such file or directory)
3686887 openat(AT_FDCWD, "/share/pkg.8/python3/3.12.4/install/lib/libdl.so.2", O_RDONLY|O_CLOEXEC) = -1 ENOENT (No such file or directory)
3686887 openat(AT_FDCWD, "/lib64/libdl.so.2", O_RDONLY|O_CLOEXEC) = 3
3686887 openat(AT_FDCWD, "/share/pkg.8/python3/3.12.4/install/lib/libutil.so.1", O_RDONLY|O_CLOEXEC) = -1 ENOENT (No such file or directory)
3686887 openat(AT_FDCWD, "/share/pkg.8/gcc/12.2.0/install/lib64/libutil.so.1", O_RDONLY|O_CLOEXEC) = -1 ENOENT (No such file or directory)
3686887 openat(AT_FDCWD, "/share/pkg.8/python3/3.12.4/install/lib/libutil.so.1", O_RDONLY|O_CLOEXEC) = -1 ENOENT (No such file or directory)
3686887 openat(AT_FDCWD, "/lib64/libutil.so.1", O_RDONLY|O_CLOEXEC) = 3
3686887 openat(AT_FDCWD, "/share/pkg.8/python3/3.12.4/install/lib/libm.so.6", O_RDONLY|O_CLOEXEC) = -1 ENOENT (No such file or directory)
3686887 openat(AT_FDCWD, "/share/pkg.8/gcc/12.2.0/install/lib64/libm.so.6", O_RDONLY|O_CLOEXEC) = -1 ENOENT (No such file or directory)
3686887 openat(AT_FDCWD, "/share/pkg.8/python3/3.12.4/install/lib/libm.so.6", O_RDONLY|O_CLOEXEC) = -1 ENOENT (No such file or directory)
3686887 openat(AT_FDCWD, "/lib64/libm.so.6", O_RDONLY|O_CLOEXEC) = 3
3686887 openat(AT_FDCWD, "/share/pkg.8/python3/3.12.4/install/lib/libc.so.6", O_RDONLY|O_CLOEXEC) = -1 ENOENT (No such file or directory)
3686887 openat(AT_FDCWD, "/share/pkg.8/gcc/12.2.0/install/lib64/libc.so.6", O_RDONLY|O_CLOEXEC) = -1 ENOENT (No such file or directory)
3686887 openat(AT_FDCWD, "/share/pkg.8/python3/3.12.4/install/lib/libc.so.6", O_RDONLY|O_CLOEXEC) = -1 ENOENT (No such file or directory)
3686887 openat(AT_FDCWD, "/lib64/libc.so.6", O_RDONLY|O_CLOEXEC) = 3
3686887 openat(AT_FDCWD, "/usr/lib/locale/locale-archive", O_RDONLY|O_CLOEXEC) = -1 ENOENT (No such file or directory)
3686887 openat(AT_FDCWD, "/usr/share/locale/locale.alias", O_RDONLY|O_CLOEXEC) = 3
3686887 openat(AT_FDCWD, "/usr/lib/locale/en_US.UTF-8/LC_CTYPE", O_RDONLY|O_CLOEXEC) = -1 ENOENT (No such file or directory)
3686887 openat(AT_FDCWD, "/usr/lib/locale/en_US.utf8/LC_CTYPE", O_RDONLY|O_CLOEXEC) = 3
3686887 openat(AT_FDCWD, "/usr/lib64/gconv/gconv-modules.cache", O_RDONLY) = 3
3686887 getcwd("/projectnb/rcs-intern/reetom/sif", 4096) = 33
3686887 stat("/share/pkg.8/python3/3.12.4/install/bin/python", {st_mode=S_IFREG|0755, st_size=20944, ...}) = 0
3686887 openat(AT_FDCWD, "/share/pkg.8/python3/3.12.4/install/pyvenv.cfg", O_RDONLY) = -1 ENOENT (No such file or directory)
3686887 openat(AT_FDCWD, "/share/pkg.8/python3/3.12.4/install/bin/pyvenv.cfg", O_RDONLY) = -1 ENOENT (No such file or directory)
3686887 readlink("/share/pkg.8/python3/3.12.4/install/bin/python", ""..., 4096) = 10
3686887 readlink("/share/pkg.8/python3/3.12.4/install/bin/python3.12", 0x7ffdb9189530, 4096) = -1 EINVAL (Invalid argument)
3686887 openat(AT_FDCWD, "/share/pkg.8/python3/3.12.4/install/bin/python._pth", O_RDONLY) = -1 ENOENT (No such file or directory)
3686887 openat(AT_FDCWD, "/share/pkg.8/python3/3.12.4/install/bin/python3.12._pth", O_RDONLY) = -1 ENOENT (No such file or directory)
3686887 openat(AT_FDCWD, "/share/pkg.8/python3/3.12.4/install/bin/pybuilddir.txt", O_RDONLY) = -1 ENOENT (No such file or directory)
3686887 stat("/share/pkg.8/python3/3.12.4/install/bin/Modules/Setup.local", 0x7ffdb918e500) = -1 ENOENT (No such file or directory)
3686887 stat("/share/pkg.8/python3/3.12.4/install/bin/lib/python312.zip", 0x7ffdb918e260) = -1 ENOENT (No such file or directory)
3686887 stat("/share/pkg.8/python3/3.12.4/install/lib/python312.zip", 0x7ffdb918e2c0) = -1 ENOENT (No such file or directory)
3686887 stat("/share/pkg.8/python3/3.12.4/lib/python312.zip", 0x7ffdb918e2c0) = -1 ENOENT (No such file or directory)
3686887 stat("/share/pkg.8/python3/lib/python312.zip", 0x7ffdb918e2c0) = -1 ENOENT (No such file or directory)
3686887 stat("/share/pkg.8/lib/python312.zip", 0x7ffdb918e2c0) = -1 ENOENT (No such file or directory)
3686887 stat("/share/lib/python312.zip", 0x7ffdb918e2c0) = -1 ENOENT (No such file or directory)
3686887 stat("/share/pkg.8/python3/3.12.4/install/bin/lib/python3.12/os.py", 0x7ffdb918e2c0) = -1 ENOENT (No such file or directory)
3686887 stat("/share/pkg.8/python3/3.12.4/install/bin/lib/python3.12/os.pyc", 0x7ffdb918e2c0) = -1 ENOENT (No such file or directory)
3686887 stat("/share/pkg.8/python3/3.12.4/install/lib/python3.12/os.py", {st_mode=S_IFREG|0644, st_size=40777, ...}) = 0
3686887 stat("/share/pkg.8/python3/3.12.4/install/bin/lib/python3.12/lib-dynload", 0x7ffdb918e2c0) = -1 ENOENT (No such file or directory)
3686887 stat("/share/pkg.8/python3/3.12.4/install/lib/python3.12/lib-dynload", {st_mode=S_IFDIR|S_ISGID|0755, st_size=8192, ...}) = 0
3686887 stat("/share/pkg.8/python3/3.12.4/install/lib/python3.12/lib-dynload", {st_mode=S_IFDIR|S_ISGID|0755, st_size=8192, ...}) = 0
3686887 openat(AT_FDCWD, "/etc/localtime", O_RDONLY|O_CLOEXEC) = 3
3686887 stat("/share/pkg.8/python3/3.12.4/install/lib/python312.zip", 0x7ffdb918dc30) = -1 ENOENT (No such file or directory)
3686887 stat("/share/pkg.8/python3/3.12.4/install/lib", {st_mode=S_IFDIR|S_ISGID|0755, st_size=8192, ...}) = 0
3686887 stat("/share/pkg.8/python3/3.12.4/install/lib/python312.zip", 0x7ffdb918dfd0) = -1 ENOENT (No such file or directory)
3686887 stat("/share/pkg.8/python3/3.12.4/install/lib/python3.12", {st_mode=S_IFDIR|S_ISGID|0755, st_size=8192, ...}) = 0
3686887 stat("/share/pkg.8/python3/3.12.4/install/lib/python3.12", {st_mode=S_IFDIR|S_ISGID|0755, st_size=8192, ...}) = 0
3686887 stat("/share/pkg.8/python3/3.12.4/install/lib/python3.12", {st_mode=S_IFDIR|S_ISGID|0755, st_size=8192, ...}) = 0
3686887 openat(AT_FDCWD, "/share/pkg.8/python3/3.12.4/install/lib/python3.12", O_RDONLY|O_NONBLOCK|O_CLOEXEC|O_DIRECTORY) = 3
3686887 stat("/share/pkg.8/python3/3.12.4/install/lib/python3.12/encodings/__init__.cpython-312-x86_64-linux-gnu.so", 0x7ffdb918dfd0) = -1 ENOENT (No such file or directory)
3686887 stat("/share/pkg.8/python3/3.12.4/install/lib/python3.12/encodings/__init__.abi3.so", 0x7ffdb918dfd0) = -1 ENOENT (No such file or directory)
3686887 stat("/share/pkg.8/python3/3.12.4/install/lib/python3.12/encodings/__init__.so", 0x7ffdb918dfd0) = -1 ENOENT (No such file or directory)
3686887 stat("/share/pkg.8/python3/3.12.4/install/lib/python3.12/encodings/__init__.py", {st_mode=S_IFREG|0644, st_size=5884, ...}) = 0
3686887 stat("/share/pkg.8/python3/3.12.4/install/lib/python3.12/encodings/__init__.py", {st_mode=S_IFREG|0644, st_size=5884, ...}) = 0
3686887 openat(AT_FDCWD, "/share/pkg.8/python3/3.12.4/install/lib/python3.12/encodings/__pycache__/__init__.cpython-312.pyc", O_RDONLY|O_CLOEXEC) = 3
3686887 stat("/share/pkg.8/python3/3.12.4/install/lib/python3.12/encodings", {st_mode=S_IFDIR|S_ISGID|0755, st_size=8192, ...}) = 0
3686887 stat("/share/pkg.8/python3/3.12.4/install/lib/python3.12/encodings", {st_mode=S_IFDIR|S_ISGID|0755, st_size=8192, ...}) = 0
3686887 stat("/share/pkg.8/python3/3.12.4/install/lib/python3.12/encodings", {st_mode=S_IFDIR|S_ISGID|0755, st_size=8192, ...}) = 0
3686887 openat(AT_FDCWD, "/share/pkg.8/python3/3.12.4/install/lib/python3.12/encodings", O_RDONLY|O_NONBLOCK|O_CLOEXEC|O_DIRECTORY) = 3
3686887 stat("/share/pkg.8/python3/3.12.4/install/lib/python3.12/encodings/aliases.py", {st_mode=S_IFREG|0644, st_size=15677, ...}) = 0
3686887 stat("/share/pkg.8/python3/3.12.4/install/lib/python3.12/encodings/aliases.py", {st_mode=S_IFREG|0644, st_size=15677, ...}) = 0
3686887 openat(AT_FDCWD, "/share/pkg.8/python3/3.12.4/install/lib/python3.12/encodings/__pycache__/aliases.cpython-312.pyc", O_RDONLY|O_CLOEXEC) = 3
3686887 stat("/share/pkg.8/python3/3.12.4/install/lib/python3.12/encodings", {st_mode=S_IFDIR|S_ISGID|0755, st_size=8192, ...}) = 0
3686887 stat("/share/pkg.8/python3/3.12.4/install/lib/python3.12/encodings/utf_8.py", {st_mode=S_IFREG|0644, st_size=1005, ...}) = 0
3686887 stat("/share/pkg.8/python3/3.12.4/install/lib/python3.12/encodings/utf_8.py", {st_mode=S_IFREG|0644, st_size=1005, ...}) = 0
3686887 openat(AT_FDCWD, "/share/pkg.8/python3/3.12.4/install/lib/python3.12/encodings/__pycache__/utf_8.cpython-312.pyc", O_RDONLY|O_CLOEXEC) = 3
3686887 stat("/share/pkg.8/python3/3.12.4/install/bin/pyvenv.cfg", 0x7ffdb918daf0) = -1 ENOENT (No such file or directory)
3686887 stat("/share/pkg.8/python3/3.12.4/install/pyvenv.cfg", 0x7ffdb918db80) = -1 ENOENT (No such file or directory)
3686887 stat("/usr4/ugrad/rgangopa/.local/lib/python3.12/site-packages", 0x7ffdb918dd70) = -1 ENOENT (No such file or directory)
3686887 stat("/share/pkg.8/python3/3.12.4/install/lib/python3.12/site-packages", {st_mode=S_IFDIR|S_ISGID|0755, st_size=131072, ...}) = 0
3686887 openat(AT_FDCWD, "/share/pkg.8/python3/3.12.4/install/lib/python3.12/site-packages", O_RDONLY|O_NONBLOCK|O_CLOEXEC|O_DIRECTORY) = 3
3686887 lstat("/share/pkg.8/python3/3.12.4/install/lib/python3.12/site-packages/distutils-precedence.pth", {st_mode=S_IFREG|0644, st_size=151, ...}) = 0
3686887 openat(AT_FDCWD, "/share/pkg.8/python3/3.12.4/install/lib/python3.12/site-packages/distutils-precedence.pth", O_RDONLY|O_CLOEXEC) = 3
3686887 stat("/share/pkg.8/python3/3.12.4/install/lib/python3.12/encodings", {st_mode=S_IFDIR|S_ISGID|0755, st_size=8192, ...}) = 0
3686887 stat("/share/pkg.8/python3/3.12.4/install/lib/python3.12/encodings/utf_8_sig.py", {st_mode=S_IFREG|0644, st_size=4133, ...}) = 0
3686887 stat("/share/pkg.8/python3/3.12.4/install/lib/python3.12/encodings/utf_8_sig.py", {st_mode=S_IFREG|0644, st_size=4133, ...}) = 0
3686887 openat(AT_FDCWD, "/share/pkg.8/python3/3.12.4/install/lib/python3.12/encodings/__pycache__/utf_8_sig.cpython-312.pyc", O_RDONLY|O_CLOEXEC) = 3
3686887 stat("/share/pkg.8/python3/3.12.4/install/lib/python3.12", {st_mode=S_IFDIR|S_ISGID|0755, st_size=8192, ...}) = 0
3686887 stat("/share/pkg.8/python3/3.12.4/install/lib/python3.12/lib-dynload", {st_mode=S_IFDIR|S_ISGID|0755, st_size=8192, ...}) = 0
3686887 stat("/share/pkg.8/python3/3.12.4/install/lib/python3.12/lib-dynload", {st_mode=S_IFDIR|S_ISGID|0755, st_size=8192, ...}) = 0
3686887 stat("/share/pkg.8/python3/3.12.4/install/lib/python3.12/lib-dynload", {st_mode=S_IFDIR|S_ISGID|0755, st_size=8192, ...}) = 0
3686887 openat(AT_FDCWD, "/share/pkg.8/python3/3.12.4/install/lib/python3.12/lib-dynload", O_RDONLY|O_NONBLOCK|O_CLOEXEC|O_DIRECTORY) = 3
3686887 stat("/share/pkg.8/python3/3.12.4/install/lib/python3.12/site-packages", {st_mode=S_IFDIR|S_ISGID|0755, st_size=131072, ...}) = 0
3686887 stat("/share/pkg.8/python3/3.12.4/install/lib/python3.12/site-packages", {st_mode=S_IFDIR|S_ISGID|0755, st_size=131072, ...}) = 0
3686887 stat("/share/pkg.8/python3/3.12.4/install/lib/python3.12/site-packages", {st_mode=S_IFDIR|S_ISGID|0755, st_size=131072, ...}) = 0
3686887 openat(AT_FDCWD, "/share/pkg.8/python3/3.12.4/install/lib/python3.12/site-packages", O_RDONLY|O_NONBLOCK|O_CLOEXEC|O_DIRECTORY) = 3
3686887 stat("/share/pkg.8/python3/3.12.4/install/lib/python3.12/site-packages/_distutils_hack/__init__.cpython-312-x86_64-linux-gnu.so", 0x7ffdb918d4d0) = -1 ENOENT (No such file or directory)
3686887 stat("/share/pkg.8/python3/3.12.4/install/lib/python3.12/site-packages/_distutils_hack/__init__.abi3.so", 0x7ffdb918d4d0) = -1 ENOENT (No such file or directory)
3686887 stat("/share/pkg.8/python3/3.12.4/install/lib/python3.12/site-packages/_distutils_hack/__init__.so", 0x7ffdb918d4d0) = -1 ENOENT (No such file or directory)
3686887 stat("/share/pkg.8/python3/3.12.4/install/lib/python3.12/site-packages/_distutils_hack/__init__.py", {st_mode=S_IFREG|0644, st_size=6002, ...}) = 0
3686887 stat("/share/pkg.8/python3/3.12.4/install/lib/python3.12/site-packages/_distutils_hack/__init__.py", {st_mode=S_IFREG|0644, st_size=6002, ...}) = 0
3686887 openat(AT_FDCWD, "/share/pkg.8/python3/3.12.4/install/lib/python3.12/site-packages/_distutils_hack/__pycache__/__init__.cpython-312.pyc", O_RDONLY|O_CLOEXEC) = 3
3686887 lstat("/share/pkg.8/python3/3.12.4/install/lib/python3.12/site-packages/logilab_common-2.0.0-py3.12-nspkg.pth", {st_mode=S_IFREG|0644, st_size=544, ...}) = 0
3686887 openat(AT_FDCWD, "/share/pkg.8/python3/3.12.4/install/lib/python3.12/site-packages/logilab_common-2.0.0-py3.12-nspkg.pth", O_RDONLY|O_CLOEXEC) = 3
3686887 stat("/share/pkg.8/python3/3.12.4/install/lib/python3.12", {st_mode=S_IFDIR|S_ISGID|0755, st_size=8192, ...}) = 0
3686887 stat("/share/pkg.8/python3/3.12.4/install/lib/python3.12/types.py", {st_mode=S_IFREG|0644, st_size=10993, ...}) = 0
3686887 stat("/share/pkg.8/python3/3.12.4/install/lib/python3.12/types.py", {st_mode=S_IFREG|0644, st_size=10993, ...}) = 0
3686887 openat(AT_FDCWD, "/share/pkg.8/python3/3.12.4/install/lib/python3.12/__pycache__/types.cpython-312.pyc", O_RDONLY|O_CLOEXEC) = 3
3686887 stat("/share/pkg.8/python3/3.12.4/install/lib/python3.12", {st_mode=S_IFDIR|S_ISGID|0755, st_size=8192, ...}) = 0
3686887 stat("/share/pkg.8/python3/3.12.4/install/lib/python3.12/importlib/__init__.cpython-312-x86_64-linux-gnu.so", 0x7ffdb918d060) = -1 ENOENT (No such file or directory)
3686887 stat("/share/pkg.8/python3/3.12.4/install/lib/python3.12/importlib/__init__.abi3.so", 0x7ffdb918d060) = -1 ENOENT (No such file or directory)
3686887 stat("/share/pkg.8/python3/3.12.4/install/lib/python3.12/importlib/__init__.so", 0x7ffdb918d060) = -1 ENOENT (No such file or directory)
3686887 stat("/share/pkg.8/python3/3.12.4/install/lib/python3.12/importlib/__init__.py", {st_mode=S_IFREG|0644, st_size=4774, ...}) = 0
3686887 stat("/share/pkg.8/python3/3.12.4/install/lib/python3.12/importlib/__init__.py", {st_mode=S_IFREG|0644, st_size=4774, ...}) = 0
3686887 openat(AT_FDCWD, "/share/pkg.8/python3/3.12.4/install/lib/python3.12/importlib/__pycache__/__init__.cpython-312.pyc", O_RDONLY|O_CLOEXEC) = 3
3686887 stat("/share/pkg.8/python3/3.12.4/install/lib/python3.12", {st_mode=S_IFDIR|S_ISGID|0755, st_size=8192, ...}) = 0
3686887 stat("/share/pkg.8/python3/3.12.4/install/lib/python3.12/warnings.py", {st_mode=S_IFREG|0644, st_size=21902, ...}) = 0
3686887 stat("/share/pkg.8/python3/3.12.4/install/lib/python3.12/warnings.py", {st_mode=S_IFREG|0644, st_size=21902, ...}) = 0
3686887 openat(AT_FDCWD, "/share/pkg.8/python3/3.12.4/install/lib/python3.12/__pycache__/warnings.cpython-312.pyc", O_RDONLY|O_CLOEXEC) = 3
3686887 stat("/share/pkg.8/python3/3.12.4/install/lib/python3.12/importlib", {st_mode=S_IFDIR|S_ISGID|0755, st_size=4096, ...}) = 0
3686887 stat("/share/pkg.8/python3/3.12.4/install/lib/python3.12/importlib", {st_mode=S_IFDIR|S_ISGID|0755, st_size=4096, ...}) = 0
3686887 stat("/share/pkg.8/python3/3.12.4/install/lib/python3.12/importlib", {st_mode=S_IFDIR|S_ISGID|0755, st_size=4096, ...}) = 0
3686887 openat(AT_FDCWD, "/share/pkg.8/python3/3.12.4/install/lib/python3.12/importlib", O_RDONLY|O_NONBLOCK|O_CLOEXEC|O_DIRECTORY) = 3
3686887 stat("/share/pkg.8/python3/3.12.4/install/lib/python3.12/importlib/_abc.py", {st_mode=S_IFREG|0644, st_size=1354, ...}) = 0
3686887 stat("/share/pkg.8/python3/3.12.4/install/lib/python3.12/importlib/_abc.py", {st_mode=S_IFREG|0644, st_size=1354, ...}) = 0
3686887 openat(AT_FDCWD, "/share/pkg.8/python3/3.12.4/install/lib/python3.12/importlib/__pycache__/_abc.cpython-312.pyc", O_RDONLY|O_CLOEXEC) = 3
3686887 stat("/share/pkg.8/python3/3.12.4/install/lib/python3.12", {st_mode=S_IFDIR|S_ISGID|0755, st_size=8192, ...}) = 0
3686887 stat("/share/pkg.8/python3/3.12.4/install/lib/python3.12/threading.py", {st_mode=S_IFREG|0644, st_size=60123, ...}) = 0
3686887 stat("/share/pkg.8/python3/3.12.4/install/lib/python3.12/threading.py", {st_mode=S_IFREG|0644, st_size=60123, ...}) = 0
3686887 openat(AT_FDCWD, "/share/pkg.8/python3/3.12.4/install/lib/python3.12/__pycache__/threading.cpython-312.pyc", O_RDONLY|O_CLOEXEC) = 3
3686887 stat("/share/pkg.8/python3/3.12.4/install/lib/python3.12", {st_mode=S_IFDIR|S_ISGID|0755, st_size=8192, ...}) = 0
3686887 stat("/share/pkg.8/python3/3.12.4/install/lib/python3.12/functools.py", {st_mode=S_IFREG|0644, st_size=38117, ...}) = 0
3686887 stat("/share/pkg.8/python3/3.12.4/install/lib/python3.12/functools.py", {st_mode=S_IFREG|0644, st_size=38117, ...}) = 0
3686887 openat(AT_FDCWD, "/share/pkg.8/python3/3.12.4/install/lib/python3.12/__pycache__/functools.cpython-312.pyc", O_RDONLY|O_CLOEXEC) = 3
3686887 stat("/share/pkg.8/python3/3.12.4/install/lib/python3.12", {st_mode=S_IFDIR|S_ISGID|0755, st_size=8192, ...}) = 0
3686887 stat("/share/pkg.8/python3/3.12.4/install/lib/python3.12/collections/__init__.cpython-312-x86_64-linux-gnu.so", 0x7ffdb918c060) = -1 ENOENT (No such file or directory)
3686887 stat("/share/pkg.8/python3/3.12.4/install/lib/python3.12/collections/__init__.abi3.so", 0x7ffdb918c060) = -1 ENOENT (No such file or directory)
3686887 stat("/share/pkg.8/python3/3.12.4/install/lib/python3.12/collections/__init__.so", 0x7ffdb918c060) = -1 ENOENT (No such file or directory)
3686887 stat("/share/pkg.8/python3/3.12.4/install/lib/python3.12/collections/__init__.py", {st_mode=S_IFREG|0644, st_size=52378, ...}) = 0
3686887 stat("/share/pkg.8/python3/3.12.4/install/lib/python3.12/collections/__init__.py", {st_mode=S_IFREG|0644, st_size=52378, ...}) = 0
3686887 openat(AT_FDCWD, "/share/pkg.8/python3/3.12.4/install/lib/python3.12/collections/__pycache__/__init__.cpython-312.pyc", O_RDONLY|O_CLOEXEC) = 3
3686887 stat("/share/pkg.8/python3/3.12.4/install/lib/python3.12", {st_mode=S_IFDIR|S_ISGID|0755, st_size=8192, ...}) = 0
3686887 stat("/share/pkg.8/python3/3.12.4/install/lib/python3.12/keyword.py", {st_mode=S_IFREG|0644, st_size=1073, ...}) = 0
3686887 stat("/share/pkg.8/python3/3.12.4/install/lib/python3.12/keyword.py", {st_mode=S_IFREG|0644, st_size=1073, ...}) = 0
3686887 openat(AT_FDCWD, "/share/pkg.8/python3/3.12.4/install/lib/python3.12/__pycache__/keyword.cpython-312.pyc", O_RDONLY|O_CLOEXEC) = 3
3686887 stat("/share/pkg.8/python3/3.12.4/install/lib/python3.12", {st_mode=S_IFDIR|S_ISGID|0755, st_size=8192, ...}) = 0
3686887 stat("/share/pkg.8/python3/3.12.4/install/lib/python3.12/operator.py", {st_mode=S_IFREG|0644, st_size=10965, ...}) = 0
3686887 stat("/share/pkg.8/python3/3.12.4/install/lib/python3.12/operator.py", {st_mode=S_IFREG|0644, st_size=10965, ...}) = 0
3686887 openat(AT_FDCWD, "/share/pkg.8/python3/3.12.4/install/lib/python3.12/__pycache__/operator.cpython-312.pyc", O_RDONLY|O_CLOEXEC) = 3
3686887 stat("/share/pkg.8/python3/3.12.4/install/lib/python3.12", {st_mode=S_IFDIR|S_ISGID|0755, st_size=8192, ...}) = 0
3686887 stat("/share/pkg.8/python3/3.12.4/install/lib/python3.12/reprlib.py", {st_mode=S_IFREG|0644, st_size=6569, ...}) = 0
3686887 stat("/share/pkg.8/python3/3.12.4/install/lib/python3.12/reprlib.py", {st_mode=S_IFREG|0644, st_size=6569, ...}) = 0
3686887 openat(AT_FDCWD, "/share/pkg.8/python3/3.12.4/install/lib/python3.12/__pycache__/reprlib.cpython-312.pyc", O_RDONLY|O_CLOEXEC) = 3
3686887 stat("/share/pkg.8/python3/3.12.4/install/lib/python3.12", {st_mode=S_IFDIR|S_ISGID|0755, st_size=8192, ...}) = 0
3686887 stat("/share/pkg.8/python3/3.12.4/install/lib/python3.12/_weakrefset.py", {st_mode=S_IFREG|0644, st_size=5893, ...}) = 0
3686887 stat("/share/pkg.8/python3/3.12.4/install/lib/python3.12/_weakrefset.py", {st_mode=S_IFREG|0644, st_size=5893, ...}) = 0
3686887 openat(AT_FDCWD, "/share/pkg.8/python3/3.12.4/install/lib/python3.12/__pycache__/_weakrefset.cpython-312.pyc", O_RDONLY|O_CLOEXEC) = 3
3686887 stat("/share/pkg.8/python3/3.12.4/install/lib/python3.12/site-packages", {st_mode=S_IFDIR|S_ISGID|0755, st_size=131072, ...}) = 0
3686887 stat("/share/pkg.8/python3/3.12.4/install/lib/python3.12/site-packages/logilab/__init__.cpython-312-x86_64-linux-gnu.so", 0x7ffdb918da90) = -1 ENOENT (No such file or directory)
3686887 stat("/share/pkg.8/python3/3.12.4/install/lib/python3.12/site-packages/logilab/__init__.abi3.so", 0x7ffdb918da90) = -1 ENOENT (No such file or directory)
3686887 stat("/share/pkg.8/python3/3.12.4/install/lib/python3.12/site-packages/logilab/__init__.so", 0x7ffdb918da90) = -1 ENOENT (No such file or directory)
3686887 stat("/share/pkg.8/python3/3.12.4/install/lib/python3.12/site-packages/logilab/__init__.py", 0x7ffdb918da90) = -1 ENOENT (No such file or directory)
3686887 stat("/share/pkg.8/python3/3.12.4/install/lib/python3.12/site-packages/logilab/__init__.pyc", 0x7ffdb918da90) = -1 ENOENT (No such file or directory)
3686887 stat("/share/pkg.8/python3/3.12.4/install/lib/python3.12/site-packages/logilab", {st_mode=S_IFDIR|S_ISGID|0755, st_size=4096, ...}) = 0
3686887 lstat("/share/pkg.8/python3/3.12.4/install/lib/python3.12/site-packages/modin-autoimport-pandas.pth", {st_mode=S_IFREG|0644, st_size=88, ...}) = 0
3686887 openat(AT_FDCWD, "/share/pkg.8/python3/3.12.4/install/lib/python3.12/site-packages/modin-autoimport-pandas.pth", O_RDONLY|O_CLOEXEC) = 3
3686887 lstat("/share/pkg.8/python3/3.12.4/install/lib/python3.12/site-packages/pytest-cov.pth", {st_mode=S_IFREG|0644, st_size=377, ...}) = 0
3686887 openat(AT_FDCWD, "/share/pkg.8/python3/3.12.4/install/lib/python3.12/site-packages/pytest-cov.pth", O_RDONLY|O_CLOEXEC) = 3
3686887 lstat("/share/pkg.8/python3/3.12.4/install/lib/python3.12/site-packages/sphinxcontrib_jsmath-1.0.1-py3.7-nspkg.pth", {st_mode=S_IFREG|0644, st_size=574, ...}) = 0
3686887 openat(AT_FDCWD, "/share/pkg.8/python3/3.12.4/install/lib/python3.12/site-packages/sphinxcontrib_jsmath-1.0.1-py3.7-nspkg.pth", O_RDONLY|O_CLOEXEC) = 3
3686887 stat("/share/pkg.8/python3/3.12.4/install/lib/python3.12/site-packages", {st_mode=S_IFDIR|S_ISGID|0755, st_size=131072, ...}) = 0
3686887 stat("/share/pkg.8/python3/3.12.4/install/lib/python3.12/site-packages/sphinxcontrib/__init__.cpython-312-x86_64-linux-gnu.so", 0x7ffdb918da90) = -1 ENOENT (No such file or directory)
3686887 stat("/share/pkg.8/python3/3.12.4/install/lib/python3.12/site-packages/sphinxcontrib/__init__.abi3.so", 0x7ffdb918da90) = -1 ENOENT (No such file or directory)
3686887 stat("/share/pkg.8/python3/3.12.4/install/lib/python3.12/site-packages/sphinxcontrib/__init__.so", 0x7ffdb918da90) = -1 ENOENT (No such file or directory)
3686887 stat("/share/pkg.8/python3/3.12.4/install/lib/python3.12/site-packages/sphinxcontrib/__init__.py", 0x7ffdb918da90) = -1 ENOENT (No such file or directory)
3686887 stat("/share/pkg.8/python3/3.12.4/install/lib/python3.12/site-packages/sphinxcontrib/__init__.pyc", 0x7ffdb918da90) = -1 ENOENT (No such file or directory)
3686887 stat("/share/pkg.8/python3/3.12.4/install/lib/python3.12/site-packages/sphinxcontrib", {st_mode=S_IFDIR|S_ISGID|0755, st_size=4096, ...}) = 0
3686887 lstat("/share/pkg.8/python3/3.12.4/install/lib/python3.12/site-packages/zope.event-5.0-py3.11-nspkg.pth", {st_mode=S_IFREG|0644, st_size=529, ...}) = 0
3686887 openat(AT_FDCWD, "/share/pkg.8/python3/3.12.4/install/lib/python3.12/site-packages/zope.event-5.0-py3.11-nspkg.pth", O_RDONLY|O_CLOEXEC) = 3
3686887 stat("/share/pkg.8/python3/3.12.4/install/lib/python3.12/site-packages", {st_mode=S_IFDIR|S_ISGID|0755, st_size=131072, ...}) = 0
3686887 stat("/share/pkg.8/python3/3.12.4/install/lib/python3.12/site-packages/zope/__init__.cpython-312-x86_64-linux-gnu.so", 0x7ffdb918da90) = -1 ENOENT (No such file or directory)
3686887 stat("/share/pkg.8/python3/3.12.4/install/lib/python3.12/site-packages/zope/__init__.abi3.so", 0x7ffdb918da90) = -1 ENOENT (No such file or directory)
3686887 stat("/share/pkg.8/python3/3.12.4/install/lib/python3.12/site-packages/zope/__init__.so", 0x7ffdb918da90) = -1 ENOENT (No such file or directory)
3686887 stat("/share/pkg.8/python3/3.12.4/install/lib/python3.12/site-packages/zope/__init__.py", 0x7ffdb918da90) = -1 ENOENT (No such file or directory)
3686887 stat("/share/pkg.8/python3/3.12.4/install/lib/python3.12/site-packages/zope/__init__.pyc", 0x7ffdb918da90) = -1 ENOENT (No such file or directory)
3686887 stat("/share/pkg.8/python3/3.12.4/install/lib/python3.12/site-packages/zope", {st_mode=S_IFDIR|S_ISGID|0755, st_size=4096, ...}) = 0
3686887 lstat("/share/pkg.8/python3/3.12.4/install/lib/python3.12/site-packages/zope.interface-6.4.post2-py3.12-nspkg.pth", {st_mode=S_IFREG|0644, st_size=457, ...}) = 0
3686887 openat(AT_FDCWD, "/share/pkg.8/python3/3.12.4/install/lib/python3.12/site-packages/zope.interface-6.4.post2-py3.12-nspkg.pth", O_RDONLY|O_CLOEXEC) = 3
3686887 stat("/share/pkg.8/python3/3.12.4/install/lib/python3.12/site-packages", {st_mode=S_IFDIR|S_ISGID|0755, st_size=131072, ...}) = 0
3686887 stat("/share/pkg.8/python3/3.12.4/install/lib/python3.12/site-packages/zope/__init__.cpython-312-x86_64-linux-gnu.so", 0x7ffdb918da90) = -1 ENOENT (No such file or directory)
3686887 stat("/share/pkg.8/python3/3.12.4/install/lib/python3.12/site-packages/zope/__init__.abi3.so", 0x7ffdb918da90) = -1 ENOENT (No such file or directory)
3686887 stat("/share/pkg.8/python3/3.12.4/install/lib/python3.12/site-packages/zope/__init__.so", 0x7ffdb918da90) = -1 ENOENT (No such file or directory)
3686887 stat("/share/pkg.8/python3/3.12.4/install/lib/python3.12/site-packages/zope/__init__.py", 0x7ffdb918da90) = -1 ENOENT (No such file or directory)
3686887 stat("/share/pkg.8/python3/3.12.4/install/lib/python3.12/site-packages/zope/__init__.pyc", 0x7ffdb918da90) = -1 ENOENT (No such file or directory)
3686887 stat("/share/pkg.8/python3/3.12.4/install/lib/python3.12/site-packages/zope", {st_mode=S_IFDIR|S_ISGID|0755, st_size=4096, ...}) = 0
3686887 stat("/share/pkg.8/python3/3.12.4/install/lib/python3.12", {st_mode=S_IFDIR|S_ISGID|0755, st_size=8192, ...}) = 0
3686887 stat("/share/pkg.8/python3/3.12.4/install/lib/python3.12/lib-dynload", {st_mode=S_IFDIR|S_ISGID|0755, st_size=8192, ...}) = 0
3686887 stat("/share/pkg.8/python3/3.12.4/install/lib/python3.12/site-packages", {st_mode=S_IFDIR|S_ISGID|0755, st_size=131072, ...}) = 0
3686887 stat("/share/pkg.8/python3/3.12.4/install/lib/python3.12", {st_mode=S_IFDIR|S_ISGID|0755, st_size=8192, ...}) = 0
3686887 stat("/share/pkg.8/python3/3.12.4/install/lib/python3.12/lib-dynload", {st_mode=S_IFDIR|S_ISGID|0755, st_size=8192, ...}) = 0
3686887 stat("/share/pkg.8/python3/3.12.4/install/lib/python3.12/site-packages", {st_mode=S_IFDIR|S_ISGID|0755, st_size=131072, ...}) = 0
3686887 stat("/projectnb/rcs-intern/reetom/sif/test.py", {st_mode=S_IFREG|0644, st_size=66, ...}) = 0
3686887 openat(AT_FDCWD, "/projectnb/rcs-intern/reetom/sif/test.py", O_RDONLY|O_CLOEXEC) = 3
3686887 stat("/projectnb/rcs-intern/reetom/sif/test.py", {st_mode=S_IFREG|0644, st_size=66, ...}) = 0
3686887 readlink("test.py", 0x7ffdb917db90, 4096) = -1 EINVAL (Invalid argument)
3686887 getcwd("/projectnb/rcs-intern/reetom/sif", 4096) = 33
3686887 lstat("/projectnb/rcs-intern/reetom/sif/test.py", {st_mode=S_IFREG|0644, st_size=66, ...}) = 0
3686887 openat(AT_FDCWD, "/projectnb/rcs-intern/reetom/sif/test.py", O_RDONLY) = 3
3686887 stat("/projectnb/rcs-intern/reetom/sif", {st_mode=S_IFDIR|S_ISGID|0755, st_size=4096, ...}) = 0
3686887 stat("/projectnb/rcs-intern/reetom/sif", {st_mode=S_IFDIR|S_ISGID|0755, st_size=4096, ...}) = 0
3686887 stat("/projectnb/rcs-intern/reetom/sif", {st_mode=S_IFDIR|S_ISGID|0755, st_size=4096, ...}) = 0
3686887 openat(AT_FDCWD, "/projectnb/rcs-intern/reetom/sif", O_RDONLY|O_NONBLOCK|O_CLOEXEC|O_DIRECTORY) = 3
3686887 stat("/share/pkg.8/python3/3.12.4/install/lib/python3.12", {st_mode=S_IFDIR|S_ISGID|0755, st_size=8192, ...}) = 0
3686887 stat("/share/pkg.8/python3/3.12.4/install/lib/python3.12/lib-dynload", {st_mode=S_IFDIR|S_ISGID|0755, st_size=8192, ...}) = 0
3686887 stat("/share/pkg.8/python3/3.12.4/install/lib/python3.12/site-packages", {st_mode=S_IFDIR|S_ISGID|0755, st_size=131072, ...}) = 0
3686887 stat("/share/pkg.8/python3/3.12.4/install/lib/python3.12/site-packages/pandas/__init__.cpython-312-x86_64-linux-gnu.so", 0x7ffdb918e290) = -1 ENOENT (No such file or directory)
3686887 stat("/share/pkg.8/python3/3.12.4/install/lib/python3.12/site-packages/pandas/__init__.abi3.so", 0x7ffdb918e290) = -1 ENOENT (No such file or directory)
3686887 stat("/share/pkg.8/python3/3.12.4/install/lib/python3.12/site-packages/pandas/__init__.so", 0x7ffdb918e290) = -1 ENOENT (No such file or directory)
3686887 stat("/share/pkg.8/python3/3.12.4/install/lib/python3.12/site-packages/pandas/__init__.py", {st_mode=S_IFREG|0644, st_size=8658, ...}) = 0
3686887 stat("/share/pkg.8/python3/3.12.4/install/lib/python3.12/site-packages/pandas/__init__.py", {st_mode=S_IFREG|0644, st_size=8658, ...}) = 0
3686887 openat(AT_FDCWD, "/share/pkg.8/python3/3.12.4/install/lib/python3.12/site-packages/pandas/__pycache__/__init__.cpython-312.pyc", O_RDONLY|O_CLOEXEC) = 3
3686887 stat("/projectnb/rcs-intern/reetom/sif", {st_mode=S_IFDIR|S_ISGID|0755, st_size=4096, ...}) = 0
3686887 stat("/share/pkg.8/python3/3.12.4/install/lib/python3.12", {st_mode=S_IFDIR|S_ISGID|0755, st_size=8192, ...}) = 0
3686887 stat("/share/pkg.8/python3/3.12.4/install/lib/python3.12/__future__.py", {st_mode=S_IFREG|0644, st_size=5218, ...}) = 0
3686887 stat("/share/pkg.8/python3/3.12.4/install/lib/python3.12/__future__.py", {st_mode=S_IFREG|0644, st_size=5218, ...}) = 0
3686887 openat(AT_FDCWD, "/share/pkg.8/python3/3.12.4/install/lib/python3.12/__pycache__/__future__.cpython-312.pyc", O_RDONLY|O_CLOEXEC) = 3
3686887 stat("/projectnb/rcs-intern/reetom/sif", {st_mode=S_IFDIR|S_ISGID|0755, st_size=4096, ...}) = 0
3686887 stat("/share/pkg.8/python3/3.12.4/install/lib/python3.12", {st_mode=S_IFDIR|S_ISGID|0755, st_size=8192, ...}) = 0
3686887 stat("/share/pkg.8/python3/3.12.4/install/lib/python3.12/lib-dynload", {st_mode=S_IFDIR|S_ISGID|0755, st_size=8192, ...}) = 0
3686887 stat("/share/pkg.8/python3/3.12.4/install/lib/python3.12/site-packages", {st_mode=S_IFDIR|S_ISGID|0755, st_size=131072, ...}) = 0
3686887 stat("/share/pkg.8/python3/3.12.4/install/lib/python3.12/site-packages/numpy/__init__.cpython-312-x86_64-linux-gnu.so", 0x7ffdb918da60) = -1 ENOENT (No such file or directory)
3686887 stat("/share/pkg.8/python3/3.12.4/install/lib/python3.12/site-packages/numpy/__init__.abi3.so", 0x7ffdb918da60) = -1 ENOENT (No such file or directory)
3686887 stat("/share/pkg.8/python3/3.12.4/install/lib/python3.12/site-packages/numpy/__init__.so", 0x7ffdb918da60) = -1 ENOENT (No such file or directory)
3686887 stat("/share/pkg.8/python3/3.12.4/install/lib/python3.12/site-packages/numpy/__init__.py", {st_mode=S_IFREG|0644, st_size=17005, ...}) = 0
3686887 stat("/share/pkg.8/python3/3.12.4/install/lib/python3.12/site-packages/numpy/__init__.py", {st_mode=S_IFREG|0644, st_size=17005, ...}) = 0
3686887 openat(AT_FDCWD, "/share/pkg.8/python3/3.12.4/install/lib/python3.12/site-packages/numpy/__pycache__/__init__.cpython-312.pyc", O_RDONLY|O_CLOEXEC) = 3
3686887 stat("/share/pkg.8/python3/3.12.4/install/lib/python3.12/site-packages/numpy", {st_mode=S_IFDIR|S_ISGID|0755, st_size=4096, ...}) = 0
3686887 stat("/share/pkg.8/python3/3.12.4/install/lib/python3.12/site-packages/numpy", {st_mode=S_IFDIR|S_ISGID|0755, st_size=4096, ...}) = 0
3686887 stat("/share/pkg.8/python3/3.12.4/install/lib/python3.12/site-packages/numpy", {st_mode=S_IFDIR|S_ISGID|0755, st_size=4096, ...}) = 0
3686887 openat(AT_FDCWD, "/share/pkg.8/python3/3.12.4/install/lib/python3.12/site-packages/numpy", O_RDONLY|O_NONBLOCK|O_CLOEXEC|O_DIRECTORY) = 3
3686887 stat("/share/pkg.8/python3/3.12.4/install/lib/python3.12/site-packages/numpy/_globals.py", {st_mode=S_IFREG|0644, st_size=3094, ...}) = 0
3686887 stat("/share/pkg.8/python3/3.12.4/install/lib/python3.12/site-packages/numpy/_globals.py", {st_mode=S_IFREG|0644, st_size=3094, ...}) = 0
3686887 openat(AT_FDCWD, "/share/pkg.8/python3/3.12.4/install/lib/python3.12/site-packages/numpy/__pycache__/_globals.cpython-312.pyc", O_RDONLY|O_CLOEXEC) = 3
3686887 stat("/projectnb/rcs-intern/reetom/sif", {st_mode=S_IFDIR|S_ISGID|0755, st_size=4096, ...}) = 0
3686887 stat("/share/pkg.8/python3/3.12.4/install/lib/python3.12", {st_mode=S_IFDIR|S_ISGID|0755, st_size=8192, ...}) = 0
3686887 stat("/share/pkg.8/python3/3.12.4/install/lib/python3.12/enum.py", {st_mode=S_IFREG|0644, st_size=81636, ...}) = 0
3686887 stat("/share/pkg.8/python3/3.12.4/install/lib/python3.12/enum.py", {st_mode=S_IFREG|0644, st_size=81636, ...}) = 0
3686887 openat(AT_FDCWD, "/share/pkg.8/python3/3.12.4/install/lib/python3.12/__pycache__/enum.cpython-312.pyc", O_RDONLY|O_CLOEXEC) = 3
3686887 stat("/share/pkg.8/python3/3.12.4/install/lib/python3.12/site-packages/numpy", {st_mode=S_IFDIR|S_ISGID|0755, st_size=4096, ...}) = 0
3686887 stat("/share/pkg.8/python3/3.12.4/install/lib/python3.12/site-packages/numpy/_utils/__init__.cpython-312-x86_64-linux-gnu.so", 0x7ffdb918cc20) = -1 ENOENT (No such file or directory)
3686887 stat("/share/pkg.8/python3/3.12.4/install/lib/python3.12/site-packages/numpy/_utils/__init__.abi3.so", 0x7ffdb918cc20) = -1 ENOENT (No such file or directory)
3686887 stat("/share/pkg.8/python3/3.12.4/install/lib/python3.12/site-packages/numpy/_utils/__init__.so", 0x7ffdb918cc20) = -1 ENOENT (No such file or directory)
3686887 stat("/share/pkg.8/python3/3.12.4/install/lib/python3.12/site-packages/numpy/_utils/__init__.py", {st_mode=S_IFREG|0644, st_size=723, ...}) = 0
3686887 stat("/share/pkg.8/python3/3.12.4/install/lib/python3.12/site-packages/numpy/_utils/__init__.py", {st_mode=S_IFREG|0644, st_size=723, ...}) = 0
3686887 openat(AT_FDCWD, "/share/pkg.8/python3/3.12.4/install/lib/python3.12/site-packages/numpy/_utils/__pycache__/__init__.cpython-312.pyc", O_RDONLY|O_CLOEXEC) = 3
3686887 stat("/share/pkg.8/python3/3.12.4/install/lib/python3.12/site-packages/numpy/_utils", {st_mode=S_IFDIR|S_ISGID|0755, st_size=4096, ...}) = 0
3686887 stat("/share/pkg.8/python3/3.12.4/install/lib/python3.12/site-packages/numpy/_utils", {st_mode=S_IFDIR|S_ISGID|0755, st_size=4096, ...}) = 0
3686887 stat("/share/pkg.8/python3/3.12.4/install/lib/python3.12/site-packages/numpy/_utils", {st_mode=S_IFDIR|S_ISGID|0755, st_size=4096, ...}) = 0
3686887 openat(AT_FDCWD, "/share/pkg.8/python3/3.12.4/install/lib/python3.12/site-packages/numpy/_utils", O_RDONLY|O_NONBLOCK|O_CLOEXEC|O_DIRECTORY) = 3
3686887 stat("/share/pkg.8/python3/3.12.4/install/lib/python3.12/site-packages/numpy/_utils/_convertions.py", {st_mode=S_IFREG|0644, st_size=329, ...}) = 0
3686887 stat("/share/pkg.8/python3/3.12.4/install/lib/python3.12/site-packages/numpy/_utils/_convertions.py", {st_mode=S_IFREG|0644, st_size=329, ...}) = 0
3686887 openat(AT_FDCWD, "/share/pkg.8/python3/3.12.4/install/lib/python3.12/site-packages/numpy/_utils/__pycache__/_convertions.cpython-312.pyc", O_RDONLY|O_CLOEXEC) = 3
3686887 stat("/share/pkg.8/python3/3.12.4/install/lib/python3.12/site-packages/numpy", {st_mode=S_IFDIR|S_ISGID|0755, st_size=4096, ...}) = 0
3686887 stat("/share/pkg.8/python3/3.12.4/install/lib/python3.12/site-packages/numpy/exceptions.py", {st_mode=S_IFREG|0644, st_size=7339, ...}) = 0
3686887 stat("/share/pkg.8/python3/3.12.4/install/lib/python3.12/site-packages/numpy/exceptions.py", {st_mode=S_IFREG|0644, st_size=7339, ...}) = 0
3686887 openat(AT_FDCWD, "/share/pkg.8/python3/3.12.4/install/lib/python3.12/site-packages/numpy/__pycache__/exceptions.cpython-312.pyc", O_RDONLY|O_CLOEXEC) = 3
3686887 stat("/share/pkg.8/python3/3.12.4/install/lib/python3.12/site-packages/numpy", {st_mode=S_IFDIR|S_ISGID|0755, st_size=4096, ...}) = 0
3686887 stat("/share/pkg.8/python3/3.12.4/install/lib/python3.12/site-packages/numpy/version.py", {st_mode=S_IFREG|0644, st_size=216, ...}) = 0
3686887 stat("/share/pkg.8/python3/3.12.4/install/lib/python3.12/site-packages/numpy/version.py", {st_mode=S_IFREG|0644, st_size=216, ...}) = 0
3686887 openat(AT_FDCWD, "/share/pkg.8/python3/3.12.4/install/lib/python3.12/site-packages/numpy/__pycache__/version.cpython-312.pyc", O_RDONLY|O_CLOEXEC) = 3
3686887 stat("/share/pkg.8/python3/3.12.4/install/lib/python3.12/site-packages/numpy", {st_mode=S_IFDIR|S_ISGID|0755, st_size=4096, ...}) = 0
3686887 stat("/share/pkg.8/python3/3.12.4/install/lib/python3.12/site-packages/numpy/_distributor_init.py", {st_mode=S_IFREG|0644, st_size=407, ...}) = 0
3686887 stat("/share/pkg.8/python3/3.12.4/install/lib/python3.12/site-packages/numpy/_distributor_init.py", {st_mode=S_IFREG|0644, st_size=407, ...}) = 0
3686887 openat(AT_FDCWD, "/share/pkg.8/python3/3.12.4/install/lib/python3.12/site-packages/numpy/__pycache__/_distributor_init.cpython-312.pyc", O_RDONLY|O_CLOEXEC) = 3
3686887 stat("/share/pkg.8/python3/3.12.4/install/lib/python3.12/site-packages/numpy", {st_mode=S_IFDIR|S_ISGID|0755, st_size=4096, ...}) = 0
3686887 stat("/share/pkg.8/python3/3.12.4/install/lib/python3.12/site-packages/numpy", {st_mode=S_IFDIR|S_ISGID|0755, st_size=4096, ...}) = 0
3686887 stat("/share/pkg.8/python3/3.12.4/install/lib/python3.12/site-packages/numpy/__config__.py", {st_mode=S_IFREG|0644, st_size=4872, ...}) = 0
3686887 stat("/share/pkg.8/python3/3.12.4/install/lib/python3.12/site-packages/numpy/__config__.py", {st_mode=S_IFREG|0644, st_size=4872, ...}) = 0
3686887 openat(AT_FDCWD, "/share/pkg.8/python3/3.12.4/install/lib/python3.12/site-packages/numpy/__pycache__/__config__.cpython-312.pyc", O_RDONLY|O_CLOEXEC) = 3
3686887 stat("/share/pkg.8/python3/3.12.4/install/lib/python3.12/site-packages/numpy", {st_mode=S_IFDIR|S_ISGID|0755, st_size=4096, ...}) = 0
3686887 stat("/share/pkg.8/python3/3.12.4/install/lib/python3.12/site-packages/numpy/core/__init__.cpython-312-x86_64-linux-gnu.so", 0x7ffdb918c720) = -1 ENOENT (No such file or directory)
3686887 stat("/share/pkg.8/python3/3.12.4/install/lib/python3.12/site-packages/numpy/core/__init__.abi3.so", 0x7ffdb918c720) = -1 ENOENT (No such file or directory)
3686887 stat("/share/pkg.8/python3/3.12.4/install/lib/python3.12/site-packages/numpy/core/__init__.so", 0x7ffdb918c720) = -1 ENOENT (No such file or directory)
3686887 stat("/share/pkg.8/python3/3.12.4/install/lib/python3.12/site-packages/numpy/core/__init__.py", {st_mode=S_IFREG|0644, st_size=5780, ...}) = 0
3686887 stat("/share/pkg.8/python3/3.12.4/install/lib/python3.12/site-packages/numpy/core/__init__.py", {st_mode=S_IFREG|0644, st_size=5780, ...}) = 0
3686887 openat(AT_FDCWD, "/share/pkg.8/python3/3.12.4/install/lib/python3.12/site-packages/numpy/core/__pycache__/__init__.cpython-312.pyc", O_RDONLY|O_CLOEXEC) = 3
3686887 stat("/share/pkg.8/python3/3.12.4/install/lib/python3.12/site-packages/numpy/core", {st_mode=S_IFDIR|S_ISGID|0755, st_size=4096, ...}) = 0
3686887 stat("/share/pkg.8/python3/3.12.4/install/lib/python3.12/site-packages/numpy/core", {st_mode=S_IFDIR|S_ISGID|0755, st_size=4096, ...}) = 0
3686887 stat("/share/pkg.8/python3/3.12.4/install/lib/python3.12/site-packages/numpy/core", {st_mode=S_IFDIR|S_ISGID|0755, st_size=4096, ...}) = 0
3686887 openat(AT_FDCWD, "/share/pkg.8/python3/3.12.4/install/lib/python3.12/site-packages/numpy/core", O_RDONLY|O_NONBLOCK|O_CLOEXEC|O_DIRECTORY) = 3
3686887 stat("/share/pkg.8/python3/3.12.4/install/lib/python3.12/site-packages/numpy/core/multiarray.py", {st_mode=S_IFREG|0644, st_size=56097, ...}) = 0
3686887 stat("/share/pkg.8/python3/3.12.4/install/lib/python3.12/site-packages/numpy/core/multiarray.py", {st_mode=S_IFREG|0644, st_size=56097, ...}) = 0
3686887 openat(AT_FDCWD, "/share/pkg.8/python3/3.12.4/install/lib/python3.12/site-packages/numpy/core/__pycache__/multiarray.cpython-312.pyc", O_RDONLY|O_CLOEXEC) = 3
3686887 stat("/share/pkg.8/python3/3.12.4/install/lib/python3.12/site-packages/numpy/core", {st_mode=S_IFDIR|S_ISGID|0755, st_size=4096, ...}) = 0
3686887 stat("/share/pkg.8/python3/3.12.4/install/lib/python3.12/site-packages/numpy/core/overrides.py", {st_mode=S_IFREG|0644, st_size=7093, ...}) = 0
3686887 stat("/share/pkg.8/python3/3.12.4/install/lib/python3.12/site-packages/numpy/core/overrides.py", {st_mode=S_IFREG|0644, st_size=7093, ...}) = 0
3686887 openat(AT_FDCWD, "/share/pkg.8/python3/3.12.4/install/lib/python3.12/site-packages/numpy/core/__pycache__/overrides.cpython-312.pyc", O_RDONLY|O_CLOEXEC) = 3
3686887 stat("/share/pkg.8/python3/3.12.4/install/lib/python3.12/site-packages/numpy/_utils", {st_mode=S_IFDIR|S_ISGID|0755, st_size=4096, ...}) = 0
3686887 stat("/share/pkg.8/python3/3.12.4/install/lib/python3.12/site-packages/numpy/_utils/_inspect.py", {st_mode=S_IFREG|0644, st_size=7447, ...}) = 0
3686887 stat("/share/pkg.8/python3/3.12.4/install/lib/python3.12/site-packages/numpy/_utils/_inspect.py", {st_mode=S_IFREG|0644, st_size=7447, ...}) = 0
3686887 openat(AT_FDCWD, "/share/pkg.8/python3/3.12.4/install/lib/python3.12/site-packages/numpy/_utils/__pycache__/_inspect.cpython-312.pyc", O_RDONLY|O_CLOEXEC) = 3
3686887 stat("/share/pkg.8/python3/3.12.4/install/lib/python3.12/site-packages/numpy/core", {st_mode=S_IFDIR|S_ISGID|0755, st_size=4096, ...}) = 0
3686887 stat("/share/pkg.8/python3/3.12.4/install/lib/python3.12/site-packages/numpy/core/_multiarray_umath.cpython-312-x86_64-linux-gnu.so", {st_mode=S_IFREG|0755, st_size=7430384, ...}) = 0
3686887 openat(AT_FDCWD, "/share/pkg.8/python3/3.12.4/install/lib/python3.12/site-packages/numpy/core/_multiarray_umath.cpython-312-x86_64-linux-gnu.so", O_RDONLY|O_CLOEXEC) = 3
3686887 openat(AT_FDCWD, "/share/pkg.8/flexiblas/3.3.1/install/lib64/glibc-hwcaps/x86-64-v4/libflexiblas.so.3", O_RDONLY|O_CLOEXEC) = -1 ENOENT (No such file or directory)
3686887 stat("/share/pkg.8/flexiblas/3.3.1/install/lib64/glibc-hwcaps/x86-64-v4", 0x7ffdb9189430) = -1 ENOENT (No such file or directory)
3686887 openat(AT_FDCWD, "/share/pkg.8/flexiblas/3.3.1/install/lib64/glibc-hwcaps/x86-64-v3/libflexiblas.so.3", O_RDONLY|O_CLOEXEC) = -1 ENOENT (No such file or directory)
3686887 stat("/share/pkg.8/flexiblas/3.3.1/install/lib64/glibc-hwcaps/x86-64-v3", 0x7ffdb9189430) = -1 ENOENT (No such file or directory)
3686887 openat(AT_FDCWD, "/share/pkg.8/flexiblas/3.3.1/install/lib64/glibc-hwcaps/x86-64-v2/libflexiblas.so.3", O_RDONLY|O_CLOEXEC) = -1 ENOENT (No such file or directory)
3686887 stat("/share/pkg.8/flexiblas/3.3.1/install/lib64/glibc-hwcaps/x86-64-v2", 0x7ffdb9189430) = -1 ENOENT (No such file or directory)
3686887 openat(AT_FDCWD, "/share/pkg.8/flexiblas/3.3.1/install/lib64/tls/haswell/avx512_1/x86_64/libflexiblas.so.3", O_RDONLY|O_CLOEXEC) = -1 ENOENT (No such file or directory)
3686887 stat("/share/pkg.8/flexiblas/3.3.1/install/lib64/tls/haswell/avx512_1/x86_64", 0x7ffdb9189430) = -1 ENOENT (No such file or directory)
3686887 openat(AT_FDCWD, "/share/pkg.8/flexiblas/3.3.1/install/lib64/tls/haswell/avx512_1/libflexiblas.so.3", O_RDONLY|O_CLOEXEC) = -1 ENOENT (No such file or directory)
3686887 stat("/share/pkg.8/flexiblas/3.3.1/install/lib64/tls/haswell/avx512_1", 0x7ffdb9189430) = -1 ENOENT (No such file or directory)
3686887 openat(AT_FDCWD, "/share/pkg.8/flexiblas/3.3.1/install/lib64/tls/haswell/x86_64/libflexiblas.so.3", O_RDONLY|O_CLOEXEC) = -1 ENOENT (No such file or directory)
3686887 stat("/share/pkg.8/flexiblas/3.3.1/install/lib64/tls/haswell/x86_64", 0x7ffdb9189430) = -1 ENOENT (No such file or directory)
3686887 openat(AT_FDCWD, "/share/pkg.8/flexiblas/3.3.1/install/lib64/tls/haswell/libflexiblas.so.3", O_RDONLY|O_CLOEXEC) = -1 ENOENT (No such file or directory)
3686887 stat("/share/pkg.8/flexiblas/3.3.1/install/lib64/tls/haswell", 0x7ffdb9189430) = -1 ENOENT (No such file or directory)
3686887 openat(AT_FDCWD, "/share/pkg.8/flexiblas/3.3.1/install/lib64/tls/avx512_1/x86_64/libflexiblas.so.3", O_RDONLY|O_CLOEXEC) = -1 ENOENT (No such file or directory)
3686887 stat("/share/pkg.8/flexiblas/3.3.1/install/lib64/tls/avx512_1/x86_64", 0x7ffdb9189430) = -1 ENOENT (No such file or directory)
3686887 openat(AT_FDCWD, "/share/pkg.8/flexiblas/3.3.1/install/lib64/tls/avx512_1/libflexiblas.so.3", O_RDONLY|O_CLOEXEC) = -1 ENOENT (No such file or directory)
3686887 stat("/share/pkg.8/flexiblas/3.3.1/install/lib64/tls/avx512_1", 0x7ffdb9189430) = -1 ENOENT (No such file or directory)
3686887 openat(AT_FDCWD, "/share/pkg.8/flexiblas/3.3.1/install/lib64/tls/x86_64/libflexiblas.so.3", O_RDONLY|O_CLOEXEC) = -1 ENOENT (No such file or directory)
3686887 stat("/share/pkg.8/flexiblas/3.3.1/install/lib64/tls/x86_64", 0x7ffdb9189430) = -1 ENOENT (No such file or directory)
3686887 openat(AT_FDCWD, "/share/pkg.8/flexiblas/3.3.1/install/lib64/tls/libflexiblas.so.3", O_RDONLY|O_CLOEXEC) = -1 ENOENT (No such file or directory)
3686887 stat("/share/pkg.8/flexiblas/3.3.1/install/lib64/tls", 0x7ffdb9189430) = -1 ENOENT (No such file or directory)
3686887 openat(AT_FDCWD, "/share/pkg.8/flexiblas/3.3.1/install/lib64/haswell/avx512_1/x86_64/libflexiblas.so.3", O_RDONLY|O_CLOEXEC) = -1 ENOENT (No such file or directory)
3686887 stat("/share/pkg.8/flexiblas/3.3.1/install/lib64/haswell/avx512_1/x86_64", 0x7ffdb9189430) = -1 ENOENT (No such file or directory)
3686887 openat(AT_FDCWD, "/share/pkg.8/flexiblas/3.3.1/install/lib64/haswell/avx512_1/libflexiblas.so.3", O_RDONLY|O_CLOEXEC) = -1 ENOENT (No such file or directory)
3686887 stat("/share/pkg.8/flexiblas/3.3.1/install/lib64/haswell/avx512_1", 0x7ffdb9189430) = -1 ENOENT (No such file or directory)
3686887 openat(AT_FDCWD, "/share/pkg.8/flexiblas/3.3.1/install/lib64/haswell/x86_64/libflexiblas.so.3", O_RDONLY|O_CLOEXEC) = -1 ENOENT (No such file or directory)
3686887 stat("/share/pkg.8/flexiblas/3.3.1/install/lib64/haswell/x86_64", 0x7ffdb9189430) = -1 ENOENT (No such file or directory)
3686887 openat(AT_FDCWD, "/share/pkg.8/flexiblas/3.3.1/install/lib64/haswell/libflexiblas.so.3", O_RDONLY|O_CLOEXEC) = -1 ENOENT (No such file or directory)
3686887 stat("/share/pkg.8/flexiblas/3.3.1/install/lib64/haswell", 0x7ffdb9189430) = -1 ENOENT (No such file or directory)
3686887 openat(AT_FDCWD, "/share/pkg.8/flexiblas/3.3.1/install/lib64/avx512_1/x86_64/libflexiblas.so.3", O_RDONLY|O_CLOEXEC) = -1 ENOENT (No such file or directory)
3686887 stat("/share/pkg.8/flexiblas/3.3.1/install/lib64/avx512_1/x86_64", 0x7ffdb9189430) = -1 ENOENT (No such file or directory)
3686887 openat(AT_FDCWD, "/share/pkg.8/flexiblas/3.3.1/install/lib64/avx512_1/libflexiblas.so.3", O_RDONLY|O_CLOEXEC) = -1 ENOENT (No such file or directory)
3686887 stat("/share/pkg.8/flexiblas/3.3.1/install/lib64/avx512_1", 0x7ffdb9189430) = -1 ENOENT (No such file or directory)
3686887 openat(AT_FDCWD, "/share/pkg.8/flexiblas/3.3.1/install/lib64/x86_64/libflexiblas.so.3", O_RDONLY|O_CLOEXEC) = -1 ENOENT (No such file or directory)
3686887 stat("/share/pkg.8/flexiblas/3.3.1/install/lib64/x86_64", 0x7ffdb9189430) = -1 ENOENT (No such file or directory)
3686887 openat(AT_FDCWD, "/share/pkg.8/flexiblas/3.3.1/install/lib64/libflexiblas.so.3", O_RDONLY|O_CLOEXEC) = 3
3686887 openat(AT_FDCWD, "/share/pkg.8/flexiblas/3.3.1/install/lib64/libgcc_s.so.1", O_RDONLY|O_CLOEXEC) = -1 ENOENT (No such file or directory)
3686887 openat(AT_FDCWD, "/share/pkg.8/python3/3.12.4/install/lib/libgcc_s.so.1", O_RDONLY|O_CLOEXEC) = -1 ENOENT (No such file or directory)
3686887 openat(AT_FDCWD, "/share/pkg.8/gcc/12.2.0/install/lib64/libgcc_s.so.1", O_RDONLY|O_CLOEXEC) = 3
3686887 openat(AT_FDCWD, "/share/pkg.8/intel/2024.0/install/mkl/latest/lib/glibc-hwcaps/x86-64-v4/libgfortran.so.5", O_RDONLY|O_CLOEXEC) = -1 ENOENT (No such file or directory)
3686887 stat("/share/pkg.8/intel/2024.0/install/mkl/latest/lib/glibc-hwcaps/x86-64-v4", 0x7ffdb9189390) = -1 ENOENT (No such file or directory)
3686887 openat(AT_FDCWD, "/share/pkg.8/intel/2024.0/install/mkl/latest/lib/glibc-hwcaps/x86-64-v3/libgfortran.so.5", O_RDONLY|O_CLOEXEC) = -1 ENOENT (No such file or directory)
3686887 stat("/share/pkg.8/intel/2024.0/install/mkl/latest/lib/glibc-hwcaps/x86-64-v3", 0x7ffdb9189390) = -1 ENOENT (No such file or directory)
3686887 openat(AT_FDCWD, "/share/pkg.8/intel/2024.0/install/mkl/latest/lib/glibc-hwcaps/x86-64-v2/libgfortran.so.5", O_RDONLY|O_CLOEXEC) = -1 ENOENT (No such file or directory)
3686887 stat("/share/pkg.8/intel/2024.0/install/mkl/latest/lib/glibc-hwcaps/x86-64-v2", 0x7ffdb9189390) = -1 ENOENT (No such file or directory)
3686887 openat(AT_FDCWD, "/share/pkg.8/intel/2024.0/install/mkl/latest/lib/tls/haswell/avx512_1/x86_64/libgfortran.so.5", O_RDONLY|O_CLOEXEC) = -1 ENOENT (No such file or directory)
3686887 stat("/share/pkg.8/intel/2024.0/install/mkl/latest/lib/tls/haswell/avx512_1/x86_64", 0x7ffdb9189390) = -1 ENOENT (No such file or directory)
3686887 openat(AT_FDCWD, "/share/pkg.8/intel/2024.0/install/mkl/latest/lib/tls/haswell/avx512_1/libgfortran.so.5", O_RDONLY|O_CLOEXEC) = -1 ENOENT (No such file or directory)
3686887 stat("/share/pkg.8/intel/2024.0/install/mkl/latest/lib/tls/haswell/avx512_1", 0x7ffdb9189390) = -1 ENOENT (No such file or directory)
3686887 openat(AT_FDCWD, "/share/pkg.8/intel/2024.0/install/mkl/latest/lib/tls/haswell/x86_64/libgfortran.so.5", O_RDONLY|O_CLOEXEC) = -1 ENOENT (No such file or directory)
3686887 stat("/share/pkg.8/intel/2024.0/install/mkl/latest/lib/tls/haswell/x86_64", 0x7ffdb9189390) = -1 ENOENT (No such file or directory)
3686887 openat(AT_FDCWD, "/share/pkg.8/intel/2024.0/install/mkl/latest/lib/tls/haswell/libgfortran.so.5", O_RDONLY|O_CLOEXEC) = -1 ENOENT (No such file or directory)
3686887 stat("/share/pkg.8/intel/2024.0/install/mkl/latest/lib/tls/haswell", 0x7ffdb9189390) = -1 ENOENT (No such file or directory)
3686887 openat(AT_FDCWD, "/share/pkg.8/intel/2024.0/install/mkl/latest/lib/tls/avx512_1/x86_64/libgfortran.so.5", O_RDONLY|O_CLOEXEC) = -1 ENOENT (No such file or directory)
3686887 stat("/share/pkg.8/intel/2024.0/install/mkl/latest/lib/tls/avx512_1/x86_64", 0x7ffdb9189390) = -1 ENOENT (No such file or directory)
3686887 openat(AT_FDCWD, "/share/pkg.8/intel/2024.0/install/mkl/latest/lib/tls/avx512_1/libgfortran.so.5", O_RDONLY|O_CLOEXEC) = -1 ENOENT (No such file or directory)
3686887 stat("/share/pkg.8/intel/2024.0/install/mkl/latest/lib/tls/avx512_1", 0x7ffdb9189390) = -1 ENOENT (No such file or directory)
3686887 openat(AT_FDCWD, "/share/pkg.8/intel/2024.0/install/mkl/latest/lib/tls/x86_64/libgfortran.so.5", O_RDONLY|O_CLOEXEC) = -1 ENOENT (No such file or directory)
3686887 stat("/share/pkg.8/intel/2024.0/install/mkl/latest/lib/tls/x86_64", 0x7ffdb9189390) = -1 ENOENT (No such file or directory)
3686887 openat(AT_FDCWD, "/share/pkg.8/intel/2024.0/install/mkl/latest/lib/tls/libgfortran.so.5", O_RDONLY|O_CLOEXEC) = -1 ENOENT (No such file or directory)
3686887 stat("/share/pkg.8/intel/2024.0/install/mkl/latest/lib/tls", 0x7ffdb9189390) = -1 ENOENT (No such file or directory)
3686887 openat(AT_FDCWD, "/share/pkg.8/intel/2024.0/install/mkl/latest/lib/haswell/avx512_1/x86_64/libgfortran.so.5", O_RDONLY|O_CLOEXEC) = -1 ENOENT (No such file or directory)
3686887 stat("/share/pkg.8/intel/2024.0/install/mkl/latest/lib/haswell/avx512_1/x86_64", 0x7ffdb9189390) = -1 ENOENT (No such file or directory)
3686887 openat(AT_FDCWD, "/share/pkg.8/intel/2024.0/install/mkl/latest/lib/haswell/avx512_1/libgfortran.so.5", O_RDONLY|O_CLOEXEC) = -1 ENOENT (No such file or directory)
3686887 stat("/share/pkg.8/intel/2024.0/install/mkl/latest/lib/haswell/avx512_1", 0x7ffdb9189390) = -1 ENOENT (No such file or directory)
3686887 openat(AT_FDCWD, "/share/pkg.8/intel/2024.0/install/mkl/latest/lib/haswell/x86_64/libgfortran.so.5", O_RDONLY|O_CLOEXEC) = -1 ENOENT (No such file or directory)
3686887 stat("/share/pkg.8/intel/2024.0/install/mkl/latest/lib/haswell/x86_64", 0x7ffdb9189390) = -1 ENOENT (No such file or directory)
3686887 openat(AT_FDCWD, "/share/pkg.8/intel/2024.0/install/mkl/latest/lib/haswell/libgfortran.so.5", O_RDONLY|O_CLOEXEC) = -1 ENOENT (No such file or directory)
3686887 stat("/share/pkg.8/intel/2024.0/install/mkl/latest/lib/haswell", 0x7ffdb9189390) = -1 ENOENT (No such file or directory)
3686887 openat(AT_FDCWD, "/share/pkg.8/intel/2024.0/install/mkl/latest/lib/avx512_1/x86_64/libgfortran.so.5", O_RDONLY|O_CLOEXEC) = -1 ENOENT (No such file or directory)
3686887 stat("/share/pkg.8/intel/2024.0/install/mkl/latest/lib/avx512_1/x86_64", 0x7ffdb9189390) = -1 ENOENT (No such file or directory)
3686887 openat(AT_FDCWD, "/share/pkg.8/intel/2024.0/install/mkl/latest/lib/avx512_1/libgfortran.so.5", O_RDONLY|O_CLOEXEC) = -1 ENOENT (No such file or directory)
3686887 stat("/share/pkg.8/intel/2024.0/install/mkl/latest/lib/avx512_1", 0x7ffdb9189390) = -1 ENOENT (No such file or directory)
3686887 openat(AT_FDCWD, "/share/pkg.8/intel/2024.0/install/mkl/latest/lib/x86_64/libgfortran.so.5", O_RDONLY|O_CLOEXEC) = -1 ENOENT (No such file or directory)
3686887 stat("/share/pkg.8/intel/2024.0/install/mkl/latest/lib/x86_64", 0x7ffdb9189390) = -1 ENOENT (No such file or directory)
3686887 openat(AT_FDCWD, "/share/pkg.8/intel/2024.0/install/mkl/latest/lib/libgfortran.so.5", O_RDONLY|O_CLOEXEC) = -1 ENOENT (No such file or directory)
3686887 stat("/share/pkg.8/intel/2024.0/install/mkl/latest/lib", {st_mode=S_IFDIR|S_ISGID|0755, st_size=8192, ...}) = 0
3686887 openat(AT_FDCWD, "/share/pkg.8/flexiblas/3.3.1/install/lib64/libgfortran.so.5", O_RDONLY|O_CLOEXEC) = -1 ENOENT (No such file or directory)
3686887 openat(AT_FDCWD, "/share/pkg.8/python3/3.12.4/install/lib/libgfortran.so.5", O_RDONLY|O_CLOEXEC) = -1 ENOENT (No such file or directory)
3686887 openat(AT_FDCWD, "/share/pkg.8/gcc/12.2.0/install/lib64/libgfortran.so.5", O_RDONLY|O_CLOEXEC) = 3
3686887 openat(AT_FDCWD, "/share/pkg.8/intel/2024.0/install/mkl/latest/lib/libquadmath.so.0", O_RDONLY|O_CLOEXEC) = -1 ENOENT (No such file or directory)
3686887 openat(AT_FDCWD, "/share/pkg.8/flexiblas/3.3.1/install/lib64/libquadmath.so.0", O_RDONLY|O_CLOEXEC) = -1 ENOENT (No such file or directory)
3686887 openat(AT_FDCWD, "/share/pkg.8/python3/3.12.4/install/lib/libquadmath.so.0", O_RDONLY|O_CLOEXEC) = -1 ENOENT (No such file or directory)
3686887 openat(AT_FDCWD, "/share/pkg.8/gcc/12.2.0/install/lib64/libquadmath.so.0", O_RDONLY|O_CLOEXEC) = 3
3686887 access("/share/pkg.8/flexiblas/3.3.1/install/etc/flexiblasrc", F_OK) = 0
3686887 openat(AT_FDCWD, "/share/pkg.8/flexiblas/3.3.1/install/etc/flexiblasrc", O_RDONLY) = 3
3686887 lstat("/share", {st_mode=S_IFDIR|0755, st_size=4096, ...}) = 0
3686887 lstat("/share/pkg.8", {st_mode=S_IFDIR|S_ISGID|0775, st_size=16384, ...}) = 0
3686887 lstat("/share/pkg.8/flexiblas", {st_mode=S_IFDIR|S_ISGID|0775, st_size=4096, ...}) = 0
3686887 lstat("/share/pkg.8/flexiblas/3.3.1", {st_mode=S_IFDIR|S_ISGID|0755, st_size=4096, ...}) = 0
3686887 lstat("/share/pkg.8/flexiblas/3.3.1/install", {st_mode=S_IFDIR|S_ISGID|0755, st_size=4096, ...}) = 0
3686887 lstat("/share/pkg.8/flexiblas/3.3.1/install/etc", {st_mode=S_IFDIR|S_ISGID|0755, st_size=4096, ...}) = 0
3686887 lstat("/share/pkg.8/flexiblas/3.3.1/install/etc/flexiblasrc", {st_mode=S_IFREG|0644, st_size=18, ...}) = 0
3686887 stat("/share/pkg.8/flexiblas/3.3.1/install/etc/flexiblasrc.d/", {st_mode=S_IFDIR|S_ISGID|0755, st_size=4096, ...}) = 0
3686887 openat(AT_FDCWD, "/share/pkg.8/flexiblas/3.3.1/install/etc/flexiblasrc.d/", O_RDONLY|O_NONBLOCK|O_CLOEXEC|O_DIRECTORY) = 3
3686887 openat(AT_FDCWD, "/share/pkg.8/flexiblas/3.3.1/install/etc/flexiblasrc.d//AOCL.conf", O_RDONLY) = 4
3686887 lstat("/share", {st_mode=S_IFDIR|0755, st_size=4096, ...}) = 0
3686887 lstat("/share/pkg.8", {st_mode=S_IFDIR|S_ISGID|0775, st_size=16384, ...}) = 0
3686887 lstat("/share/pkg.8/flexiblas", {st_mode=S_IFDIR|S_ISGID|0775, st_size=4096, ...}) = 0
3686887 lstat("/share/pkg.8/flexiblas/3.3.1", {st_mode=S_IFDIR|S_ISGID|0755, st_size=4096, ...}) = 0
3686887 lstat("/share/pkg.8/flexiblas/3.3.1/install", {st_mode=S_IFDIR|S_ISGID|0755, st_size=4096, ...}) = 0
3686887 lstat("/share/pkg.8/flexiblas/3.3.1/install/etc", {st_mode=S_IFDIR|S_ISGID|0755, st_size=4096, ...}) = 0
3686887 lstat("/share/pkg.8/flexiblas/3.3.1/install/etc/flexiblasrc.d", {st_mode=S_IFDIR|S_ISGID|0755, st_size=4096, ...}) = 0
3686887 lstat("/share/pkg.8/flexiblas/3.3.1/install/etc/flexiblasrc.d/AOCL.conf", {st_mode=S_IFREG|0644, st_size=40, ...}) = 0
3686887 openat(AT_FDCWD, "/share/pkg.8/flexiblas/3.3.1/install/etc/flexiblasrc.d//MklOpenMP.conf", O_RDONLY) = 4
3686887 lstat("/share", {st_mode=S_IFDIR|0755, st_size=4096, ...}) = 0
3686887 lstat("/share/pkg.8", {st_mode=S_IFDIR|S_ISGID|0775, st_size=16384, ...}) = 0
3686887 lstat("/share/pkg.8/flexiblas", {st_mode=S_IFDIR|S_ISGID|0775, st_size=4096, ...}) = 0
3686887 lstat("/share/pkg.8/flexiblas/3.3.1", {st_mode=S_IFDIR|S_ISGID|0755, st_size=4096, ...}) = 0
3686887 lstat("/share/pkg.8/flexiblas/3.3.1/install", {st_mode=S_IFDIR|S_ISGID|0755, st_size=4096, ...}) = 0
3686887 lstat("/share/pkg.8/flexiblas/3.3.1/install/etc", {st_mode=S_IFDIR|S_ISGID|0755, st_size=4096, ...}) = 0
3686887 lstat("/share/pkg.8/flexiblas/3.3.1/install/etc/flexiblasrc.d", {st_mode=S_IFDIR|S_ISGID|0755, st_size=4096, ...}) = 0
3686887 lstat("/share/pkg.8/flexiblas/3.3.1/install/etc/flexiblasrc.d/MklOpenMP.conf", {st_mode=S_IFREG|0644, st_size=50, ...}) = 0
3686887 openat(AT_FDCWD, "/share/pkg.8/flexiblas/3.3.1/install/etc/flexiblasrc.d//BlisOpenMP.conf", O_RDONLY) = 4
3686887 lstat("/share", {st_mode=S_IFDIR|0755, st_size=4096, ...}) = 0
3686887 lstat("/share/pkg.8", {st_mode=S_IFDIR|S_ISGID|0775, st_size=16384, ...}) = 0
3686887 lstat("/share/pkg.8/flexiblas", {st_mode=S_IFDIR|S_ISGID|0775, st_size=4096, ...}) = 0
3686887 lstat("/share/pkg.8/flexiblas/3.3.1", {st_mode=S_IFDIR|S_ISGID|0755, st_size=4096, ...}) = 0
3686887 lstat("/share/pkg.8/flexiblas/3.3.1/install", {st_mode=S_IFDIR|S_ISGID|0755, st_size=4096, ...}) = 0
3686887 lstat("/share/pkg.8/flexiblas/3.3.1/install/etc", {st_mode=S_IFDIR|S_ISGID|0755, st_size=4096, ...}) = 0
3686887 lstat("/share/pkg.8/flexiblas/3.3.1/install/etc/flexiblasrc.d", {st_mode=S_IFDIR|S_ISGID|0755, st_size=4096, ...}) = 0
3686887 lstat("/share/pkg.8/flexiblas/3.3.1/install/etc/flexiblasrc.d/BlisOpenMP.conf", {st_mode=S_IFREG|0644, st_size=52, ...}) = 0
3686887 openat(AT_FDCWD, "/share/pkg.8/flexiblas/3.3.1/install/etc/flexiblasrc.d//AOCL_Serial.conf", O_RDONLY) = 4
3686887 lstat("/share", {st_mode=S_IFDIR|0755, st_size=4096, ...}) = 0
3686887 lstat("/share/pkg.8", {st_mode=S_IFDIR|S_ISGID|0775, st_size=16384, ...}) = 0
3686887 lstat("/share/pkg.8/flexiblas", {st_mode=S_IFDIR|S_ISGID|0775, st_size=4096, ...}) = 0
3686887 lstat("/share/pkg.8/flexiblas/3.3.1", {st_mode=S_IFDIR|S_ISGID|0755, st_size=4096, ...}) = 0
3686887 lstat("/share/pkg.8/flexiblas/3.3.1/install", {st_mode=S_IFDIR|S_ISGID|0755, st_size=4096, ...}) = 0
3686887 lstat("/share/pkg.8/flexiblas/3.3.1/install/etc", {st_mode=S_IFDIR|S_ISGID|0755, st_size=4096, ...}) = 0
3686887 lstat("/share/pkg.8/flexiblas/3.3.1/install/etc/flexiblasrc.d", {st_mode=S_IFDIR|S_ISGID|0755, st_size=4096, ...}) = 0
3686887 lstat("/share/pkg.8/flexiblas/3.3.1/install/etc/flexiblasrc.d/AOCL_Serial.conf", {st_mode=S_IFREG|0644, st_size=54, ...}) = 0
3686887 openat(AT_FDCWD, "/share/pkg.8/flexiblas/3.3.1/install/etc/flexiblasrc.d//BlisSerial.conf", O_RDONLY) = 4
3686887 lstat("/share", {st_mode=S_IFDIR|0755, st_size=4096, ...}) = 0
3686887 lstat("/share/pkg.8", {st_mode=S_IFDIR|S_ISGID|0775, st_size=16384, ...}) = 0
3686887 lstat("/share/pkg.8/flexiblas", {st_mode=S_IFDIR|S_ISGID|0775, st_size=4096, ...}) = 0
3686887 lstat("/share/pkg.8/flexiblas/3.3.1", {st_mode=S_IFDIR|S_ISGID|0755, st_size=4096, ...}) = 0
3686887 lstat("/share/pkg.8/flexiblas/3.3.1/install", {st_mode=S_IFDIR|S_ISGID|0755, st_size=4096, ...}) = 0
3686887 lstat("/share/pkg.8/flexiblas/3.3.1/install/etc", {st_mode=S_IFDIR|S_ISGID|0755, st_size=4096, ...}) = 0
3686887 lstat("/share/pkg.8/flexiblas/3.3.1/install/etc/flexiblasrc.d", {st_mode=S_IFDIR|S_ISGID|0755, st_size=4096, ...}) = 0
3686887 lstat("/share/pkg.8/flexiblas/3.3.1/install/etc/flexiblasrc.d/BlisSerial.conf", {st_mode=S_IFREG|0644, st_size=52, ...}) = 0
3686887 openat(AT_FDCWD, "/share/pkg.8/flexiblas/3.3.1/install/etc/flexiblasrc.d//OpenBLASOpenMP.conf", O_RDONLY) = 4
3686887 lstat("/share", {st_mode=S_IFDIR|0755, st_size=4096, ...}) = 0
3686887 lstat("/share/pkg.8", {st_mode=S_IFDIR|S_ISGID|0775, st_size=16384, ...}) = 0
3686887 lstat("/share/pkg.8/flexiblas", {st_mode=S_IFDIR|S_ISGID|0775, st_size=4096, ...}) = 0
3686887 lstat("/share/pkg.8/flexiblas/3.3.1", {st_mode=S_IFDIR|S_ISGID|0755, st_size=4096, ...}) = 0
3686887 lstat("/share/pkg.8/flexiblas/3.3.1/install", {st_mode=S_IFDIR|S_ISGID|0755, st_size=4096, ...}) = 0
3686887 lstat("/share/pkg.8/flexiblas/3.3.1/install/etc", {st_mode=S_IFDIR|S_ISGID|0755, st_size=4096, ...}) = 0
3686887 lstat("/share/pkg.8/flexiblas/3.3.1/install/etc/flexiblasrc.d", {st_mode=S_IFDIR|S_ISGID|0755, st_size=4096, ...}) = 0
3686887 lstat("/share/pkg.8/flexiblas/3.3.1/install/etc/flexiblasrc.d/OpenBLASOpenMP.conf", {st_mode=S_IFREG|0644, st_size=60, ...}) = 0
3686887 openat(AT_FDCWD, "/share/pkg.8/flexiblas/3.3.1/install/etc/flexiblasrc.d//MklSerial.conf", O_RDONLY) = 4
3686887 lstat("/share", {st_mode=S_IFDIR|0755, st_size=4096, ...}) = 0
3686887 lstat("/share/pkg.8", {st_mode=S_IFDIR|S_ISGID|0775, st_size=16384, ...}) = 0
3686887 lstat("/share/pkg.8/flexiblas", {st_mode=S_IFDIR|S_ISGID|0775, st_size=4096, ...}) = 0
3686887 lstat("/share/pkg.8/flexiblas/3.3.1", {st_mode=S_IFDIR|S_ISGID|0755, st_size=4096, ...}) = 0
3686887 lstat("/share/pkg.8/flexiblas/3.3.1/install", {st_mode=S_IFDIR|S_ISGID|0755, st_size=4096, ...}) = 0
3686887 lstat("/share/pkg.8/flexiblas/3.3.1/install/etc", {st_mode=S_IFDIR|S_ISGID|0755, st_size=4096, ...}) = 0
3686887 lstat("/share/pkg.8/flexiblas/3.3.1/install/etc/flexiblasrc.d", {st_mode=S_IFDIR|S_ISGID|0755, st_size=4096, ...}) = 0
3686887 lstat("/share/pkg.8/flexiblas/3.3.1/install/etc/flexiblasrc.d/MklSerial.conf", {st_mode=S_IFREG|0644, st_size=50, ...}) = 0
3686887 openat(AT_FDCWD, "/share/pkg.8/flexiblas/3.3.1/install/etc/flexiblasrc.d//NETLIB.conf", O_RDONLY) = 4
3686887 lstat("/share", {st_mode=S_IFDIR|0755, st_size=4096, ...}) = 0
3686887 lstat("/share/pkg.8", {st_mode=S_IFDIR|S_ISGID|0775, st_size=16384, ...}) = 0
3686887 lstat("/share/pkg.8/flexiblas", {st_mode=S_IFDIR|S_ISGID|0775, st_size=4096, ...}) = 0
3686887 lstat("/share/pkg.8/flexiblas/3.3.1", {st_mode=S_IFDIR|S_ISGID|0755, st_size=4096, ...}) = 0
3686887 lstat("/share/pkg.8/flexiblas/3.3.1/install", {st_mode=S_IFDIR|S_ISGID|0755, st_size=4096, ...}) = 0
3686887 lstat("/share/pkg.8/flexiblas/3.3.1/install/etc", {st_mode=S_IFDIR|S_ISGID|0755, st_size=4096, ...}) = 0
3686887 lstat("/share/pkg.8/flexiblas/3.3.1/install/etc/flexiblasrc.d", {st_mode=S_IFDIR|S_ISGID|0755, st_size=4096, ...}) = 0
3686887 lstat("/share/pkg.8/flexiblas/3.3.1/install/etc/flexiblasrc.d/NETLIB.conf", {st_mode=S_IFREG|0644, st_size=44, ...}) = 0
3686887 openat(AT_FDCWD, "/share/pkg.8/flexiblas/3.3.1/install/etc/flexiblasrc.d//ATLAS.conf", O_RDONLY) = 4
3686887 lstat("/share", {st_mode=S_IFDIR|0755, st_size=4096, ...}) = 0
3686887 lstat("/share/pkg.8", {st_mode=S_IFDIR|S_ISGID|0775, st_size=16384, ...}) = 0
3686887 lstat("/share/pkg.8/flexiblas", {st_mode=S_IFDIR|S_ISGID|0775, st_size=4096, ...}) = 0
3686887 lstat("/share/pkg.8/flexiblas/3.3.1", {st_mode=S_IFDIR|S_ISGID|0755, st_size=4096, ...}) = 0
3686887 lstat("/share/pkg.8/flexiblas/3.3.1/install", {st_mode=S_IFDIR|S_ISGID|0755, st_size=4096, ...}) = 0
3686887 lstat("/share/pkg.8/flexiblas/3.3.1/install/etc", {st_mode=S_IFDIR|S_ISGID|0755, st_size=4096, ...}) = 0
3686887 lstat("/share/pkg.8/flexiblas/3.3.1/install/etc/flexiblasrc.d", {st_mode=S_IFDIR|S_ISGID|0755, st_size=4096, ...}) = 0
3686887 lstat("/share/pkg.8/flexiblas/3.3.1/install/etc/flexiblasrc.d/ATLAS.conf", {st_mode=S_IFREG|0644, st_size=42, ...}) = 0
3686887 access("/usr4/ugrad/rgangopa/.flexiblasrc", F_OK) = -1 ENOENT (No such file or directory)
3686887 access("/usr4/ugrad/rgangopa/.flexiblasrc.scc-yi3", F_OK) = -1 ENOENT (No such file or directory)
3686887 openat(AT_FDCWD, "/share/pkg.8/flexiblas/3.3.1/install/lib64/flexiblas/", O_RDONLY|O_NONBLOCK|O_CLOEXEC|O_DIRECTORY) = 3
3686887 stat("/share/pkg.8/flexiblas/3.3.1/install/lib64/flexiblas//libflexiblas_hook_profile.so", {st_mode=S_IFREG|0755, st_size=1315760, ...}) = 0
3686887 stat("/share/pkg.8/flexiblas/3.3.1/install/lib64/flexiblas//libflexiblas_hook_profile.so", {st_mode=S_IFREG|0755, st_size=1315760, ...}) = 0
3686887 openat(AT_FDCWD, "/share/pkg.8/flexiblas/3.3.1/install/lib64/flexiblas//libflexiblas_hook_profile.so", O_RDONLY|O_CLOEXEC) = 4
3686887 stat("/share/pkg.8/flexiblas/3.3.1/install/lib64/flexiblas//libflexiblas_hook_dummy.so", {st_mode=S_IFREG|0755, st_size=13832, ...}) = 0
3686887 stat("/share/pkg.8/flexiblas/3.3.1/install/lib64/flexiblas//libflexiblas_hook_dummy.so", {st_mode=S_IFREG|0755, st_size=13832, ...}) = 0
3686887 openat(AT_FDCWD, "/share/pkg.8/flexiblas/3.3.1/install/lib64/flexiblas//libflexiblas_hook_dummy.so", O_RDONLY|O_CLOEXEC) = 4
3686887 access("libflexiblas_netlib.so", R_OK) = -1 ENOENT (No such file or directory)
3686887 stat("/share/pkg.8/flexiblas/3.3.1/install/lib64/flexiblas//libflexiblas_netlib.so", {st_mode=S_IFREG|0755, st_size=635360, ...}) = 0
3686887 openat(AT_FDCWD, "/share/pkg.8/flexiblas/3.3.1/install/lib64/flexiblas//libflexiblas_netlib.so", O_RDONLY|O_CLOEXEC) = 3
3686887 access("libflexiblas_fallback_lapack.so", R_OK) = -1 ENOENT (No such file or directory)
3686887 stat("/share/pkg.8/flexiblas/3.3.1/install/lib64/flexiblas//libflexiblas_fallback_lapack.so", {st_mode=S_IFREG|0755, st_size=9870112, ...}) = 0
3686887 openat(AT_FDCWD, "/share/pkg.8/flexiblas/3.3.1/install/lib64/flexiblas//libflexiblas_fallback_lapack.so", O_RDONLY|O_CLOEXEC) = 3
3686887 access("MKLOPENMP", R_OK)       = -1 ENOENT (No such file or directory)
3686887 stat("/share/pkg.8/flexiblas/3.3.1/install/lib64/flexiblas//MKLOPENMP", 0x7ffdb9161e30) = -1 ENOENT (No such file or directory)
3686887 access("libflexiblas_mklopenmp.so", R_OK) = -1 ENOENT (No such file or directory)
3686887 stat("/share/pkg.8/flexiblas/3.3.1/install/lib64/flexiblas//libflexiblas_mklopenmp.so", {st_mode=S_IFREG|0755, st_size=44936, ...}) = 0
3686887 openat(AT_FDCWD, "/share/pkg.8/flexiblas/3.3.1/install/lib64/flexiblas//libflexiblas_mklopenmp.so", O_RDONLY|O_CLOEXEC) = 3
3686887 openat(AT_FDCWD, "/share/pkg.8/intel/2024.0/install/mkl/latest/lib/libmkl_gf_lp64.so.2", O_RDONLY|O_CLOEXEC) = 3
3686887 openat(AT_FDCWD, "/share/pkg.8/intel/2024.0/install/mkl/latest/lib/libmkl_gnu_thread.so.2", O_RDONLY|O_CLOEXEC) = 3
3686887 openat(AT_FDCWD, "/share/pkg.8/intel/2024.0/install/mkl/latest/lib/libmkl_core.so.2", O_RDONLY|O_CLOEXEC) = 3
3686887 openat(AT_FDCWD, "/share/pkg.8/intel/2024.0/install/mkl/latest/lib/libgomp.so.1", O_RDONLY|O_CLOEXEC) = -1 ENOENT (No such file or directory)
3686887 openat(AT_FDCWD, "/share/pkg.8/python3/3.12.4/install/lib/libgomp.so.1", O_RDONLY|O_CLOEXEC) = -1 ENOENT (No such file or directory)
3686887 openat(AT_FDCWD, "/share/pkg.8/gcc/12.2.0/install/lib64/libgomp.so.1", O_RDONLY|O_CLOEXEC) = 3
3686887 openat(AT_FDCWD, "/sys/devices/system/cpu", O_RDONLY|O_NONBLOCK|O_CLOEXEC|O_DIRECTORY) = 3
3686887 getcwd("/projectnb/rcs-intern/reetom/sif", 4096) = 33
3686887 getcwd("/projectnb/rcs-intern/reetom/sif", 4096) = 33
3686887 getcwd("/projectnb/rcs-intern/reetom/sif", 4096) = 33
3686887 getcwd("/projectnb/rcs-intern/reetom/sif", 4096) = 33
3686887 stat("/projectnb/rcs-intern/reetom/sif", {st_mode=S_IFDIR|S_ISGID|0755, st_size=4096, ...}) = 0
3686887 stat("/share/pkg.8/python3/3.12.4/install/lib/python3.12", {st_mode=S_IFDIR|S_ISGID|0755, st_size=8192, ...}) = 0
3686887 stat("/share/pkg.8/python3/3.12.4/install/lib/python3.12/datetime.py", {st_mode=S_IFREG|0644, st_size=268, ...}) = 0
3686887 stat("/share/pkg.8/python3/3.12.4/install/lib/python3.12/datetime.py", {st_mode=S_IFREG|0644, st_size=268, ...}) = 0
3686887 openat(AT_FDCWD, "/share/pkg.8/python3/3.12.4/install/lib/python3.12/__pycache__/datetime.cpython-312.pyc", O_RDONLY|O_CLOEXEC) = 3
3686887 stat("/projectnb/rcs-intern/reetom/sif", {st_mode=S_IFDIR|S_ISGID|0755, st_size=4096, ...}) = 0
3686887 stat("/share/pkg.8/python3/3.12.4/install/lib/python3.12", {st_mode=S_IFDIR|S_ISGID|0755, st_size=8192, ...}) = 0
3686887 stat("/share/pkg.8/python3/3.12.4/install/lib/python3.12/lib-dynload", {st_mode=S_IFDIR|S_ISGID|0755, st_size=8192, ...}) = 0
3686887 stat("/share/pkg.8/python3/3.12.4/install/lib/python3.12/lib-dynload/_datetime.cpython-312-x86_64-linux-gnu.so", {st_mode=S_IFREG|0755, st_size=727120, ...}) = 0
3686887 openat(AT_FDCWD, "/share/pkg.8/python3/3.12.4/install/lib/python3.12/lib-dynload/_datetime.cpython-312-x86_64-linux-gnu.so", O_RDONLY|O_CLOEXEC) = 3
3686887 stat("/share/pkg.8/python3/3.12.4/install/lib/python3.12/site-packages/numpy/core", {st_mode=S_IFDIR|S_ISGID|0755, st_size=4096, ...}) = 0
3686887 stat("/share/pkg.8/python3/3.12.4/install/lib/python3.12/site-packages/numpy/core/_exceptions.py", {st_mode=S_IFREG|0644, st_size=5379, ...}) = 0
3686887 stat("/share/pkg.8/python3/3.12.4/install/lib/python3.12/site-packages/numpy/core/_exceptions.py", {st_mode=S_IFREG|0644, st_size=5379, ...}) = 0
3686887 openat(AT_FDCWD, "/share/pkg.8/python3/3.12.4/install/lib/python3.12/site-packages/numpy/core/__pycache__/_exceptions.cpython-312.pyc", O_RDONLY|O_CLOEXEC) = 3
3686887 stat("/share/pkg.8/python3/3.12.4/install/lib/python3.12/site-packages/numpy", {st_mode=S_IFDIR|S_ISGID|0755, st_size=4096, ...}) = 0
3686887 stat("/share/pkg.8/python3/3.12.4/install/lib/python3.12/site-packages/numpy/dtypes.py", {st_mode=S_IFREG|0644, st_size=2229, ...}) = 0
3686887 stat("/share/pkg.8/python3/3.12.4/install/lib/python3.12/site-packages/numpy/dtypes.py", {st_mode=S_IFREG|0644, st_size=2229, ...}) = 0
3686887 openat(AT_FDCWD, "/share/pkg.8/python3/3.12.4/install/lib/python3.12/site-packages/numpy/__pycache__/dtypes.cpython-312.pyc", O_RDONLY|O_CLOEXEC) = 3
3686887 stat("/share/pkg.8/python3/3.12.4/install/lib/python3.12/site-packages/numpy/core", {st_mode=S_IFDIR|S_ISGID|0755, st_size=4096, ...}) = 0
3686887 stat("/share/pkg.8/python3/3.12.4/install/lib/python3.12/site-packages/numpy/core/umath.py", {st_mode=S_IFREG|0644, st_size=2040, ...}) = 0
3686887 stat("/share/pkg.8/python3/3.12.4/install/lib/python3.12/site-packages/numpy/core/umath.py", {st_mode=S_IFREG|0644, st_size=2040, ...}) = 0
3686887 openat(AT_FDCWD, "/share/pkg.8/python3/3.12.4/install/lib/python3.12/site-packages/numpy/core/__pycache__/umath.cpython-312.pyc", O_RDONLY|O_CLOEXEC) = 3
3686887 stat("/share/pkg.8/python3/3.12.4/install/lib/python3.12/site-packages/numpy/core", {st_mode=S_IFDIR|S_ISGID|0755, st_size=4096, ...}) = 0
3686887 stat("/share/pkg.8/python3/3.12.4/install/lib/python3.12/site-packages/numpy/core/numerictypes.py", {st_mode=S_IFREG|0644, st_size=18098, ...}) = 0
3686887 stat("/share/pkg.8/python3/3.12.4/install/lib/python3.12/site-packages/numpy/core/numerictypes.py", {st_mode=S_IFREG|0644, st_size=18098, ...}) = 0
3686887 openat(AT_FDCWD, "/share/pkg.8/python3/3.12.4/install/lib/python3.12/site-packages/numpy/core/__pycache__/numerictypes.cpython-312.pyc", O_RDONLY|O_CLOEXEC) = 3
3686887 stat("/projectnb/rcs-intern/reetom/sif", {st_mode=S_IFDIR|S_ISGID|0755, st_size=4096, ...}) = 0
3686887 stat("/share/pkg.8/python3/3.12.4/install/lib/python3.12", {st_mode=S_IFDIR|S_ISGID|0755, st_size=8192, ...}) = 0
3686887 stat("/share/pkg.8/python3/3.12.4/install/lib/python3.12/numbers.py", {st_mode=S_IFREG|0644, st_size=11467, ...}) = 0
3686887 stat("/share/pkg.8/python3/3.12.4/install/lib/python3.12/numbers.py", {st_mode=S_IFREG|0644, st_size=11467, ...}) = 0
3686887 openat(AT_FDCWD, "/share/pkg.8/python3/3.12.4/install/lib/python3.12/__pycache__/numbers.cpython-312.pyc", O_RDONLY|O_CLOEXEC) = 3
3686887 stat("/share/pkg.8/python3/3.12.4/install/lib/python3.12/site-packages/numpy/core", {st_mode=S_IFDIR|S_ISGID|0755, st_size=4096, ...}) = 0
3686887 stat("/share/pkg.8/python3/3.12.4/install/lib/python3.12/site-packages/numpy/core/_string_helpers.py", {st_mode=S_IFREG|0644, st_size=2852, ...}) = 0
3686887 stat("/share/pkg.8/python3/3.12.4/install/lib/python3.12/site-packages/numpy/core/_string_helpers.py", {st_mode=S_IFREG|0644, st_size=2852, ...}) = 0
3686887 openat(AT_FDCWD, "/share/pkg.8/python3/3.12.4/install/lib/python3.12/site-packages/numpy/core/__pycache__/_string_helpers.cpython-312.pyc", O_RDONLY|O_CLOEXEC) = 3
3686887 stat("/share/pkg.8/python3/3.12.4/install/lib/python3.12/site-packages/numpy/core", {st_mode=S_IFDIR|S_ISGID|0755, st_size=4096, ...}) = 0
3686887 stat("/share/pkg.8/python3/3.12.4/install/lib/python3.12/site-packages/numpy/core/_type_aliases.py", {st_mode=S_IFREG|0644, st_size=7534, ...}) = 0
3686887 stat("/share/pkg.8/python3/3.12.4/install/lib/python3.12/site-packages/numpy/core/_type_aliases.py", {st_mode=S_IFREG|0644, st_size=7534, ...}) = 0
3686887 openat(AT_FDCWD, "/share/pkg.8/python3/3.12.4/install/lib/python3.12/site-packages/numpy/core/__pycache__/_type_aliases.cpython-312.pyc", O_RDONLY|O_CLOEXEC) = 3
3686887 stat("/share/pkg.8/python3/3.12.4/install/lib/python3.12/site-packages/numpy", {st_mode=S_IFDIR|S_ISGID|0755, st_size=4096, ...}) = 0
3686887 stat("/share/pkg.8/python3/3.12.4/install/lib/python3.12/site-packages/numpy/compat/__init__.cpython-312-x86_64-linux-gnu.so", 0x7ffdb918acc0) = -1 ENOENT (No such file or directory)
3686887 stat("/share/pkg.8/python3/3.12.4/install/lib/python3.12/site-packages/numpy/compat/__init__.abi3.so", 0x7ffdb918acc0) = -1 ENOENT (No such file or directory)
3686887 stat("/share/pkg.8/python3/3.12.4/install/lib/python3.12/site-packages/numpy/compat/__init__.so", 0x7ffdb918acc0) = -1 ENOENT (No such file or directory)
3686887 stat("/share/pkg.8/python3/3.12.4/install/lib/python3.12/site-packages/numpy/compat/__init__.py", {st_mode=S_IFREG|0644, st_size=448, ...}) = 0
3686887 stat("/share/pkg.8/python3/3.12.4/install/lib/python3.12/site-packages/numpy/compat/__init__.py", {st_mode=S_IFREG|0644, st_size=448, ...}) = 0
3686887 openat(AT_FDCWD, "/share/pkg.8/python3/3.12.4/install/lib/python3.12/site-packages/numpy/compat/__pycache__/__init__.cpython-312.pyc", O_RDONLY|O_CLOEXEC) = 3
3686887 stat("/share/pkg.8/python3/3.12.4/install/lib/python3.12/site-packages/numpy/compat", {st_mode=S_IFDIR|S_ISGID|0755, st_size=4096, ...}) = 0
3686887 stat("/share/pkg.8/python3/3.12.4/install/lib/python3.12/site-packages/numpy/compat", {st_mode=S_IFDIR|S_ISGID|0755, st_size=4096, ...}) = 0
3686887 stat("/share/pkg.8/python3/3.12.4/install/lib/python3.12/site-packages/numpy/compat", {st_mode=S_IFDIR|S_ISGID|0755, st_size=4096, ...}) = 0
3686887 openat(AT_FDCWD, "/share/pkg.8/python3/3.12.4/install/lib/python3.12/site-packages/numpy/compat", O_RDONLY|O_NONBLOCK|O_CLOEXEC|O_DIRECTORY) = 3
3686887 stat("/share/pkg.8/python3/3.12.4/install/lib/python3.12/site-packages/numpy/compat/py3k.py", {st_mode=S_IFREG|0644, st_size=3833, ...}) = 0
3686887 stat("/share/pkg.8/python3/3.12.4/install/lib/python3.12/site-packages/numpy/compat/py3k.py", {st_mode=S_IFREG|0644, st_size=3833, ...}) = 0
3686887 openat(AT_FDCWD, "/share/pkg.8/python3/3.12.4/install/lib/python3.12/site-packages/numpy/compat/__pycache__/py3k.cpython-312.pyc", O_RDONLY|O_CLOEXEC) = 3
3686887 stat("/projectnb/rcs-intern/reetom/sif", {st_mode=S_IFDIR|S_ISGID|0755, st_size=4096, ...}) = 0
3686887 stat("/share/pkg.8/python3/3.12.4/install/lib/python3.12", {st_mode=S_IFDIR|S_ISGID|0755, st_size=8192, ...}) = 0
3686887 stat("/share/pkg.8/python3/3.12.4/install/lib/python3.12/pathlib.py", {st_mode=S_IFREG|0644, st_size=51108, ...}) = 0
3686887 stat("/share/pkg.8/python3/3.12.4/install/lib/python3.12/pathlib.py", {st_mode=S_IFREG|0644, st_size=51108, ...}) = 0
3686887 openat(AT_FDCWD, "/share/pkg.8/python3/3.12.4/install/lib/python3.12/__pycache__/pathlib.cpython-312.pyc", O_RDONLY|O_CLOEXEC) = 3
3686887 stat("/projectnb/rcs-intern/reetom/sif", {st_mode=S_IFDIR|S_ISGID|0755, st_size=4096, ...}) = 0
3686887 stat("/share/pkg.8/python3/3.12.4/install/lib/python3.12", {st_mode=S_IFDIR|S_ISGID|0755, st_size=8192, ...}) = 0
3686887 stat("/share/pkg.8/python3/3.12.4/install/lib/python3.12/fnmatch.py", {st_mode=S_IFREG|0644, st_size=5999, ...}) = 0
3686887 stat("/share/pkg.8/python3/3.12.4/install/lib/python3.12/fnmatch.py", {st_mode=S_IFREG|0644, st_size=5999, ...}) = 0
3686887 openat(AT_FDCWD, "/share/pkg.8/python3/3.12.4/install/lib/python3.12/__pycache__/fnmatch.cpython-312.pyc", O_RDONLY|O_CLOEXEC) = 3
3686887 stat("/projectnb/rcs-intern/reetom/sif", {st_mode=S_IFDIR|S_ISGID|0755, st_size=4096, ...}) = 0
3686887 stat("/share/pkg.8/python3/3.12.4/install/lib/python3.12", {st_mode=S_IFDIR|S_ISGID|0755, st_size=8192, ...}) = 0
3686887 stat("/share/pkg.8/python3/3.12.4/install/lib/python3.12/re/__init__.cpython-312-x86_64-linux-gnu.so", 0x7ffdb9188b40) = -1 ENOENT (No such file or directory)
3686887 stat("/share/pkg.8/python3/3.12.4/install/lib/python3.12/re/__init__.abi3.so", 0x7ffdb9188b40) = -1 ENOENT (No such file or directory)
3686887 stat("/share/pkg.8/python3/3.12.4/install/lib/python3.12/re/__init__.so", 0x7ffdb9188b40) = -1 ENOENT (No such file or directory)
3686887 stat("/share/pkg.8/python3/3.12.4/install/lib/python3.12/re/__init__.py", {st_mode=S_IFREG|0644, st_size=16315, ...}) = 0
3686887 stat("/share/pkg.8/python3/3.12.4/install/lib/python3.12/re/__init__.py", {st_mode=S_IFREG|0644, st_size=16315, ...}) = 0
3686887 openat(AT_FDCWD, "/share/pkg.8/python3/3.12.4/install/lib/python3.12/re/__pycache__/__init__.cpython-312.pyc", O_RDONLY|O_CLOEXEC) = 3
3686887 stat("/share/pkg.8/python3/3.12.4/install/lib/python3.12/re", {st_mode=S_IFDIR|S_ISGID|0755, st_size=4096, ...}) = 0
3686887 stat("/share/pkg.8/python3/3.12.4/install/lib/python3.12/re", {st_mode=S_IFDIR|S_ISGID|0755, st_size=4096, ...}) = 0
3686887 stat("/share/pkg.8/python3/3.12.4/install/lib/python3.12/re", {st_mode=S_IFDIR|S_ISGID|0755, st_size=4096, ...}) = 0
3686887 openat(AT_FDCWD, "/share/pkg.8/python3/3.12.4/install/lib/python3.12/re", O_RDONLY|O_NONBLOCK|O_CLOEXEC|O_DIRECTORY) = 3
3686887 stat("/share/pkg.8/python3/3.12.4/install/lib/python3.12/re/_compiler.py", {st_mode=S_IFREG|0644, st_size=26089, ...}) = 0
3686887 stat("/share/pkg.8/python3/3.12.4/install/lib/python3.12/re/_compiler.py", {st_mode=S_IFREG|0644, st_size=26089, ...}) = 0
3686887 openat(AT_FDCWD, "/share/pkg.8/python3/3.12.4/install/lib/python3.12/re/__pycache__/_compiler.cpython-312.pyc", O_RDONLY|O_CLOEXEC) = 3
3686887 stat("/share/pkg.8/python3/3.12.4/install/lib/python3.12/re", {st_mode=S_IFDIR|S_ISGID|0755, st_size=4096, ...}) = 0
3686887 stat("/share/pkg.8/python3/3.12.4/install/lib/python3.12/re/_parser.py", {st_mode=S_IFREG|0644, st_size=41201, ...}) = 0
3686887 stat("/share/pkg.8/python3/3.12.4/install/lib/python3.12/re/_parser.py", {st_mode=S_IFREG|0644, st_size=41201, ...}) = 0
3686887 openat(AT_FDCWD, "/share/pkg.8/python3/3.12.4/install/lib/python3.12/re/__pycache__/_parser.cpython-312.pyc", O_RDONLY|O_CLOEXEC) = 3
3686887 stat("/share/pkg.8/python3/3.12.4/install/lib/python3.12/re", {st_mode=S_IFDIR|S_ISGID|0755, st_size=4096, ...}) = 0
3686887 stat("/share/pkg.8/python3/3.12.4/install/lib/python3.12/re/_constants.py", {st_mode=S_IFREG|0644, st_size=5930, ...}) = 0
3686887 stat("/share/pkg.8/python3/3.12.4/install/lib/python3.12/re/_constants.py", {st_mode=S_IFREG|0644, st_size=5930, ...}) = 0
3686887 openat(AT_FDCWD, "/share/pkg.8/python3/3.12.4/install/lib/python3.12/re/__pycache__/_constants.cpython-312.pyc", O_RDONLY|O_CLOEXEC) = 3
3686887 stat("/share/pkg.8/python3/3.12.4/install/lib/python3.12/re", {st_mode=S_IFDIR|S_ISGID|0755, st_size=4096, ...}) = 0
3686887 stat("/share/pkg.8/python3/3.12.4/install/lib/python3.12/re/_casefix.py", {st_mode=S_IFREG|0644, st_size=5446, ...}) = 0
3686887 stat("/share/pkg.8/python3/3.12.4/install/lib/python3.12/re/_casefix.py", {st_mode=S_IFREG|0644, st_size=5446, ...}) = 0
3686887 openat(AT_FDCWD, "/share/pkg.8/python3/3.12.4/install/lib/python3.12/re/__pycache__/_casefix.cpython-312.pyc", O_RDONLY|O_CLOEXEC) = 3
3686887 stat("/projectnb/rcs-intern/reetom/sif", {st_mode=S_IFDIR|S_ISGID|0755, st_size=4096, ...}) = 0
3686887 stat("/share/pkg.8/python3/3.12.4/install/lib/python3.12", {st_mode=S_IFDIR|S_ISGID|0755, st_size=8192, ...}) = 0
3686887 stat("/share/pkg.8/python3/3.12.4/install/lib/python3.12/copyreg.py", {st_mode=S_IFREG|0644, st_size=7614, ...}) = 0
3686887 stat("/share/pkg.8/python3/3.12.4/install/lib/python3.12/copyreg.py", {st_mode=S_IFREG|0644, st_size=7614, ...}) = 0
3686887 openat(AT_FDCWD, "/share/pkg.8/python3/3.12.4/install/lib/python3.12/__pycache__/copyreg.cpython-312.pyc", O_RDONLY|O_CLOEXEC) = 3
3686887 stat("/projectnb/rcs-intern/reetom/sif", {st_mode=S_IFDIR|S_ISGID|0755, st_size=4096, ...}) = 0
3686887 stat("/share/pkg.8/python3/3.12.4/install/lib/python3.12", {st_mode=S_IFDIR|S_ISGID|0755, st_size=8192, ...}) = 0
3686887 stat("/share/pkg.8/python3/3.12.4/install/lib/python3.12/lib-dynload", {st_mode=S_IFDIR|S_ISGID|0755, st_size=8192, ...}) = 0
3686887 stat("/share/pkg.8/python3/3.12.4/install/lib/python3.12/site-packages", {st_mode=S_IFDIR|S_ISGID|0755, st_size=131072, ...}) = 0
3686887 stat("/projectnb/rcs-intern/reetom/sif", {st_mode=S_IFDIR|S_ISGID|0755, st_size=4096, ...}) = 0
3686887 stat("/share/pkg.8/python3/3.12.4/install/lib/python3.12", {st_mode=S_IFDIR|S_ISGID|0755, st_size=8192, ...}) = 0
3686887 stat("/share/pkg.8/python3/3.12.4/install/lib/python3.12/lib-dynload", {st_mode=S_IFDIR|S_ISGID|0755, st_size=8192, ...}) = 0
3686887 stat("/share/pkg.8/python3/3.12.4/install/lib/python3.12/site-packages", {st_mode=S_IFDIR|S_ISGID|0755, st_size=131072, ...}) = 0
3686887 stat("/projectnb/rcs-intern/reetom/sif", {st_mode=S_IFDIR|S_ISGID|0755, st_size=4096, ...}) = 0
3686887 stat("/share/pkg.8/python3/3.12.4/install/lib/python3.12", {st_mode=S_IFDIR|S_ISGID|0755, st_size=8192, ...}) = 0
3686887 stat("/share/pkg.8/python3/3.12.4/install/lib/python3.12/lib-dynload", {st_mode=S_IFDIR|S_ISGID|0755, st_size=8192, ...}) = 0
3686887 stat("/share/pkg.8/python3/3.12.4/install/lib/python3.12/site-packages", {st_mode=S_IFDIR|S_ISGID|0755, st_size=131072, ...}) = 0
3686887 stat("/projectnb/rcs-intern/reetom/sif", {st_mode=S_IFDIR|S_ISGID|0755, st_size=4096, ...}) = 0
3686887 stat("/share/pkg.8/python3/3.12.4/install/lib/python3.12", {st_mode=S_IFDIR|S_ISGID|0755, st_size=8192, ...}) = 0
3686887 stat("/share/pkg.8/python3/3.12.4/install/lib/python3.12/lib-dynload", {st_mode=S_IFDIR|S_ISGID|0755, st_size=8192, ...}) = 0
3686887 stat("/share/pkg.8/python3/3.12.4/install/lib/python3.12/site-packages", {st_mode=S_IFDIR|S_ISGID|0755, st_size=131072, ...}) = 0
3686887 stat("/projectnb/rcs-intern/reetom/sif", {st_mode=S_IFDIR|S_ISGID|0755, st_size=4096, ...}) = 0
3686887 stat("/share/pkg.8/python3/3.12.4/install/lib/python3.12", {st_mode=S_IFDIR|S_ISGID|0755, st_size=8192, ...}) = 0
3686887 stat("/share/pkg.8/python3/3.12.4/install/lib/python3.12/lib-dynload", {st_mode=S_IFDIR|S_ISGID|0755, st_size=8192, ...}) = 0
3686887 stat("/share/pkg.8/python3/3.12.4/install/lib/python3.12/site-packages", {st_mode=S_IFDIR|S_ISGID|0755, st_size=131072, ...}) = 0
3686887 stat("/projectnb/rcs-intern/reetom/sif", {st_mode=S_IFDIR|S_ISGID|0755, st_size=4096, ...}) = 0
3686887 stat("/share/pkg.8/python3/3.12.4/install/lib/python3.12", {st_mode=S_IFDIR|S_ISGID|0755, st_size=8192, ...}) = 0
3686887 stat("/share/pkg.8/python3/3.12.4/install/lib/python3.12/lib-dynload", {st_mode=S_IFDIR|S_ISGID|0755, st_size=8192, ...}) = 0
3686887 stat("/share/pkg.8/python3/3.12.4/install/lib/python3.12/site-packages", {st_mode=S_IFDIR|S_ISGID|0755, st_size=131072, ...}) = 0
3686887 stat("/projectnb/rcs-intern/reetom/sif", {st_mode=S_IFDIR|S_ISGID|0755, st_size=4096, ...}) = 0
3686887 stat("/share/pkg.8/python3/3.12.4/install/lib/python3.12", {st_mode=S_IFDIR|S_ISGID|0755, st_size=8192, ...}) = 0
3686887 stat("/share/pkg.8/python3/3.12.4/install/lib/python3.12/lib-dynload", {st_mode=S_IFDIR|S_ISGID|0755, st_size=8192, ...}) = 0
3686887 stat("/share/pkg.8/python3/3.12.4/install/lib/python3.12/site-packages", {st_mode=S_IFDIR|S_ISGID|0755, st_size=131072, ...}) = 0
3686887 stat("/projectnb/rcs-intern/reetom/sif", {st_mode=S_IFDIR|S_ISGID|0755, st_size=4096, ...}) = 0
3686887 stat("/share/pkg.8/python3/3.12.4/install/lib/python3.12", {st_mode=S_IFDIR|S_ISGID|0755, st_size=8192, ...}) = 0
3686887 stat("/share/pkg.8/python3/3.12.4/install/lib/python3.12/urllib/__init__.cpython-312-x86_64-linux-gnu.so", 0x7ffdb9188d60) = -1 ENOENT (No such file or directory)
3686887 stat("/share/pkg.8/python3/3.12.4/install/lib/python3.12/urllib/__init__.abi3.so", 0x7ffdb9188d60) = -1 ENOENT (No such file or directory)
3686887 stat("/share/pkg.8/python3/3.12.4/install/lib/python3.12/urllib/__init__.so", 0x7ffdb9188d60) = -1 ENOENT (No such file or directory)
3686887 stat("/share/pkg.8/python3/3.12.4/install/lib/python3.12/urllib/__init__.py", {st_mode=S_IFREG|0644, st_size=0, ...}) = 0
3686887 stat("/share/pkg.8/python3/3.12.4/install/lib/python3.12/urllib/__init__.py", {st_mode=S_IFREG|0644, st_size=0, ...}) = 0
3686887 openat(AT_FDCWD, "/share/pkg.8/python3/3.12.4/install/lib/python3.12/urllib/__pycache__/__init__.cpython-312.pyc", O_RDONLY|O_CLOEXEC) = 3
3686887 stat("/share/pkg.8/python3/3.12.4/install/lib/python3.12/urllib", {st_mode=S_IFDIR|S_ISGID|0755, st_size=4096, ...}) = 0
3686887 stat("/share/pkg.8/python3/3.12.4/install/lib/python3.12/urllib", {st_mode=S_IFDIR|S_ISGID|0755, st_size=4096, ...}) = 0
3686887 stat("/share/pkg.8/python3/3.12.4/install/lib/python3.12/urllib", {st_mode=S_IFDIR|S_ISGID|0755, st_size=4096, ...}) = 0
3686887 openat(AT_FDCWD, "/share/pkg.8/python3/3.12.4/install/lib/python3.12/urllib", O_RDONLY|O_NONBLOCK|O_CLOEXEC|O_DIRECTORY) = 3
3686887 stat("/share/pkg.8/python3/3.12.4/install/lib/python3.12/urllib/parse.py", {st_mode=S_IFREG|0644, st_size=44922, ...}) = 0
3686887 stat("/share/pkg.8/python3/3.12.4/install/lib/python3.12/urllib/parse.py", {st_mode=S_IFREG|0644, st_size=44922, ...}) = 0
3686887 openat(AT_FDCWD, "/share/pkg.8/python3/3.12.4/install/lib/python3.12/urllib/__pycache__/parse.cpython-312.pyc", O_RDONLY|O_CLOEXEC) = 3
3686887 stat("/projectnb/rcs-intern/reetom/sif", {st_mode=S_IFDIR|S_ISGID|0755, st_size=4096, ...}) = 0
3686887 stat("/share/pkg.8/python3/3.12.4/install/lib/python3.12", {st_mode=S_IFDIR|S_ISGID|0755, st_size=8192, ...}) = 0
3686887 stat("/share/pkg.8/python3/3.12.4/install/lib/python3.12/lib-dynload", {st_mode=S_IFDIR|S_ISGID|0755, st_size=8192, ...}) = 0
3686887 stat("/share/pkg.8/python3/3.12.4/install/lib/python3.12/lib-dynload/math.cpython-312-x86_64-linux-gnu.so", {st_mode=S_IFREG|0755, st_size=372336, ...}) = 0
3686887 openat(AT_FDCWD, "/share/pkg.8/python3/3.12.4/install/lib/python3.12/lib-dynload/math.cpython-312-x86_64-linux-gnu.so", O_RDONLY|O_CLOEXEC) = 3
3686887 stat("/projectnb/rcs-intern/reetom/sif", {st_mode=S_IFDIR|S_ISGID|0755, st_size=4096, ...}) = 0
3686887 stat("/share/pkg.8/python3/3.12.4/install/lib/python3.12", {st_mode=S_IFDIR|S_ISGID|0755, st_size=8192, ...}) = 0
3686887 stat("/share/pkg.8/python3/3.12.4/install/lib/python3.12/ipaddress.py", {st_mode=S_IFREG|0644, st_size=78418, ...}) = 0
3686887 stat("/share/pkg.8/python3/3.12.4/install/lib/python3.12/ipaddress.py", {st_mode=S_IFREG|0644, st_size=78418, ...}) = 0
3686887 openat(AT_FDCWD, "/share/pkg.8/python3/3.12.4/install/lib/python3.12/__pycache__/ipaddress.cpython-312.pyc", O_RDONLY|O_CLOEXEC) = 3
3686887 stat("/projectnb/rcs-intern/reetom/sif", {st_mode=S_IFDIR|S_ISGID|0755, st_size=4096, ...}) = 0
3686887 stat("/share/pkg.8/python3/3.12.4/install/lib/python3.12", {st_mode=S_IFDIR|S_ISGID|0755, st_size=8192, ...}) = 0
3686887 stat("/share/pkg.8/python3/3.12.4/install/lib/python3.12/lib-dynload", {st_mode=S_IFDIR|S_ISGID|0755, st_size=8192, ...}) = 0
3686887 stat("/share/pkg.8/python3/3.12.4/install/lib/python3.12/site-packages", {st_mode=S_IFDIR|S_ISGID|0755, st_size=131072, ...}) = 0
3686887 stat("/projectnb/rcs-intern/reetom/sif", {st_mode=S_IFDIR|S_ISGID|0755, st_size=4096, ...}) = 0
3686887 stat("/share/pkg.8/python3/3.12.4/install/lib/python3.12", {st_mode=S_IFDIR|S_ISGID|0755, st_size=8192, ...}) = 0
3686887 stat("/share/pkg.8/python3/3.12.4/install/lib/python3.12/pickle.py", {st_mode=S_IFREG|0644, st_size=64901, ...}) = 0
3686887 stat("/share/pkg.8/python3/3.12.4/install/lib/python3.12/pickle.py", {st_mode=S_IFREG|0644, st_size=64901, ...}) = 0
3686887 openat(AT_FDCWD, "/share/pkg.8/python3/3.12.4/install/lib/python3.12/__pycache__/pickle.cpython-312.pyc", O_RDONLY|O_CLOEXEC) = 3
3686887 stat("/projectnb/rcs-intern/reetom/sif", {st_mode=S_IFDIR|S_ISGID|0755, st_size=4096, ...}) = 0
3686887 stat("/share/pkg.8/python3/3.12.4/install/lib/python3.12", {st_mode=S_IFDIR|S_ISGID|0755, st_size=8192, ...}) = 0
3686887 stat("/share/pkg.8/python3/3.12.4/install/lib/python3.12/struct.py", {st_mode=S_IFREG|0644, st_size=257, ...}) = 0
3686887 stat("/share/pkg.8/python3/3.12.4/install/lib/python3.12/struct.py", {st_mode=S_IFREG|0644, st_size=257, ...}) = 0
3686887 openat(AT_FDCWD, "/share/pkg.8/python3/3.12.4/install/lib/python3.12/__pycache__/struct.cpython-312.pyc", O_RDONLY|O_CLOEXEC) = 3
3686887 stat("/projectnb/rcs-intern/reetom/sif", {st_mode=S_IFDIR|S_ISGID|0755, st_size=4096, ...}) = 0
3686887 stat("/share/pkg.8/python3/3.12.4/install/lib/python3.12", {st_mode=S_IFDIR|S_ISGID|0755, st_size=8192, ...}) = 0
3686887 stat("/share/pkg.8/python3/3.12.4/install/lib/python3.12/lib-dynload", {st_mode=S_IFDIR|S_ISGID|0755, st_size=8192, ...}) = 0
3686887 stat("/share/pkg.8/python3/3.12.4/install/lib/python3.12/lib-dynload/_struct.cpython-312-x86_64-linux-gnu.so", {st_mode=S_IFREG|0755, st_size=206856, ...}) = 0
3686887 openat(AT_FDCWD, "/share/pkg.8/python3/3.12.4/install/lib/python3.12/lib-dynload/_struct.cpython-312-x86_64-linux-gnu.so", O_RDONLY|O_CLOEXEC) = 3
3686887 stat("/projectnb/rcs-intern/reetom/sif", {st_mode=S_IFDIR|S_ISGID|0755, st_size=4096, ...}) = 0
3686887 stat("/share/pkg.8/python3/3.12.4/install/lib/python3.12", {st_mode=S_IFDIR|S_ISGID|0755, st_size=8192, ...}) = 0
3686887 stat("/share/pkg.8/python3/3.12.4/install/lib/python3.12/_compat_pickle.py", {st_mode=S_IFREG|0644, st_size=8761, ...}) = 0
3686887 stat("/share/pkg.8/python3/3.12.4/install/lib/python3.12/_compat_pickle.py", {st_mode=S_IFREG|0644, st_size=8761, ...}) = 0
3686887 openat(AT_FDCWD, "/share/pkg.8/python3/3.12.4/install/lib/python3.12/__pycache__/_compat_pickle.cpython-312.pyc", O_RDONLY|O_CLOEXEC) = 3
3686887 stat("/projectnb/rcs-intern/reetom/sif", {st_mode=S_IFDIR|S_ISGID|0755, st_size=4096, ...}) = 0
3686887 stat("/share/pkg.8/python3/3.12.4/install/lib/python3.12", {st_mode=S_IFDIR|S_ISGID|0755, st_size=8192, ...}) = 0
3686887 stat("/share/pkg.8/python3/3.12.4/install/lib/python3.12/lib-dynload", {st_mode=S_IFDIR|S_ISGID|0755, st_size=8192, ...}) = 0
3686887 stat("/share/pkg.8/python3/3.12.4/install/lib/python3.12/lib-dynload/_pickle.cpython-312-x86_64-linux-gnu.so", {st_mode=S_IFREG|0755, st_size=681080, ...}) = 0
3686887 openat(AT_FDCWD, "/share/pkg.8/python3/3.12.4/install/lib/python3.12/lib-dynload/_pickle.cpython-312-x86_64-linux-gnu.so", O_RDONLY|O_CLOEXEC) = 3
3686887 stat("/share/pkg.8/python3/3.12.4/install/lib/python3.12/site-packages/numpy/core", {st_mode=S_IFDIR|S_ISGID|0755, st_size=4096, ...}) = 0
3686887 stat("/share/pkg.8/python3/3.12.4/install/lib/python3.12/site-packages/numpy/core/_dtype.py", {st_mode=S_IFREG|0644, st_size=10606, ...}) = 0
3686887 stat("/share/pkg.8/python3/3.12.4/install/lib/python3.12/site-packages/numpy/core/_dtype.py", {st_mode=S_IFREG|0644, st_size=10606, ...}) = 0
3686887 openat(AT_FDCWD, "/share/pkg.8/python3/3.12.4/install/lib/python3.12/site-packages/numpy/core/__pycache__/_dtype.cpython-312.pyc", O_RDONLY|O_CLOEXEC) = 3
3686887 stat("/share/pkg.8/python3/3.12.4/install/lib/python3.12/site-packages/numpy/core", {st_mode=S_IFDIR|S_ISGID|0755, st_size=4096, ...}) = 0
3686887 stat("/share/pkg.8/python3/3.12.4/install/lib/python3.12/site-packages/numpy/core/numeric.py", {st_mode=S_IFREG|0644, st_size=77014, ...}) = 0
3686887 stat("/share/pkg.8/python3/3.12.4/install/lib/python3.12/site-packages/numpy/core/numeric.py", {st_mode=S_IFREG|0644, st_size=77014, ...}) = 0
3686887 openat(AT_FDCWD, "/share/pkg.8/python3/3.12.4/install/lib/python3.12/site-packages/numpy/core/__pycache__/numeric.cpython-312.pyc", O_RDONLY|O_CLOEXEC) = 3
3686887 stat("/share/pkg.8/python3/3.12.4/install/lib/python3.12/site-packages/numpy/core", {st_mode=S_IFDIR|S_ISGID|0755, st_size=4096, ...}) = 0
3686887 stat("/share/pkg.8/python3/3.12.4/install/lib/python3.12/site-packages/numpy/core/shape_base.py", {st_mode=S_IFREG|0644, st_size=29743, ...}) = 0
3686887 stat("/share/pkg.8/python3/3.12.4/install/lib/python3.12/site-packages/numpy/core/shape_base.py", {st_mode=S_IFREG|0644, st_size=29743, ...}) = 0
3686887 openat(AT_FDCWD, "/share/pkg.8/python3/3.12.4/install/lib/python3.12/site-packages/numpy/core/__pycache__/shape_base.cpython-312.pyc", O_RDONLY|O_CLOEXEC) = 3
3686887 stat("/share/pkg.8/python3/3.12.4/install/lib/python3.12/site-packages/numpy/core", {st_mode=S_IFDIR|S_ISGID|0755, st_size=4096, ...}) = 0
3686887 stat("/share/pkg.8/python3/3.12.4/install/lib/python3.12/site-packages/numpy/core/fromnumeric.py", {st_mode=S_IFREG|0644, st_size=128821, ...}) = 0
3686887 stat("/share/pkg.8/python3/3.12.4/install/lib/python3.12/site-packages/numpy/core/fromnumeric.py", {st_mode=S_IFREG|0644, st_size=128821, ...}) = 0
3686887 openat(AT_FDCWD, "/share/pkg.8/python3/3.12.4/install/lib/python3.12/site-packages/numpy/core/__pycache__/fromnumeric.cpython-312.pyc", O_RDONLY|O_CLOEXEC) = 3
3686887 stat("/share/pkg.8/python3/3.12.4/install/lib/python3.12/site-packages/numpy/core", {st_mode=S_IFDIR|S_ISGID|0755, st_size=4096, ...}) = 0
3686887 stat("/share/pkg.8/python3/3.12.4/install/lib/python3.12/site-packages/numpy/core/_methods.py", {st_mode=S_IFREG|0644, st_size=8613, ...}) = 0
3686887 stat("/share/pkg.8/python3/3.12.4/install/lib/python3.12/site-packages/numpy/core/_methods.py", {st_mode=S_IFREG|0644, st_size=8613, ...}) = 0
3686887 openat(AT_FDCWD, "/share/pkg.8/python3/3.12.4/install/lib/python3.12/site-packages/numpy/core/__pycache__/_methods.cpython-312.pyc", O_RDONLY|O_CLOEXEC) = 3
3686887 stat("/projectnb/rcs-intern/reetom/sif", {st_mode=S_IFDIR|S_ISGID|0755, st_size=4096, ...}) = 0
3686887 stat("/share/pkg.8/python3/3.12.4/install/lib/python3.12", {st_mode=S_IFDIR|S_ISGID|0755, st_size=8192, ...}) = 0
3686887 stat("/share/pkg.8/python3/3.12.4/install/lib/python3.12/contextlib.py", {st_mode=S_IFREG|0644, st_size=27637, ...}) = 0
3686887 stat("/share/pkg.8/python3/3.12.4/install/lib/python3.12/contextlib.py", {st_mode=S_IFREG|0644, st_size=27637, ...}) = 0
3686887 openat(AT_FDCWD, "/share/pkg.8/python3/3.12.4/install/lib/python3.12/__pycache__/contextlib.cpython-312.pyc", O_RDONLY|O_CLOEXEC) = 3
3686887 stat("/share/pkg.8/python3/3.12.4/install/lib/python3.12/site-packages/numpy/core", {st_mode=S_IFDIR|S_ISGID|0755, st_size=4096, ...}) = 0
3686887 stat("/share/pkg.8/python3/3.12.4/install/lib/python3.12/site-packages/numpy/core/_ufunc_config.py", {st_mode=S_IFREG|0644, st_size=13944, ...}) = 0
3686887 stat("/share/pkg.8/python3/3.12.4/install/lib/python3.12/site-packages/numpy/core/_ufunc_config.py", {st_mode=S_IFREG|0644, st_size=13944, ...}) = 0
3686887 openat(AT_FDCWD, "/share/pkg.8/python3/3.12.4/install/lib/python3.12/site-packages/numpy/core/__pycache__/_ufunc_config.cpython-312.pyc", O_RDONLY|O_CLOEXEC) = 3
3686887 stat("/share/pkg.8/python3/3.12.4/install/lib/python3.12/collections", {st_mode=S_IFDIR|S_ISGID|0755, st_size=4096, ...}) = 0
3686887 stat("/share/pkg.8/python3/3.12.4/install/lib/python3.12/collections", {st_mode=S_IFDIR|S_ISGID|0755, st_size=4096, ...}) = 0
3686887 stat("/share/pkg.8/python3/3.12.4/install/lib/python3.12/collections", {st_mode=S_IFDIR|S_ISGID|0755, st_size=4096, ...}) = 0
3686887 openat(AT_FDCWD, "/share/pkg.8/python3/3.12.4/install/lib/python3.12/collections", O_RDONLY|O_NONBLOCK|O_CLOEXEC|O_DIRECTORY) = 3
3686887 stat("/share/pkg.8/python3/3.12.4/install/lib/python3.12/collections/abc.py", {st_mode=S_IFREG|0644, st_size=119, ...}) = 0
3686887 stat("/share/pkg.8/python3/3.12.4/install/lib/python3.12/collections/abc.py", {st_mode=S_IFREG|0644, st_size=119, ...}) = 0
3686887 openat(AT_FDCWD, "/share/pkg.8/python3/3.12.4/install/lib/python3.12/collections/__pycache__/abc.cpython-312.pyc", O_RDONLY|O_CLOEXEC) = 3
3686887 stat("/projectnb/rcs-intern/reetom/sif", {st_mode=S_IFDIR|S_ISGID|0755, st_size=4096, ...}) = 0
3686887 stat("/share/pkg.8/python3/3.12.4/install/lib/python3.12", {st_mode=S_IFDIR|S_ISGID|0755, st_size=8192, ...}) = 0
3686887 stat("/share/pkg.8/python3/3.12.4/install/lib/python3.12/contextvars.py", {st_mode=S_IFREG|0644, st_size=129, ...}) = 0
3686887 stat("/share/pkg.8/python3/3.12.4/install/lib/python3.12/contextvars.py", {st_mode=S_IFREG|0644, st_size=129, ...}) = 0
3686887 openat(AT_FDCWD, "/share/pkg.8/python3/3.12.4/install/lib/python3.12/__pycache__/contextvars.cpython-312.pyc", O_RDONLY|O_CLOEXEC) = 3
3686887 stat("/projectnb/rcs-intern/reetom/sif", {st_mode=S_IFDIR|S_ISGID|0755, st_size=4096, ...}) = 0
3686887 stat("/share/pkg.8/python3/3.12.4/install/lib/python3.12", {st_mode=S_IFDIR|S_ISGID|0755, st_size=8192, ...}) = 0
3686887 stat("/share/pkg.8/python3/3.12.4/install/lib/python3.12/lib-dynload", {st_mode=S_IFDIR|S_ISGID|0755, st_size=8192, ...}) = 0
3686887 stat("/share/pkg.8/python3/3.12.4/install/lib/python3.12/lib-dynload/_contextvars.cpython-312-x86_64-linux-gnu.so", {st_mode=S_IFREG|0755, st_size=20400, ...}) = 0
3686887 openat(AT_FDCWD, "/share/pkg.8/python3/3.12.4/install/lib/python3.12/lib-dynload/_contextvars.cpython-312-x86_64-linux-gnu.so", O_RDONLY|O_CLOEXEC) = 3
3686887 stat("/share/pkg.8/python3/3.12.4/install/lib/python3.12/site-packages/numpy/core", {st_mode=S_IFDIR|S_ISGID|0755, st_size=4096, ...}) = 0
3686887 stat("/share/pkg.8/python3/3.12.4/install/lib/python3.12/site-packages/numpy/core/arrayprint.py", {st_mode=S_IFREG|0644, st_size=63608, ...}) = 0
3686887 stat("/share/pkg.8/python3/3.12.4/install/lib/python3.12/site-packages/numpy/core/arrayprint.py", {st_mode=S_IFREG|0644, st_size=63608, ...}) = 0
3686887 openat(AT_FDCWD, "/share/pkg.8/python3/3.12.4/install/lib/python3.12/site-packages/numpy/core/__pycache__/arrayprint.cpython-312.pyc", O_RDONLY|O_CLOEXEC) = 3
3686887 stat("/share/pkg.8/python3/3.12.4/install/lib/python3.12/site-packages/numpy/core", {st_mode=S_IFDIR|S_ISGID|0755, st_size=4096, ...}) = 0
3686887 stat("/share/pkg.8/python3/3.12.4/install/lib/python3.12/site-packages/numpy/core/_asarray.py", {st_mode=S_IFREG|0644, st_size=3884, ...}) = 0
3686887 stat("/share/pkg.8/python3/3.12.4/install/lib/python3.12/site-packages/numpy/core/_asarray.py", {st_mode=S_IFREG|0644, st_size=3884, ...}) = 0
3686887 openat(AT_FDCWD, "/share/pkg.8/python3/3.12.4/install/lib/python3.12/site-packages/numpy/core/__pycache__/_asarray.cpython-312.pyc", O_RDONLY|O_CLOEXEC) = 3
3686887 stat("/share/pkg.8/python3/3.12.4/install/lib/python3.12/site-packages/numpy/core", {st_mode=S_IFDIR|S_ISGID|0755, st_size=4096, ...}) = 0
3686887 stat("/share/pkg.8/python3/3.12.4/install/lib/python3.12/site-packages/numpy/core/defchararray.py", {st_mode=S_IFREG|0644, st_size=73617, ...}) = 0
3686887 stat("/share/pkg.8/python3/3.12.4/install/lib/python3.12/site-packages/numpy/core/defchararray.py", {st_mode=S_IFREG|0644, st_size=73617, ...}) = 0
3686887 openat(AT_FDCWD, "/share/pkg.8/python3/3.12.4/install/lib/python3.12/site-packages/numpy/core/__pycache__/defchararray.cpython-312.pyc", O_RDONLY|O_CLOEXEC) = 3
3686887 stat("/share/pkg.8/python3/3.12.4/install/lib/python3.12/site-packages/numpy/core", {st_mode=S_IFDIR|S_ISGID|0755, st_size=4096, ...}) = 0
3686887 stat("/share/pkg.8/python3/3.12.4/install/lib/python3.12/site-packages/numpy/core/records.py", {st_mode=S_IFREG|0644, st_size=37533, ...}) = 0
3686887 stat("/share/pkg.8/python3/3.12.4/install/lib/python3.12/site-packages/numpy/core/records.py", {st_mode=S_IFREG|0644, st_size=37533, ...}) = 0
3686887 openat(AT_FDCWD, "/share/pkg.8/python3/3.12.4/install/lib/python3.12/site-packages/numpy/core/__pycache__/records.cpython-312.pyc", O_RDONLY|O_CLOEXEC) = 3
3686887 stat("/share/pkg.8/python3/3.12.4/install/lib/python3.12/site-packages/numpy/core", {st_mode=S_IFDIR|S_ISGID|0755, st_size=4096, ...}) = 0
3686887 stat("/share/pkg.8/python3/3.12.4/install/lib/python3.12/site-packages/numpy/core/memmap.py", {st_mode=S_IFREG|0644, st_size=11771, ...}) = 0
3686887 stat("/share/pkg.8/python3/3.12.4/install/lib/python3.12/site-packages/numpy/core/memmap.py", {st_mode=S_IFREG|0644, st_size=11771, ...}) = 0
3686887 openat(AT_FDCWD, "/share/pkg.8/python3/3.12.4/install/lib/python3.12/site-packages/numpy/core/__pycache__/memmap.cpython-312.pyc", O_RDONLY|O_CLOEXEC) = 3
3686887 stat("/share/pkg.8/python3/3.12.4/install/lib/python3.12/site-packages/numpy/core", {st_mode=S_IFDIR|S_ISGID|0755, st_size=4096, ...}) = 0
3686887 stat("/share/pkg.8/python3/3.12.4/install/lib/python3.12/site-packages/numpy/core/function_base.py", {st_mode=S_IFREG|0644, st_size=19836, ...}) = 0
3686887 stat("/share/pkg.8/python3/3.12.4/install/lib/python3.12/site-packages/numpy/core/function_base.py", {st_mode=S_IFREG|0644, st_size=19836, ...}) = 0
3686887 openat(AT_FDCWD, "/share/pkg.8/python3/3.12.4/install/lib/python3.12/site-packages/numpy/core/__pycache__/function_base.cpython-312.pyc", O_RDONLY|O_CLOEXEC) = 3
3686887 stat("/share/pkg.8/python3/3.12.4/install/lib/python3.12/site-packages/numpy/core", {st_mode=S_IFDIR|S_ISGID|0755, st_size=4096, ...}) = 0
3686887 stat("/share/pkg.8/python3/3.12.4/install/lib/python3.12/site-packages/numpy/core/_machar.py", {st_mode=S_IFREG|0644, st_size=11565, ...}) = 0
3686887 stat("/share/pkg.8/python3/3.12.4/install/lib/python3.12/site-packages/numpy/core/_machar.py", {st_mode=S_IFREG|0644, st_size=11565, ...}) = 0
3686887 openat(AT_FDCWD, "/share/pkg.8/python3/3.12.4/install/lib/python3.12/site-packages/numpy/core/__pycache__/_machar.cpython-312.pyc", O_RDONLY|O_CLOEXEC) = 3
3686887 stat("/share/pkg.8/python3/3.12.4/install/lib/python3.12/site-packages/numpy/core", {st_mode=S_IFDIR|S_ISGID|0755, st_size=4096, ...}) = 0
3686887 stat("/share/pkg.8/python3/3.12.4/install/lib/python3.12/site-packages/numpy/core/getlimits.py", {st_mode=S_IFREG|0644, st_size=25865, ...}) = 0
3686887 stat("/share/pkg.8/python3/3.12.4/install/lib/python3.12/site-packages/numpy/core/getlimits.py", {st_mode=S_IFREG|0644, st_size=25865, ...}) = 0
3686887 openat(AT_FDCWD, "/share/pkg.8/python3/3.12.4/install/lib/python3.12/site-packages/numpy/core/__pycache__/getlimits.cpython-312.pyc", O_RDONLY|O_CLOEXEC) = 3
3686887 stat("/share/pkg.8/python3/3.12.4/install/lib/python3.12/site-packages/numpy/core", {st_mode=S_IFDIR|S_ISGID|0755, st_size=4096, ...}) = 0
3686887 stat("/share/pkg.8/python3/3.12.4/install/lib/python3.12/site-packages/numpy/core/einsumfunc.py", {st_mode=S_IFREG|0644, st_size=51868, ...}) = 0
3686887 stat("/share/pkg.8/python3/3.12.4/install/lib/python3.12/site-packages/numpy/core/einsumfunc.py", {st_mode=S_IFREG|0644, st_size=51868, ...}) = 0
3686887 openat(AT_FDCWD, "/share/pkg.8/python3/3.12.4/install/lib/python3.12/site-packages/numpy/core/__pycache__/einsumfunc.cpython-312.pyc", O_RDONLY|O_CLOEXEC) = 3
3686887 stat("/share/pkg.8/python3/3.12.4/install/lib/python3.12/site-packages/numpy/core", {st_mode=S_IFDIR|S_ISGID|0755, st_size=4096, ...}) = 0
3686887 stat("/share/pkg.8/python3/3.12.4/install/lib/python3.12/site-packages/numpy/core/_add_newdocs.py", {st_mode=S_IFREG|0644, st_size=208972, ...}) = 0
3686887 stat("/share/pkg.8/python3/3.12.4/install/lib/python3.12/site-packages/numpy/core/_add_newdocs.py", {st_mode=S_IFREG|0644, st_size=208972, ...}) = 0
3686887 openat(AT_FDCWD, "/share/pkg.8/python3/3.12.4/install/lib/python3.12/site-packages/numpy/core/__pycache__/_add_newdocs.cpython-312.pyc", O_RDONLY|O_CLOEXEC) = 3
3686887 stat("/share/pkg.8/python3/3.12.4/install/lib/python3.12/site-packages/numpy/core", {st_mode=S_IFDIR|S_ISGID|0755, st_size=4096, ...}) = 0
3686887 stat("/share/pkg.8/python3/3.12.4/install/lib/python3.12/site-packages/numpy/core/_multiarray_tests.cpython-312-x86_64-linux-gnu.so", {st_mode=S_IFREG|0755, st_size=151600, ...}) = 0
3686887 openat(AT_FDCWD, "/share/pkg.8/python3/3.12.4/install/lib/python3.12/site-packages/numpy/core/_multiarray_tests.cpython-312-x86_64-linux-gnu.so", O_RDONLY|O_CLOEXEC) = 3
3686887 stat("/share/pkg.8/python3/3.12.4/install/lib/python3.12/site-packages/numpy/core", {st_mode=S_IFDIR|S_ISGID|0755, st_size=4096, ...}) = 0
3686887 stat("/share/pkg.8/python3/3.12.4/install/lib/python3.12/site-packages/numpy/core/_add_newdocs_scalars.py", {st_mode=S_IFREG|0644, st_size=12106, ...}) = 0
3686887 stat("/share/pkg.8/python3/3.12.4/install/lib/python3.12/site-packages/numpy/core/_add_newdocs_scalars.py", {st_mode=S_IFREG|0644, st_size=12106, ...}) = 0
3686887 openat(AT_FDCWD, "/share/pkg.8/python3/3.12.4/install/lib/python3.12/site-packages/numpy/core/__pycache__/_add_newdocs_scalars.cpython-312.pyc", O_RDONLY|O_CLOEXEC) = 3
3686887 stat("/share/pkg.8/python3/3.12.4/install/lib/python3.12/site-packages/numpy/core", {st_mode=S_IFDIR|S_ISGID|0755, st_size=4096, ...}) = 0
3686887 stat("/share/pkg.8/python3/3.12.4/install/lib/python3.12/site-packages/numpy/core/_dtype_ctypes.py", {st_mode=S_IFREG|0644, st_size=3673, ...}) = 0
3686887 stat("/share/pkg.8/python3/3.12.4/install/lib/python3.12/site-packages/numpy/core/_dtype_ctypes.py", {st_mode=S_IFREG|0644, st_size=3673, ...}) = 0
3686887 openat(AT_FDCWD, "/share/pkg.8/python3/3.12.4/install/lib/python3.12/site-packages/numpy/core/__pycache__/_dtype_ctypes.cpython-312.pyc", O_RDONLY|O_CLOEXEC) = 3
3686887 stat("/share/pkg.8/python3/3.12.4/install/lib/python3.12/site-packages/numpy/core", {st_mode=S_IFDIR|S_ISGID|0755, st_size=4096, ...}) = 0
3686887 stat("/share/pkg.8/python3/3.12.4/install/lib/python3.12/site-packages/numpy/core/_internal.py", {st_mode=S_IFREG|0644, st_size=28348, ...}) = 0
3686887 stat("/share/pkg.8/python3/3.12.4/install/lib/python3.12/site-packages/numpy/core/_internal.py", {st_mode=S_IFREG|0644, st_size=28348, ...}) = 0
3686887 openat(AT_FDCWD, "/share/pkg.8/python3/3.12.4/install/lib/python3.12/site-packages/numpy/core/__pycache__/_internal.cpython-312.pyc", O_RDONLY|O_CLOEXEC) = 3
3686887 stat("/projectnb/rcs-intern/reetom/sif", {st_mode=S_IFDIR|S_ISGID|0755, st_size=4096, ...}) = 0
3686887 stat("/share/pkg.8/python3/3.12.4/install/lib/python3.12", {st_mode=S_IFDIR|S_ISGID|0755, st_size=8192, ...}) = 0
3686887 stat("/share/pkg.8/python3/3.12.4/install/lib/python3.12/ast.py", {st_mode=S_IFREG|0644, st_size=64260, ...}) = 0
3686887 stat("/share/pkg.8/python3/3.12.4/install/lib/python3.12/ast.py", {st_mode=S_IFREG|0644, st_size=64260, ...}) = 0
3686887 openat(AT_FDCWD, "/share/pkg.8/python3/3.12.4/install/lib/python3.12/__pycache__/ast.cpython-312.pyc", O_RDONLY|O_CLOEXEC) = 3
3686887 stat("/projectnb/rcs-intern/reetom/sif", {st_mode=S_IFDIR|S_ISGID|0755, st_size=4096, ...}) = 0
3686887 stat("/share/pkg.8/python3/3.12.4/install/lib/python3.12", {st_mode=S_IFDIR|S_ISGID|0755, st_size=8192, ...}) = 0
3686887 stat("/share/pkg.8/python3/3.12.4/install/lib/python3.12/ctypes/__init__.cpython-312-x86_64-linux-gnu.so", 0x7ffdb918b3e0) = -1 ENOENT (No such file or directory)
3686887 stat("/share/pkg.8/python3/3.12.4/install/lib/python3.12/ctypes/__init__.abi3.so", 0x7ffdb918b3e0) = -1 ENOENT (No such file or directory)
3686887 stat("/share/pkg.8/python3/3.12.4/install/lib/python3.12/ctypes/__init__.so", 0x7ffdb918b3e0) = -1 ENOENT (No such file or directory)
3686887 stat("/share/pkg.8/python3/3.12.4/install/lib/python3.12/ctypes/__init__.py", {st_mode=S_IFREG|0644, st_size=18210, ...}) = 0
3686887 stat("/share/pkg.8/python3/3.12.4/install/lib/python3.12/ctypes/__init__.py", {st_mode=S_IFREG|0644, st_size=18210, ...}) = 0
3686887 openat(AT_FDCWD, "/share/pkg.8/python3/3.12.4/install/lib/python3.12/ctypes/__pycache__/__init__.cpython-312.pyc", O_RDONLY|O_CLOEXEC) = 3
3686887 stat("/projectnb/rcs-intern/reetom/sif", {st_mode=S_IFDIR|S_ISGID|0755, st_size=4096, ...}) = 0
3686887 stat("/share/pkg.8/python3/3.12.4/install/lib/python3.12", {st_mode=S_IFDIR|S_ISGID|0755, st_size=8192, ...}) = 0
3686887 stat("/share/pkg.8/python3/3.12.4/install/lib/python3.12/lib-dynload", {st_mode=S_IFDIR|S_ISGID|0755, st_size=8192, ...}) = 0
3686887 stat("/share/pkg.8/python3/3.12.4/install/lib/python3.12/lib-dynload/_ctypes.cpython-312-x86_64-linux-gnu.so", {st_mode=S_IFREG|0755, st_size=850080, ...}) = 0
3686887 openat(AT_FDCWD, "/share/pkg.8/python3/3.12.4/install/lib/python3.12/lib-dynload/_ctypes.cpython-312-x86_64-linux-gnu.so", O_RDONLY|O_CLOEXEC) = 3
3686887 openat(AT_FDCWD, "/share/pkg.8/python3/3.12.4/install/lib/libffi.so.6", O_RDONLY|O_CLOEXEC) = -1 ENOENT (No such file or directory)
3686887 openat(AT_FDCWD, "/share/pkg.8/python3/3.12.4/install/lib/libffi.so.6", O_RDONLY|O_CLOEXEC) = -1 ENOENT (No such file or directory)
3686887 openat(AT_FDCWD, "/share/pkg.8/gcc/12.2.0/install/lib64/libffi.so.6", O_RDONLY|O_CLOEXEC) = -1 ENOENT (No such file or directory)
3686887 openat(AT_FDCWD, "/share/pkg.8/python3/3.12.4/install/lib/libffi.so.6", O_RDONLY|O_CLOEXEC) = -1 ENOENT (No such file or directory)
3686887 openat(AT_FDCWD, "/etc/ld.so.cache", O_RDONLY|O_CLOEXEC) = 3
3686887 openat(AT_FDCWD, "/lib64/libffi.so.6", O_RDONLY|O_CLOEXEC) = 3
3686887 stat("/share/pkg.8/python3/3.12.4/install/lib/python3.12/ctypes", {st_mode=S_IFDIR|S_ISGID|0755, st_size=4096, ...}) = 0
3686887 stat("/share/pkg.8/python3/3.12.4/install/lib/python3.12/ctypes", {st_mode=S_IFDIR|S_ISGID|0755, st_size=4096, ...}) = 0
3686887 stat("/share/pkg.8/python3/3.12.4/install/lib/python3.12/ctypes", {st_mode=S_IFDIR|S_ISGID|0755, st_size=4096, ...}) = 0
3686887 openat(AT_FDCWD, "/share/pkg.8/python3/3.12.4/install/lib/python3.12/ctypes", O_RDONLY|O_NONBLOCK|O_CLOEXEC|O_DIRECTORY) = 3
3686887 stat("/share/pkg.8/python3/3.12.4/install/lib/python3.12/ctypes/_endian.py", {st_mode=S_IFREG|0644, st_size=2535, ...}) = 0
3686887 stat("/share/pkg.8/python3/3.12.4/install/lib/python3.12/ctypes/_endian.py", {st_mode=S_IFREG|0644, st_size=2535, ...}) = 0
3686887 openat(AT_FDCWD, "/share/pkg.8/python3/3.12.4/install/lib/python3.12/ctypes/__pycache__/_endian.cpython-312.pyc", O_RDONLY|O_CLOEXEC) = 3
3686887 stat("/share/pkg.8/python3/3.12.4/install/lib/python3.12/site-packages/numpy", {st_mode=S_IFDIR|S_ISGID|0755, st_size=4096, ...}) = 0
3686887 stat("/share/pkg.8/python3/3.12.4/install/lib/python3.12/site-packages/numpy/_pytesttester.py", {st_mode=S_IFREG|0644, st_size=6731, ...}) = 0
3686887 stat("/share/pkg.8/python3/3.12.4/install/lib/python3.12/site-packages/numpy/_pytesttester.py", {st_mode=S_IFREG|0644, st_size=6731, ...}) = 0
3686887 openat(AT_FDCWD, "/share/pkg.8/python3/3.12.4/install/lib/python3.12/site-packages/numpy/__pycache__/_pytesttester.cpython-312.pyc", O_RDONLY|O_CLOEXEC) = 3
3686887 stat("/share/pkg.8/python3/3.12.4/install/lib/python3.12/site-packages/numpy", {st_mode=S_IFDIR|S_ISGID|0755, st_size=4096, ...}) = 0
3686887 stat("/share/pkg.8/python3/3.12.4/install/lib/python3.12/site-packages/numpy/lib/__init__.cpython-312-x86_64-linux-gnu.so", 0x7ffdb918ce40) = -1 ENOENT (No such file or directory)
3686887 stat("/share/pkg.8/python3/3.12.4/install/lib/python3.12/site-packages/numpy/lib/__init__.abi3.so", 0x7ffdb918ce40) = -1 ENOENT (No such file or directory)
3686887 stat("/share/pkg.8/python3/3.12.4/install/lib/python3.12/site-packages/numpy/lib/__init__.so", 0x7ffdb918ce40) = -1 ENOENT (No such file or directory)
3686887 stat("/share/pkg.8/python3/3.12.4/install/lib/python3.12/site-packages/numpy/lib/__init__.py", {st_mode=S_IFREG|0644, st_size=2713, ...}) = 0
3686887 stat("/share/pkg.8/python3/3.12.4/install/lib/python3.12/site-packages/numpy/lib/__init__.py", {st_mode=S_IFREG|0644, st_size=2713, ...}) = 0
3686887 openat(AT_FDCWD, "/share/pkg.8/python3/3.12.4/install/lib/python3.12/site-packages/numpy/lib/__pycache__/__init__.cpython-312.pyc", O_RDONLY|O_CLOEXEC) = 3
3686887 stat("/share/pkg.8/python3/3.12.4/install/lib/python3.12/site-packages/numpy/lib", {st_mode=S_IFDIR|S_ISGID|0755, st_size=4096, ...}) = 0
3686887 stat("/share/pkg.8/python3/3.12.4/install/lib/python3.12/site-packages/numpy/lib", {st_mode=S_IFDIR|S_ISGID|0755, st_size=4096, ...}) = 0
3686887 stat("/share/pkg.8/python3/3.12.4/install/lib/python3.12/site-packages/numpy/lib", {st_mode=S_IFDIR|S_ISGID|0755, st_size=4096, ...}) = 0
3686887 openat(AT_FDCWD, "/share/pkg.8/python3/3.12.4/install/lib/python3.12/site-packages/numpy/lib", O_RDONLY|O_NONBLOCK|O_CLOEXEC|O_DIRECTORY) = 3
3686887 stat("/share/pkg.8/python3/3.12.4/install/lib/python3.12/site-packages/numpy/lib/mixins.py", {st_mode=S_IFREG|0644, st_size=7071, ...}) = 0
3686887 stat("/share/pkg.8/python3/3.12.4/install/lib/python3.12/site-packages/numpy/lib/mixins.py", {st_mode=S_IFREG|0644, st_size=7071, ...}) = 0
3686887 openat(AT_FDCWD, "/share/pkg.8/python3/3.12.4/install/lib/python3.12/site-packages/numpy/lib/__pycache__/mixins.cpython-312.pyc", O_RDONLY|O_CLOEXEC) = 3
3686887 stat("/share/pkg.8/python3/3.12.4/install/lib/python3.12/site-packages/numpy/lib", {st_mode=S_IFDIR|S_ISGID|0755, st_size=4096, ...}) = 0
3686887 stat("/share/pkg.8/python3/3.12.4/install/lib/python3.12/site-packages/numpy/lib/scimath.py", {st_mode=S_IFREG|0644, st_size=15037, ...}) = 0
3686887 stat("/share/pkg.8/python3/3.12.4/install/lib/python3.12/site-packages/numpy/lib/scimath.py", {st_mode=S_IFREG|0644, st_size=15037, ...}) = 0
3686887 openat(AT_FDCWD, "/share/pkg.8/python3/3.12.4/install/lib/python3.12/site-packages/numpy/lib/__pycache__/scimath.cpython-312.pyc", O_RDONLY|O_CLOEXEC) = 3
3686887 stat("/share/pkg.8/python3/3.12.4/install/lib/python3.12/site-packages/numpy/lib", {st_mode=S_IFDIR|S_ISGID|0755, st_size=4096, ...}) = 0
3686887 stat("/share/pkg.8/python3/3.12.4/install/lib/python3.12/site-packages/numpy/lib/type_check.py", {st_mode=S_IFREG|0644, st_size=19954, ...}) = 0
3686887 stat("/share/pkg.8/python3/3.12.4/install/lib/python3.12/site-packages/numpy/lib/type_check.py", {st_mode=S_IFREG|0644, st_size=19954, ...}) = 0
3686887 openat(AT_FDCWD, "/share/pkg.8/python3/3.12.4/install/lib/python3.12/site-packages/numpy/lib/__pycache__/type_check.cpython-312.pyc", O_RDONLY|O_CLOEXEC) = 3
3686887 stat("/share/pkg.8/python3/3.12.4/install/lib/python3.12/site-packages/numpy/lib", {st_mode=S_IFDIR|S_ISGID|0755, st_size=4096, ...}) = 0
3686887 stat("/share/pkg.8/python3/3.12.4/install/lib/python3.12/site-packages/numpy/lib/ufunclike.py", {st_mode=S_IFREG|0644, st_size=6325, ...}) = 0
3686887 stat("/share/pkg.8/python3/3.12.4/install/lib/python3.12/site-packages/numpy/lib/ufunclike.py", {st_mode=S_IFREG|0644, st_size=6325, ...}) = 0
3686887 openat(AT_FDCWD, "/share/pkg.8/python3/3.12.4/install/lib/python3.12/site-packages/numpy/lib/__pycache__/ufunclike.cpython-312.pyc", O_RDONLY|O_CLOEXEC) = 3
3686887 stat("/share/pkg.8/python3/3.12.4/install/lib/python3.12/site-packages/numpy/lib", {st_mode=S_IFDIR|S_ISGID|0755, st_size=4096, ...}) = 0
3686887 stat("/share/pkg.8/python3/3.12.4/install/lib/python3.12/site-packages/numpy/lib/index_tricks.py", {st_mode=S_IFREG|0644, st_size=31346, ...}) = 0
3686887 stat("/share/pkg.8/python3/3.12.4/install/lib/python3.12/site-packages/numpy/lib/index_tricks.py", {st_mode=S_IFREG|0644, st_size=31346, ...}) = 0
3686887 openat(AT_FDCWD, "/share/pkg.8/python3/3.12.4/install/lib/python3.12/site-packages/numpy/lib/__pycache__/index_tricks.cpython-312.pyc", O_RDONLY|O_CLOEXEC) = 3
3686887 stat("/share/pkg.8/python3/3.12.4/install/lib/python3.12/site-packages/numpy", {st_mode=S_IFDIR|S_ISGID|0755, st_size=4096, ...}) = 0
3686887 stat("/share/pkg.8/python3/3.12.4/install/lib/python3.12/site-packages/numpy/matrixlib/__init__.cpython-312-x86_64-linux-gnu.so", 0x7ffdb918bb00) = -1 ENOENT (No such file or directory)
3686887 stat("/share/pkg.8/python3/3.12.4/install/lib/python3.12/site-packages/numpy/matrixlib/__init__.abi3.so", 0x7ffdb918bb00) = -1 ENOENT (No such file or directory)
3686887 stat("/share/pkg.8/python3/3.12.4/install/lib/python3.12/site-packages/numpy/matrixlib/__init__.so", 0x7ffdb918bb00) = -1 ENOENT (No such file or directory)
3686887 stat("/share/pkg.8/python3/3.12.4/install/lib/python3.12/site-packages/numpy/matrixlib/__init__.py", {st_mode=S_IFREG|0644, st_size=242, ...}) = 0
3686887 stat("/share/pkg.8/python3/3.12.4/install/lib/python3.12/site-packages/numpy/matrixlib/__init__.py", {st_mode=S_IFREG|0644, st_size=242, ...}) = 0
3686887 openat(AT_FDCWD, "/share/pkg.8/python3/3.12.4/install/lib/python3.12/site-packages/numpy/matrixlib/__pycache__/__init__.cpython-312.pyc", O_RDONLY|O_CLOEXEC) = 3
3686887 stat("/share/pkg.8/python3/3.12.4/install/lib/python3.12/site-packages/numpy/matrixlib", {st_mode=S_IFDIR|S_ISGID|0755, st_size=4096, ...}) = 0
3686887 stat("/share/pkg.8/python3/3.12.4/install/lib/python3.12/site-packages/numpy/matrixlib", {st_mode=S_IFDIR|S_ISGID|0755, st_size=4096, ...}) = 0
3686887 stat("/share/pkg.8/python3/3.12.4/install/lib/python3.12/site-packages/numpy/matrixlib", {st_mode=S_IFDIR|S_ISGID|0755, st_size=4096, ...}) = 0
3686887 openat(AT_FDCWD, "/share/pkg.8/python3/3.12.4/install/lib/python3.12/site-packages/numpy/matrixlib", O_RDONLY|O_NONBLOCK|O_CLOEXEC|O_DIRECTORY) = 3
3686887 stat("/share/pkg.8/python3/3.12.4/install/lib/python3.12/site-packages/numpy/matrixlib/defmatrix.py", {st_mode=S_IFREG|0644, st_size=30656, ...}) = 0
3686887 stat("/share/pkg.8/python3/3.12.4/install/lib/python3.12/site-packages/numpy/matrixlib/defmatrix.py", {st_mode=S_IFREG|0644, st_size=30656, ...}) = 0
3686887 openat(AT_FDCWD, "/share/pkg.8/python3/3.12.4/install/lib/python3.12/site-packages/numpy/matrixlib/__pycache__/defmatrix.cpython-312.pyc", O_RDONLY|O_CLOEXEC) = 3
3686887 stat("/share/pkg.8/python3/3.12.4/install/lib/python3.12/site-packages/numpy", {st_mode=S_IFDIR|S_ISGID|0755, st_size=4096, ...}) = 0
3686887 stat("/share/pkg.8/python3/3.12.4/install/lib/python3.12/site-packages/numpy/linalg/__init__.cpython-312-x86_64-linux-gnu.so", 0x7ffdb918a7c0) = -1 ENOENT (No such file or directory)
3686887 stat("/share/pkg.8/python3/3.12.4/install/lib/python3.12/site-packages/numpy/linalg/__init__.abi3.so", 0x7ffdb918a7c0) = -1 ENOENT (No such file or directory)
3686887 stat("/share/pkg.8/python3/3.12.4/install/lib/python3.12/site-packages/numpy/linalg/__init__.so", 0x7ffdb918a7c0) = -1 ENOENT (No such file or directory)
3686887 stat("/share/pkg.8/python3/3.12.4/install/lib/python3.12/site-packages/numpy/linalg/__init__.py", {st_mode=S_IFREG|0644, st_size=1813, ...}) = 0
3686887 stat("/share/pkg.8/python3/3.12.4/install/lib/python3.12/site-packages/numpy/linalg/__init__.py", {st_mode=S_IFREG|0644, st_size=1813, ...}) = 0
3686887 openat(AT_FDCWD, "/share/pkg.8/python3/3.12.4/install/lib/python3.12/site-packages/numpy/linalg/__pycache__/__init__.cpython-312.pyc", O_RDONLY|O_CLOEXEC) = 3
3686887 stat("/share/pkg.8/python3/3.12.4/install/lib/python3.12/site-packages/numpy/linalg", {st_mode=S_IFDIR|S_ISGID|0755, st_size=4096, ...}) = 0
3686887 stat("/share/pkg.8/python3/3.12.4/install/lib/python3.12/site-packages/numpy/linalg", {st_mode=S_IFDIR|S_ISGID|0755, st_size=4096, ...}) = 0
3686887 stat("/share/pkg.8/python3/3.12.4/install/lib/python3.12/site-packages/numpy/linalg", {st_mode=S_IFDIR|S_ISGID|0755, st_size=4096, ...}) = 0
3686887 openat(AT_FDCWD, "/share/pkg.8/python3/3.12.4/install/lib/python3.12/site-packages/numpy/linalg", O_RDONLY|O_NONBLOCK|O_CLOEXEC|O_DIRECTORY) = 3
3686887 stat("/share/pkg.8/python3/3.12.4/install/lib/python3.12/site-packages/numpy/linalg/linalg.py", {st_mode=S_IFREG|0644, st_size=90923, ...}) = 0
3686887 stat("/share/pkg.8/python3/3.12.4/install/lib/python3.12/site-packages/numpy/linalg/linalg.py", {st_mode=S_IFREG|0644, st_size=90923, ...}) = 0
3686887 openat(AT_FDCWD, "/share/pkg.8/python3/3.12.4/install/lib/python3.12/site-packages/numpy/linalg/__pycache__/linalg.cpython-312.pyc", O_RDONLY|O_CLOEXEC) = 3
3686887 stat("/projectnb/rcs-intern/reetom/sif", {st_mode=S_IFDIR|S_ISGID|0755, st_size=4096, ...}) = 0
3686887 stat("/share/pkg.8/python3/3.12.4/install/lib/python3.12", {st_mode=S_IFDIR|S_ISGID|0755, st_size=8192, ...}) = 0
3686887 stat("/share/pkg.8/python3/3.12.4/install/lib/python3.12/typing.py", {st_mode=S_IFREG|0644, st_size=118300, ...}) = 0
3686887 stat("/share/pkg.8/python3/3.12.4/install/lib/python3.12/typing.py", {st_mode=S_IFREG|0644, st_size=118300, ...}) = 0
3686887 openat(AT_FDCWD, "/share/pkg.8/python3/3.12.4/install/lib/python3.12/__pycache__/typing.cpython-312.pyc", O_RDONLY|O_CLOEXEC) = 3
3686887 stat("/share/pkg.8/python3/3.12.4/install/lib/python3.12/site-packages/numpy/lib", {st_mode=S_IFDIR|S_ISGID|0755, st_size=4096, ...}) = 0
3686887 stat("/share/pkg.8/python3/3.12.4/install/lib/python3.12/site-packages/numpy/lib/twodim_base.py", {st_mode=S_IFREG|0644, st_size=32947, ...}) = 0
3686887 stat("/share/pkg.8/python3/3.12.4/install/lib/python3.12/site-packages/numpy/lib/twodim_base.py", {st_mode=S_IFREG|0644, st_size=32947, ...}) = 0
3686887 openat(AT_FDCWD, "/share/pkg.8/python3/3.12.4/install/lib/python3.12/site-packages/numpy/lib/__pycache__/twodim_base.cpython-312.pyc", O_RDONLY|O_CLOEXEC) = 3
3686887 stat("/share/pkg.8/python3/3.12.4/install/lib/python3.12/site-packages/numpy/lib", {st_mode=S_IFDIR|S_ISGID|0755, st_size=4096, ...}) = 0
3686887 stat("/share/pkg.8/python3/3.12.4/install/lib/python3.12/site-packages/numpy/lib/stride_tricks.py", {st_mode=S_IFREG|0644, st_size=17911, ...}) = 0
3686887 stat("/share/pkg.8/python3/3.12.4/install/lib/python3.12/site-packages/numpy/lib/stride_tricks.py", {st_mode=S_IFREG|0644, st_size=17911, ...}) = 0
3686887 openat(AT_FDCWD, "/share/pkg.8/python3/3.12.4/install/lib/python3.12/site-packages/numpy/lib/__pycache__/stride_tricks.cpython-312.pyc", O_RDONLY|O_CLOEXEC) = 3
3686887 stat("/share/pkg.8/python3/3.12.4/install/lib/python3.12/site-packages/numpy/linalg", {st_mode=S_IFDIR|S_ISGID|0755, st_size=4096, ...}) = 0
3686887 stat("/share/pkg.8/python3/3.12.4/install/lib/python3.12/site-packages/numpy/linalg/_umath_linalg.cpython-312-x86_64-linux-gnu.so", {st_mode=S_IFREG|0755, st_size=219208, ...}) = 0
3686887 openat(AT_FDCWD, "/share/pkg.8/python3/3.12.4/install/lib/python3.12/site-packages/numpy/linalg/_umath_linalg.cpython-312-x86_64-linux-gnu.so", O_RDONLY|O_CLOEXEC) = 3
3686887 stat("/share/pkg.8/python3/3.12.4/install/lib/python3.12/site-packages/numpy", {st_mode=S_IFDIR|S_ISGID|0755, st_size=4096, ...}) = 0
3686887 stat("/share/pkg.8/python3/3.12.4/install/lib/python3.12/site-packages/numpy/_typing/__init__.cpython-312-x86_64-linux-gnu.so", 0x7ffdb9189480) = -1 ENOENT (No such file or directory)
3686887 stat("/share/pkg.8/python3/3.12.4/install/lib/python3.12/site-packages/numpy/_typing/__init__.abi3.so", 0x7ffdb9189480) = -1 ENOENT (No such file or directory)
3686887 stat("/share/pkg.8/python3/3.12.4/install/lib/python3.12/site-packages/numpy/_typing/__init__.so", 0x7ffdb9189480) = -1 ENOENT (No such file or directory)
3686887 stat("/share/pkg.8/python3/3.12.4/install/lib/python3.12/site-packages/numpy/_typing/__init__.py", {st_mode=S_IFREG|0644, st_size=7003, ...}) = 0
3686887 stat("/share/pkg.8/python3/3.12.4/install/lib/python3.12/site-packages/numpy/_typing/__init__.py", {st_mode=S_IFREG|0644, st_size=7003, ...}) = 0
3686887 openat(AT_FDCWD, "/share/pkg.8/python3/3.12.4/install/lib/python3.12/site-packages/numpy/_typing/__pycache__/__init__.cpython-312.pyc", O_RDONLY|O_CLOEXEC) = 3
3686887 stat("/share/pkg.8/python3/3.12.4/install/lib/python3.12/site-packages/numpy/_typing", {st_mode=S_IFDIR|S_ISGID|0755, st_size=4096, ...}) = 0
3686887 stat("/share/pkg.8/python3/3.12.4/install/lib/python3.12/site-packages/numpy/_typing", {st_mode=S_IFDIR|S_ISGID|0755, st_size=4096, ...}) = 0
3686887 stat("/share/pkg.8/python3/3.12.4/install/lib/python3.12/site-packages/numpy/_typing", {st_mode=S_IFDIR|S_ISGID|0755, st_size=4096, ...}) = 0
3686887 openat(AT_FDCWD, "/share/pkg.8/python3/3.12.4/install/lib/python3.12/site-packages/numpy/_typing", O_RDONLY|O_NONBLOCK|O_CLOEXEC|O_DIRECTORY) = 3
3686887 stat("/share/pkg.8/python3/3.12.4/install/lib/python3.12/site-packages/numpy/_typing/_nested_sequence.py", {st_mode=S_IFREG|0644, st_size=2566, ...}) = 0
3686887 stat("/share/pkg.8/python3/3.12.4/install/lib/python3.12/site-packages/numpy/_typing/_nested_sequence.py", {st_mode=S_IFREG|0644, st_size=2566, ...}) = 0
3686887 openat(AT_FDCWD, "/share/pkg.8/python3/3.12.4/install/lib/python3.12/site-packages/numpy/_typing/__pycache__/_nested_sequence.cpython-312.pyc", O_RDONLY|O_CLOEXEC) = 3
3686887 stat("/share/pkg.8/python3/3.12.4/install/lib/python3.12/site-packages/numpy/_typing", {st_mode=S_IFDIR|S_ISGID|0755, st_size=4096, ...}) = 0
3686887 stat("/share/pkg.8/python3/3.12.4/install/lib/python3.12/site-packages/numpy/_typing/_nbit.py", {st_mode=S_IFREG|0644, st_size=345, ...}) = 0
3686887 stat("/share/pkg.8/python3/3.12.4/install/lib/python3.12/site-packages/numpy/_typing/_nbit.py", {st_mode=S_IFREG|0644, st_size=345, ...}) = 0
3686887 openat(AT_FDCWD, "/share/pkg.8/python3/3.12.4/install/lib/python3.12/site-packages/numpy/_typing/__pycache__/_nbit.cpython-312.pyc", O_RDONLY|O_CLOEXEC) = 3
3686887 stat("/share/pkg.8/python3/3.12.4/install/lib/python3.12/site-packages/numpy/_typing", {st_mode=S_IFDIR|S_ISGID|0755, st_size=4096, ...}) = 0
3686887 stat("/share/pkg.8/python3/3.12.4/install/lib/python3.12/site-packages/numpy/_typing/_char_codes.py", {st_mode=S_IFREG|0644, st_size=5916, ...}) = 0
3686887 stat("/share/pkg.8/python3/3.12.4/install/lib/python3.12/site-packages/numpy/_typing/_char_codes.py", {st_mode=S_IFREG|0644, st_size=5916, ...}) = 0
3686887 openat(AT_FDCWD, "/share/pkg.8/python3/3.12.4/install/lib/python3.12/site-packages/numpy/_typing/__pycache__/_char_codes.cpython-312.pyc", O_RDONLY|O_CLOEXEC) = 3
3686887 stat("/share/pkg.8/python3/3.12.4/install/lib/python3.12/site-packages/numpy/_typing", {st_mode=S_IFDIR|S_ISGID|0755, st_size=4096, ...}) = 0
3686887 stat("/share/pkg.8/python3/3.12.4/install/lib/python3.12/site-packages/numpy/_typing/_scalars.py", {st_mode=S_IFREG|0644, st_size=980, ...}) = 0
3686887 stat("/share/pkg.8/python3/3.12.4/install/lib/python3.12/site-packages/numpy/_typing/_scalars.py", {st_mode=S_IFREG|0644, st_size=980, ...}) = 0
3686887 openat(AT_FDCWD, "/share/pkg.8/python3/3.12.4/install/lib/python3.12/site-packages/numpy/_typing/__pycache__/_scalars.cpython-312.pyc", O_RDONLY|O_CLOEXEC) = 3
3686887 stat("/share/pkg.8/python3/3.12.4/install/lib/python3.12/site-packages/numpy/_typing", {st_mode=S_IFDIR|S_ISGID|0755, st_size=4096, ...}) = 0
3686887 stat("/share/pkg.8/python3/3.12.4/install/lib/python3.12/site-packages/numpy/_typing/_shape.py", {st_mode=S_IFREG|0644, st_size=211, ...}) = 0
3686887 stat("/share/pkg.8/python3/3.12.4/install/lib/python3.12/site-packages/numpy/_typing/_shape.py", {st_mode=S_IFREG|0644, st_size=211, ...}) = 0
3686887 openat(AT_FDCWD, "/share/pkg.8/python3/3.12.4/install/lib/python3.12/site-packages/numpy/_typing/__pycache__/_shape.cpython-312.pyc", O_RDONLY|O_CLOEXEC) = 3
3686887 stat("/share/pkg.8/python3/3.12.4/install/lib/python3.12/site-packages/numpy/_typing", {st_mode=S_IFDIR|S_ISGID|0755, st_size=4096, ...}) = 0
3686887 stat("/share/pkg.8/python3/3.12.4/install/lib/python3.12/site-packages/numpy/_typing/_dtype_like.py", {st_mode=S_IFREG|0644, st_size=5661, ...}) = 0
3686887 stat("/share/pkg.8/python3/3.12.4/install/lib/python3.12/site-packages/numpy/_typing/_dtype_like.py", {st_mode=S_IFREG|0644, st_size=5661, ...}) = 0
3686887 openat(AT_FDCWD, "/share/pkg.8/python3/3.12.4/install/lib/python3.12/site-packages/numpy/_typing/__pycache__/_dtype_like.cpython-312.pyc", O_RDONLY|O_CLOEXEC) = 3
3686887 stat("/share/pkg.8/python3/3.12.4/install/lib/python3.12/site-packages/numpy/_typing", {st_mode=S_IFDIR|S_ISGID|0755, st_size=4096, ...}) = 0
3686887 stat("/share/pkg.8/python3/3.12.4/install/lib/python3.12/site-packages/numpy/_typing/_array_like.py", {st_mode=S_IFREG|0644, st_size=4298, ...}) = 0
3686887 stat("/share/pkg.8/python3/3.12.4/install/lib/python3.12/site-packages/numpy/_typing/_array_like.py", {st_mode=S_IFREG|0644, st_size=4298, ...}) = 0
3686887 openat(AT_FDCWD, "/share/pkg.8/python3/3.12.4/install/lib/python3.12/site-packages/numpy/_typing/__pycache__/_array_like.cpython-312.pyc", O_RDONLY|O_CLOEXEC) = 3
3686887 stat("/share/pkg.8/python3/3.12.4/install/lib/python3.12/site-packages/numpy/lib", {st_mode=S_IFDIR|S_ISGID|0755, st_size=4096, ...}) = 0
3686887 stat("/share/pkg.8/python3/3.12.4/install/lib/python3.12/site-packages/numpy/lib/function_base.py", {st_mode=S_IFREG|0644, st_size=189172, ...}) = 0
3686887 stat("/share/pkg.8/python3/3.12.4/install/lib/python3.12/site-packages/numpy/lib/function_base.py", {st_mode=S_IFREG|0644, st_size=189172, ...}) = 0
3686887 openat(AT_FDCWD, "/share/pkg.8/python3/3.12.4/install/lib/python3.12/site-packages/numpy/lib/__pycache__/function_base.cpython-312.pyc", O_RDONLY|O_CLOEXEC) = 3
3686887 stat("/share/pkg.8/python3/3.12.4/install/lib/python3.12/site-packages/numpy/lib", {st_mode=S_IFDIR|S_ISGID|0755, st_size=4096, ...}) = 0
3686887 stat("/share/pkg.8/python3/3.12.4/install/lib/python3.12/site-packages/numpy/lib/histograms.py", {st_mode=S_IFREG|0644, st_size=37778, ...}) = 0
3686887 stat("/share/pkg.8/python3/3.12.4/install/lib/python3.12/site-packages/numpy/lib/histograms.py", {st_mode=S_IFREG|0644, st_size=37778, ...}) = 0
3686887 openat(AT_FDCWD, "/share/pkg.8/python3/3.12.4/install/lib/python3.12/site-packages/numpy/lib/__pycache__/histograms.cpython-312.pyc", O_RDONLY|O_CLOEXEC) = 3
3686887 stat("/share/pkg.8/python3/3.12.4/install/lib/python3.12/site-packages/numpy/lib", {st_mode=S_IFDIR|S_ISGID|0755, st_size=4096, ...}) = 0
3686887 stat("/share/pkg.8/python3/3.12.4/install/lib/python3.12/site-packages/numpy/lib/nanfunctions.py", {st_mode=S_IFREG|0644, st_size=65775, ...}) = 0
3686887 stat("/share/pkg.8/python3/3.12.4/install/lib/python3.12/site-packages/numpy/lib/nanfunctions.py", {st_mode=S_IFREG|0644, st_size=65775, ...}) = 0
3686887 openat(AT_FDCWD, "/share/pkg.8/python3/3.12.4/install/lib/python3.12/site-packages/numpy/lib/__pycache__/nanfunctions.cpython-312.pyc", O_RDONLY|O_CLOEXEC) = 3
3686887 stat("/share/pkg.8/python3/3.12.4/install/lib/python3.12/site-packages/numpy/lib", {st_mode=S_IFDIR|S_ISGID|0755, st_size=4096, ...}) = 0
3686887 stat("/share/pkg.8/python3/3.12.4/install/lib/python3.12/site-packages/numpy/lib/shape_base.py", {st_mode=S_IFREG|0644, st_size=38947, ...}) = 0
3686887 stat("/share/pkg.8/python3/3.12.4/install/lib/python3.12/site-packages/numpy/lib/shape_base.py", {st_mode=S_IFREG|0644, st_size=38947, ...}) = 0
3686887 openat(AT_FDCWD, "/share/pkg.8/python3/3.12.4/install/lib/python3.12/site-packages/numpy/lib/__pycache__/shape_base.cpython-312.pyc", O_RDONLY|O_CLOEXEC) = 3
3686887 stat("/share/pkg.8/python3/3.12.4/install/lib/python3.12/site-packages/numpy/lib", {st_mode=S_IFDIR|S_ISGID|0755, st_size=4096, ...}) = 0
3686887 stat("/share/pkg.8/python3/3.12.4/install/lib/python3.12/site-packages/numpy/lib/polynomial.py", {st_mode=S_IFREG|0644, st_size=44133, ...}) = 0
3686887 stat("/share/pkg.8/python3/3.12.4/install/lib/python3.12/site-packages/numpy/lib/polynomial.py", {st_mode=S_IFREG|0644, st_size=44133, ...}) = 0
3686887 openat(AT_FDCWD, "/share/pkg.8/python3/3.12.4/install/lib/python3.12/site-packages/numpy/lib/__pycache__/polynomial.cpython-312.pyc", O_RDONLY|O_CLOEXEC) = 3
3686887 stat("/share/pkg.8/python3/3.12.4/install/lib/python3.12/site-packages/numpy/lib", {st_mode=S_IFDIR|S_ISGID|0755, st_size=4096, ...}) = 0
3686887 stat("/share/pkg.8/python3/3.12.4/install/lib/python3.12/site-packages/numpy/lib/utils.py", {st_mode=S_IFREG|0644, st_size=37804, ...}) = 0
3686887 stat("/share/pkg.8/python3/3.12.4/install/lib/python3.12/site-packages/numpy/lib/utils.py", {st_mode=S_IFREG|0644, st_size=37804, ...}) = 0
3686887 openat(AT_FDCWD, "/share/pkg.8/python3/3.12.4/install/lib/python3.12/site-packages/numpy/lib/__pycache__/utils.cpython-312.pyc", O_RDONLY|O_CLOEXEC) = 3
3686887 stat("/projectnb/rcs-intern/reetom/sif", {st_mode=S_IFDIR|S_ISGID|0755, st_size=4096, ...}) = 0
3686887 stat("/share/pkg.8/python3/3.12.4/install/lib/python3.12", {st_mode=S_IFDIR|S_ISGID|0755, st_size=8192, ...}) = 0
3686887 stat("/share/pkg.8/python3/3.12.4/install/lib/python3.12/textwrap.py", {st_mode=S_IFREG|0644, st_size=19718, ...}) = 0
3686887 stat("/share/pkg.8/python3/3.12.4/install/lib/python3.12/textwrap.py", {st_mode=S_IFREG|0644, st_size=19718, ...}) = 0
3686887 openat(AT_FDCWD, "/share/pkg.8/python3/3.12.4/install/lib/python3.12/__pycache__/textwrap.cpython-312.pyc", O_RDONLY|O_CLOEXEC) = 3
3686887 stat("/projectnb/rcs-intern/reetom/sif", {st_mode=S_IFDIR|S_ISGID|0755, st_size=4096, ...}) = 0
3686887 stat("/share/pkg.8/python3/3.12.4/install/lib/python3.12", {st_mode=S_IFDIR|S_ISGID|0755, st_size=8192, ...}) = 0
3686887 stat("/share/pkg.8/python3/3.12.4/install/lib/python3.12/platform.py", {st_mode=S_IFREG|0755, st_size=43352, ...}) = 0
3686887 stat("/share/pkg.8/python3/3.12.4/install/lib/python3.12/platform.py", {st_mode=S_IFREG|0755, st_size=43352, ...}) = 0
3686887 openat(AT_FDCWD, "/share/pkg.8/python3/3.12.4/install/lib/python3.12/__pycache__/platform.cpython-312.pyc", O_RDONLY|O_CLOEXEC) = 3
3686887 stat("/projectnb/rcs-intern/reetom/sif", {st_mode=S_IFDIR|S_ISGID|0755, st_size=4096, ...}) = 0
3686887 stat("/share/pkg.8/python3/3.12.4/install/lib/python3.12", {st_mode=S_IFDIR|S_ISGID|0755, st_size=8192, ...}) = 0
3686887 stat("/share/pkg.8/python3/3.12.4/install/lib/python3.12/lib-dynload", {st_mode=S_IFDIR|S_ISGID|0755, st_size=8192, ...}) = 0
3686887 stat("/share/pkg.8/python3/3.12.4/install/lib/python3.12/site-packages", {st_mode=S_IFDIR|S_ISGID|0755, st_size=131072, ...}) = 0
3686887 stat("/share/pkg.8/python3/3.12.4/install/lib/python3.12/site-packages/numpy/lib", {st_mode=S_IFDIR|S_ISGID|0755, st_size=4096, ...}) = 0
3686887 stat("/share/pkg.8/python3/3.12.4/install/lib/python3.12/site-packages/numpy/lib/arraysetops.py", {st_mode=S_IFREG|0644, st_size=33655, ...}) = 0
3686887 stat("/share/pkg.8/python3/3.12.4/install/lib/python3.12/site-packages/numpy/lib/arraysetops.py", {st_mode=S_IFREG|0644, st_size=33655, ...}) = 0
3686887 openat(AT_FDCWD, "/share/pkg.8/python3/3.12.4/install/lib/python3.12/site-packages/numpy/lib/__pycache__/arraysetops.cpython-312.pyc", O_RDONLY|O_CLOEXEC) = 3
3686887 stat("/share/pkg.8/python3/3.12.4/install/lib/python3.12/site-packages/numpy/lib", {st_mode=S_IFDIR|S_ISGID|0755, st_size=4096, ...}) = 0
3686887 stat("/share/pkg.8/python3/3.12.4/install/lib/python3.12/site-packages/numpy/lib/npyio.py", {st_mode=S_IFREG|0644, st_size=97316, ...}) = 0
3686887 stat("/share/pkg.8/python3/3.12.4/install/lib/python3.12/site-packages/numpy/lib/npyio.py", {st_mode=S_IFREG|0644, st_size=97316, ...}) = 0
3686887 openat(AT_FDCWD, "/share/pkg.8/python3/3.12.4/install/lib/python3.12/site-packages/numpy/lib/__pycache__/npyio.cpython-312.pyc", O_RDONLY|O_CLOEXEC) = 3
3686887 stat("/projectnb/rcs-intern/reetom/sif", {st_mode=S_IFDIR|S_ISGID|0755, st_size=4096, ...}) = 0
3686887 stat("/share/pkg.8/python3/3.12.4/install/lib/python3.12", {st_mode=S_IFDIR|S_ISGID|0755, st_size=8192, ...}) = 0
3686887 stat("/share/pkg.8/python3/3.12.4/install/lib/python3.12/weakref.py", {st_mode=S_IFREG|0644, st_size=21513, ...}) = 0
3686887 stat("/share/pkg.8/python3/3.12.4/install/lib/python3.12/weakref.py", {st_mode=S_IFREG|0644, st_size=21513, ...}) = 0
3686887 openat(AT_FDCWD, "/share/pkg.8/python3/3.12.4/install/lib/python3.12/__pycache__/weakref.cpython-312.pyc", O_RDONLY|O_CLOEXEC) = 3
3686887 stat("/share/pkg.8/python3/3.12.4/install/lib/python3.12/site-packages/numpy/lib", {st_mode=S_IFDIR|S_ISGID|0755, st_size=4096, ...}) = 0
3686887 stat("/share/pkg.8/python3/3.12.4/install/lib/python3.12/site-packages/numpy/lib/format.py", {st_mode=S_IFREG|0644, st_size=34769, ...}) = 0
3686887 stat("/share/pkg.8/python3/3.12.4/install/lib/python3.12/site-packages/numpy/lib/format.py", {st_mode=S_IFREG|0644, st_size=34769, ...}) = 0
3686887 openat(AT_FDCWD, "/share/pkg.8/python3/3.12.4/install/lib/python3.12/site-packages/numpy/lib/__pycache__/format.cpython-312.pyc", O_RDONLY|O_CLOEXEC) = 3
3686887 stat("/share/pkg.8/python3/3.12.4/install/lib/python3.12/site-packages/numpy/lib", {st_mode=S_IFDIR|S_ISGID|0755, st_size=4096, ...}) = 0
3686887 stat("/share/pkg.8/python3/3.12.4/install/lib/python3.12/site-packages/numpy/lib/_datasource.py", {st_mode=S_IFREG|0644, st_size=22631, ...}) = 0
3686887 stat("/share/pkg.8/python3/3.12.4/install/lib/python3.12/site-packages/numpy/lib/_datasource.py", {st_mode=S_IFREG|0644, st_size=22631, ...}) = 0
3686887 openat(AT_FDCWD, "/share/pkg.8/python3/3.12.4/install/lib/python3.12/site-packages/numpy/lib/__pycache__/_datasource.cpython-312.pyc", O_RDONLY|O_CLOEXEC) = 3
3686887 stat("/share/pkg.8/python3/3.12.4/install/lib/python3.12/site-packages/numpy/lib", {st_mode=S_IFDIR|S_ISGID|0755, st_size=4096, ...}) = 0
3686887 stat("/share/pkg.8/python3/3.12.4/install/lib/python3.12/site-packages/numpy/lib/_iotools.py", {st_mode=S_IFREG|0644, st_size=30868, ...}) = 0
3686887 stat("/share/pkg.8/python3/3.12.4/install/lib/python3.12/site-packages/numpy/lib/_iotools.py", {st_mode=S_IFREG|0644, st_size=30868, ...}) = 0
3686887 openat(AT_FDCWD, "/share/pkg.8/python3/3.12.4/install/lib/python3.12/site-packages/numpy/lib/__pycache__/_iotools.cpython-312.pyc", O_RDONLY|O_CLOEXEC) = 3
3686887 stat("/share/pkg.8/python3/3.12.4/install/lib/python3.12/site-packages/numpy/lib", {st_mode=S_IFDIR|S_ISGID|0755, st_size=4096, ...}) = 0
3686887 stat("/share/pkg.8/python3/3.12.4/install/lib/python3.12/site-packages/numpy/lib/arrayterator.py", {st_mode=S_IFREG|0644, st_size=7063, ...}) = 0
3686887 stat("/share/pkg.8/python3/3.12.4/install/lib/python3.12/site-packages/numpy/lib/arrayterator.py", {st_mode=S_IFREG|0644, st_size=7063, ...}) = 0
3686887 openat(AT_FDCWD, "/share/pkg.8/python3/3.12.4/install/lib/python3.12/site-packages/numpy/lib/__pycache__/arrayterator.cpython-312.pyc", O_RDONLY|O_CLOEXEC) = 3
3686887 stat("/share/pkg.8/python3/3.12.4/install/lib/python3.12/site-packages/numpy/lib", {st_mode=S_IFDIR|S_ISGID|0755, st_size=4096, ...}) = 0
3686887 stat("/share/pkg.8/python3/3.12.4/install/lib/python3.12/site-packages/numpy/lib/arraypad.py", {st_mode=S_IFREG|0644, st_size=31803, ...}) = 0
3686887 stat("/share/pkg.8/python3/3.12.4/install/lib/python3.12/site-packages/numpy/lib/arraypad.py", {st_mode=S_IFREG|0644, st_size=31803, ...}) = 0
3686887 openat(AT_FDCWD, "/share/pkg.8/python3/3.12.4/install/lib/python3.12/site-packages/numpy/lib/__pycache__/arraypad.cpython-312.pyc", O_RDONLY|O_CLOEXEC) = 3
3686887 stat("/share/pkg.8/python3/3.12.4/install/lib/python3.12/site-packages/numpy/lib", {st_mode=S_IFDIR|S_ISGID|0755, st_size=4096, ...}) = 0
3686887 stat("/share/pkg.8/python3/3.12.4/install/lib/python3.12/site-packages/numpy/lib/_version.py", {st_mode=S_IFREG|0644, st_size=4855, ...}) = 0
3686887 stat("/share/pkg.8/python3/3.12.4/install/lib/python3.12/site-packages/numpy/lib/_version.py", {st_mode=S_IFREG|0644, st_size=4855, ...}) = 0
3686887 openat(AT_FDCWD, "/share/pkg.8/python3/3.12.4/install/lib/python3.12/site-packages/numpy/lib/__pycache__/_version.cpython-312.pyc", O_RDONLY|O_CLOEXEC) = 3
3686887 stat("/share/pkg.8/python3/3.12.4/install/lib/python3.12/site-packages/numpy", {st_mode=S_IFDIR|S_ISGID|0755, st_size=4096, ...}) = 0
3686887 stat("/share/pkg.8/python3/3.12.4/install/lib/python3.12/site-packages/numpy/fft/__init__.cpython-312-x86_64-linux-gnu.so", 0x7ffdb918ce40) = -1 ENOENT (No such file or directory)
3686887 stat("/share/pkg.8/python3/3.12.4/install/lib/python3.12/site-packages/numpy/fft/__init__.abi3.so", 0x7ffdb918ce40) = -1 ENOENT (No such file or directory)
3686887 stat("/share/pkg.8/python3/3.12.4/install/lib/python3.12/site-packages/numpy/fft/__init__.so", 0x7ffdb918ce40) = -1 ENOENT (No such file or directory)
3686887 stat("/share/pkg.8/python3/3.12.4/install/lib/python3.12/site-packages/numpy/fft/__init__.py", {st_mode=S_IFREG|0644, st_size=8175, ...}) = 0
3686887 stat("/share/pkg.8/python3/3.12.4/install/lib/python3.12/site-packages/numpy/fft/__init__.py", {st_mode=S_IFREG|0644, st_size=8175, ...}) = 0
3686887 openat(AT_FDCWD, "/share/pkg.8/python3/3.12.4/install/lib/python3.12/site-packages/numpy/fft/__pycache__/__init__.cpython-312.pyc", O_RDONLY|O_CLOEXEC) = 3
3686887 stat("/share/pkg.8/python3/3.12.4/install/lib/python3.12/site-packages/numpy/fft", {st_mode=S_IFDIR|S_ISGID|0755, st_size=4096, ...}) = 0
3686887 stat("/share/pkg.8/python3/3.12.4/install/lib/python3.12/site-packages/numpy/fft", {st_mode=S_IFDIR|S_ISGID|0755, st_size=4096, ...}) = 0
3686887 stat("/share/pkg.8/python3/3.12.4/install/lib/python3.12/site-packages/numpy/fft", {st_mode=S_IFDIR|S_ISGID|0755, st_size=4096, ...}) = 0
3686887 openat(AT_FDCWD, "/share/pkg.8/python3/3.12.4/install/lib/python3.12/site-packages/numpy/fft", O_RDONLY|O_NONBLOCK|O_CLOEXEC|O_DIRECTORY) = 3
3686887 stat("/share/pkg.8/python3/3.12.4/install/lib/python3.12/site-packages/numpy/fft/_pocketfft.py", {st_mode=S_IFREG|0644, st_size=52897, ...}) = 0
3686887 stat("/share/pkg.8/python3/3.12.4/install/lib/python3.12/site-packages/numpy/fft/_pocketfft.py", {st_mode=S_IFREG|0644, st_size=52897, ...}) = 0
3686887 openat(AT_FDCWD, "/share/pkg.8/python3/3.12.4/install/lib/python3.12/site-packages/numpy/fft/__pycache__/_pocketfft.cpython-312.pyc", O_RDONLY|O_CLOEXEC) = 3
3686887 stat("/share/pkg.8/python3/3.12.4/install/lib/python3.12/site-packages/numpy/fft", {st_mode=S_IFDIR|S_ISGID|0755, st_size=4096, ...}) = 0
3686887 stat("/share/pkg.8/python3/3.12.4/install/lib/python3.12/site-packages/numpy/fft/_pocketfft_internal.cpython-312-x86_64-linux-gnu.so", {st_mode=S_IFREG|0755, st_size=85128, ...}) = 0
3686887 openat(AT_FDCWD, "/share/pkg.8/python3/3.12.4/install/lib/python3.12/site-packages/numpy/fft/_pocketfft_internal.cpython-312-x86_64-linux-gnu.so", O_RDONLY|O_CLOEXEC) = 3
3686887 stat("/share/pkg.8/python3/3.12.4/install/lib/python3.12/site-packages/numpy/fft", {st_mode=S_IFDIR|S_ISGID|0755, st_size=4096, ...}) = 0
3686887 stat("/share/pkg.8/python3/3.12.4/install/lib/python3.12/site-packages/numpy/fft/helper.py", {st_mode=S_IFREG|0644, st_size=6154, ...}) = 0
3686887 stat("/share/pkg.8/python3/3.12.4/install/lib/python3.12/site-packages/numpy/fft/helper.py", {st_mode=S_IFREG|0644, st_size=6154, ...}) = 0
3686887 openat(AT_FDCWD, "/share/pkg.8/python3/3.12.4/install/lib/python3.12/site-packages/numpy/fft/__pycache__/helper.cpython-312.pyc", O_RDONLY|O_CLOEXEC) = 3
3686887 stat("/share/pkg.8/python3/3.12.4/install/lib/python3.12/site-packages/numpy", {st_mode=S_IFDIR|S_ISGID|0755, st_size=4096, ...}) = 0
3686887 stat("/share/pkg.8/python3/3.12.4/install/lib/python3.12/site-packages/numpy/polynomial/__init__.cpython-312-x86_64-linux-gnu.so", 0x7ffdb918ce40) = -1 ENOENT (No such file or directory)
3686887 stat("/share/pkg.8/python3/3.12.4/install/lib/python3.12/site-packages/numpy/polynomial/__init__.abi3.so", 0x7ffdb918ce40) = -1 ENOENT (No such file or directory)
3686887 stat("/share/pkg.8/python3/3.12.4/install/lib/python3.12/site-packages/numpy/polynomial/__init__.so", 0x7ffdb918ce40) = -1 ENOENT (No such file or directory)
3686887 stat("/share/pkg.8/python3/3.12.4/install/lib/python3.12/site-packages/numpy/polynomial/__init__.py", {st_mode=S_IFREG|0644, st_size=6781, ...}) = 0
3686887 stat("/share/pkg.8/python3/3.12.4/install/lib/python3.12/site-packages/numpy/polynomial/__init__.py", {st_mode=S_IFREG|0644, st_size=6781, ...}) = 0
3686887 openat(AT_FDCWD, "/share/pkg.8/python3/3.12.4/install/lib/python3.12/site-packages/numpy/polynomial/__pycache__/__init__.cpython-312.pyc", O_RDONLY|O_CLOEXEC) = 3
3686887 stat("/share/pkg.8/python3/3.12.4/install/lib/python3.12/site-packages/numpy/polynomial", {st_mode=S_IFDIR|S_ISGID|0755, st_size=4096, ...}) = 0
3686887 stat("/share/pkg.8/python3/3.12.4/install/lib/python3.12/site-packages/numpy/polynomial", {st_mode=S_IFDIR|S_ISGID|0755, st_size=4096, ...}) = 0
3686887 stat("/share/pkg.8/python3/3.12.4/install/lib/python3.12/site-packages/numpy/polynomial", {st_mode=S_IFDIR|S_ISGID|0755, st_size=4096, ...}) = 0
3686887 openat(AT_FDCWD, "/share/pkg.8/python3/3.12.4/install/lib/python3.12/site-packages/numpy/polynomial", O_RDONLY|O_NONBLOCK|O_CLOEXEC|O_DIRECTORY) = 3
3686887 stat("/share/pkg.8/python3/3.12.4/install/lib/python3.12/site-packages/numpy/polynomial/polynomial.py", {st_mode=S_IFREG|0644, st_size=49112, ...}) = 0
3686887 stat("/share/pkg.8/python3/3.12.4/install/lib/python3.12/site-packages/numpy/polynomial/polynomial.py", {st_mode=S_IFREG|0644, st_size=49112, ...}) = 0
3686887 openat(AT_FDCWD, "/share/pkg.8/python3/3.12.4/install/lib/python3.12/site-packages/numpy/polynomial/__pycache__/polynomial.cpython-312.pyc", O_RDONLY|O_CLOEXEC) = 3
3686887 stat("/share/pkg.8/python3/3.12.4/install/lib/python3.12/site-packages/numpy/polynomial", {st_mode=S_IFDIR|S_ISGID|0755, st_size=4096, ...}) = 0
3686887 stat("/share/pkg.8/python3/3.12.4/install/lib/python3.12/site-packages/numpy/polynomial/polyutils.py", {st_mode=S_IFREG|0644, st_size=23237, ...}) = 0
3686887 stat("/share/pkg.8/python3/3.12.4/install/lib/python3.12/site-packages/numpy/polynomial/polyutils.py", {st_mode=S_IFREG|0644, st_size=23237, ...}) = 0
3686887 openat(AT_FDCWD, "/share/pkg.8/python3/3.12.4/install/lib/python3.12/site-packages/numpy/polynomial/__pycache__/polyutils.cpython-312.pyc", O_RDONLY|O_CLOEXEC) = 3
3686887 stat("/share/pkg.8/python3/3.12.4/install/lib/python3.12/site-packages/numpy/polynomial", {st_mode=S_IFDIR|S_ISGID|0755, st_size=4096, ...}) = 0
3686887 stat("/share/pkg.8/python3/3.12.4/install/lib/python3.12/site-packages/numpy/polynomial/_polybase.py", {st_mode=S_IFREG|0644, st_size=39271, ...}) = 0
3686887 stat("/share/pkg.8/python3/3.12.4/install/lib/python3.12/site-packages/numpy/polynomial/_polybase.py", {st_mode=S_IFREG|0644, st_size=39271, ...}) = 0
3686887 openat(AT_FDCWD, "/share/pkg.8/python3/3.12.4/install/lib/python3.12/site-packages/numpy/polynomial/__pycache__/_polybase.cpython-312.pyc", O_RDONLY|O_CLOEXEC) = 3
3686887 stat("/share/pkg.8/python3/3.12.4/install/lib/python3.12/site-packages/numpy/polynomial", {st_mode=S_IFDIR|S_ISGID|0755, st_size=4096, ...}) = 0
3686887 stat("/share/pkg.8/python3/3.12.4/install/lib/python3.12/site-packages/numpy/polynomial/chebyshev.py", {st_mode=S_IFREG|0644, st_size=62796, ...}) = 0
3686887 stat("/share/pkg.8/python3/3.12.4/install/lib/python3.12/site-packages/numpy/polynomial/chebyshev.py", {st_mode=S_IFREG|0644, st_size=62796, ...}) = 0
3686887 openat(AT_FDCWD, "/share/pkg.8/python3/3.12.4/install/lib/python3.12/site-packages/numpy/polynomial/__pycache__/chebyshev.cpython-312.pyc", O_RDONLY|O_CLOEXEC) = 3
3686887 stat("/share/pkg.8/python3/3.12.4/install/lib/python3.12/site-packages/numpy/polynomial", {st_mode=S_IFDIR|S_ISGID|0755, st_size=4096, ...}) = 0
3686887 stat("/share/pkg.8/python3/3.12.4/install/lib/python3.12/site-packages/numpy/polynomial/legendre.py", {st_mode=S_IFREG|0644, st_size=51550, ...}) = 0
3686887 stat("/share/pkg.8/python3/3.12.4/install/lib/python3.12/site-packages/numpy/polynomial/legendre.py", {st_mode=S_IFREG|0644, st_size=51550, ...}) = 0
3686887 openat(AT_FDCWD, "/share/pkg.8/python3/3.12.4/install/lib/python3.12/site-packages/numpy/polynomial/__pycache__/legendre.cpython-312.pyc", O_RDONLY|O_CLOEXEC) = 3
3686887 stat("/share/pkg.8/python3/3.12.4/install/lib/python3.12/site-packages/numpy/polynomial", {st_mode=S_IFDIR|S_ISGID|0755, st_size=4096, ...}) = 0
3686887 stat("/share/pkg.8/python3/3.12.4/install/lib/python3.12/site-packages/numpy/polynomial/hermite.py", {st_mode=S_IFREG|0644, st_size=52514, ...}) = 0
3686887 stat("/share/pkg.8/python3/3.12.4/install/lib/python3.12/site-packages/numpy/polynomial/hermite.py", {st_mode=S_IFREG|0644, st_size=52514, ...}) = 0
3686887 openat(AT_FDCWD, "/share/pkg.8/python3/3.12.4/install/lib/python3.12/site-packages/numpy/polynomial/__pycache__/hermite.cpython-312.pyc", O_RDONLY|O_CLOEXEC) = 3
3686887 stat("/share/pkg.8/python3/3.12.4/install/lib/python3.12/site-packages/numpy/polynomial", {st_mode=S_IFDIR|S_ISGID|0755, st_size=4096, ...}) = 0
3686887 stat("/share/pkg.8/python3/3.12.4/install/lib/python3.12/site-packages/numpy/polynomial/hermite_e.py", {st_mode=S_IFREG|0644, st_size=52642, ...}) = 0
3686887 stat("/share/pkg.8/python3/3.12.4/install/lib/python3.12/site-packages/numpy/polynomial/hermite_e.py", {st_mode=S_IFREG|0644, st_size=52642, ...}) = 0
3686887 openat(AT_FDCWD, "/share/pkg.8/python3/3.12.4/install/lib/python3.12/site-packages/numpy/polynomial/__pycache__/hermite_e.cpython-312.pyc", O_RDONLY|O_CLOEXEC) = 3
3686887 stat("/share/pkg.8/python3/3.12.4/install/lib/python3.12/site-packages/numpy/polynomial", {st_mode=S_IFDIR|S_ISGID|0755, st_size=4096, ...}) = 0
3686887 stat("/share/pkg.8/python3/3.12.4/install/lib/python3.12/site-packages/numpy/polynomial/laguerre.py", {st_mode=S_IFREG|0644, st_size=50858, ...}) = 0
3686887 stat("/share/pkg.8/python3/3.12.4/install/lib/python3.12/site-packages/numpy/polynomial/laguerre.py", {st_mode=S_IFREG|0644, st_size=50858, ...}) = 0
3686887 openat(AT_FDCWD, "/share/pkg.8/python3/3.12.4/install/lib/python3.12/site-packages/numpy/polynomial/__pycache__/laguerre.cpython-312.pyc", O_RDONLY|O_CLOEXEC) = 3
3686887 stat("/share/pkg.8/python3/3.12.4/install/lib/python3.12/site-packages/numpy", {st_mode=S_IFDIR|S_ISGID|0755, st_size=4096, ...}) = 0
3686887 stat("/share/pkg.8/python3/3.12.4/install/lib/python3.12/site-packages/numpy/random/__init__.cpython-312-x86_64-linux-gnu.so", 0x7ffdb918ce40) = -1 ENOENT (No such file or directory)
3686887 stat("/share/pkg.8/python3/3.12.4/install/lib/python3.12/site-packages/numpy/random/__init__.abi3.so", 0x7ffdb918ce40) = -1 ENOENT (No such file or directory)
3686887 stat("/share/pkg.8/python3/3.12.4/install/lib/python3.12/site-packages/numpy/random/__init__.so", 0x7ffdb918ce40) = -1 ENOENT (No such file or directory)
3686887 stat("/share/pkg.8/python3/3.12.4/install/lib/python3.12/site-packages/numpy/random/__init__.py", {st_mode=S_IFREG|0644, st_size=7506, ...}) = 0
3686887 stat("/share/pkg.8/python3/3.12.4/install/lib/python3.12/site-packages/numpy/random/__init__.py", {st_mode=S_IFREG|0644, st_size=7506, ...}) = 0
3686887 openat(AT_FDCWD, "/share/pkg.8/python3/3.12.4/install/lib/python3.12/site-packages/numpy/random/__pycache__/__init__.cpython-312.pyc", O_RDONLY|O_CLOEXEC) = 3
3686887 stat("/share/pkg.8/python3/3.12.4/install/lib/python3.12/site-packages/numpy/random", {st_mode=S_IFDIR|S_ISGID|0755, st_size=4096, ...}) = 0
3686887 stat("/share/pkg.8/python3/3.12.4/install/lib/python3.12/site-packages/numpy/random", {st_mode=S_IFDIR|S_ISGID|0755, st_size=4096, ...}) = 0
3686887 stat("/share/pkg.8/python3/3.12.4/install/lib/python3.12/site-packages/numpy/random", {st_mode=S_IFDIR|S_ISGID|0755, st_size=4096, ...}) = 0
3686887 openat(AT_FDCWD, "/share/pkg.8/python3/3.12.4/install/lib/python3.12/site-packages/numpy/random", O_RDONLY|O_NONBLOCK|O_CLOEXEC|O_DIRECTORY) = 3
3686887 stat("/share/pkg.8/python3/3.12.4/install/lib/python3.12/site-packages/numpy/random/_pickle.py", {st_mode=S_IFREG|0644, st_size=2318, ...}) = 0
3686887 stat("/share/pkg.8/python3/3.12.4/install/lib/python3.12/site-packages/numpy/random/_pickle.py", {st_mode=S_IFREG|0644, st_size=2318, ...}) = 0
3686887 openat(AT_FDCWD, "/share/pkg.8/python3/3.12.4/install/lib/python3.12/site-packages/numpy/random/__pycache__/_pickle.cpython-312.pyc", O_RDONLY|O_CLOEXEC) = 3
3686887 stat("/share/pkg.8/python3/3.12.4/install/lib/python3.12/site-packages/numpy/random", {st_mode=S_IFDIR|S_ISGID|0755, st_size=4096, ...}) = 0
3686887 stat("/share/pkg.8/python3/3.12.4/install/lib/python3.12/site-packages/numpy/random/mtrand.cpython-312-x86_64-linux-gnu.so", {st_mode=S_IFREG|0755, st_size=745848, ...}) = 0
3686887 openat(AT_FDCWD, "/share/pkg.8/python3/3.12.4/install/lib/python3.12/site-packages/numpy/random/mtrand.cpython-312-x86_64-linux-gnu.so", O_RDONLY|O_CLOEXEC) = 3
3686887 stat("/share/pkg.8/python3/3.12.4/install/lib/python3.12/site-packages/numpy/random", {st_mode=S_IFDIR|S_ISGID|0755, st_size=4096, ...}) = 0
3686887 stat("/share/pkg.8/python3/3.12.4/install/lib/python3.12/site-packages/numpy/random/bit_generator.cpython-312-x86_64-linux-gnu.so", {st_mode=S_IFREG|0755, st_size=230208, ...}) = 0
3686887 openat(AT_FDCWD, "/share/pkg.8/python3/3.12.4/install/lib/python3.12/site-packages/numpy/random/bit_generator.cpython-312-x86_64-linux-gnu.so", O_RDONLY|O_CLOEXEC) = 3
3686887 stat("/share/pkg.8/python3/3.12.4/install/lib/python3.12/site-packages/numpy/random", {st_mode=S_IFDIR|S_ISGID|0755, st_size=4096, ...}) = 0
3686887 stat("/share/pkg.8/python3/3.12.4/install/lib/python3.12/site-packages/numpy/random/_common.cpython-312-x86_64-linux-gnu.so", {st_mode=S_IFREG|0755, st_size=246952, ...}) = 0
3686887 openat(AT_FDCWD, "/share/pkg.8/python3/3.12.4/install/lib/python3.12/site-packages/numpy/random/_common.cpython-312-x86_64-linux-gnu.so", O_RDONLY|O_CLOEXEC) = 3
3686887 stat("/projectnb/rcs-intern/reetom/sif", {st_mode=S_IFDIR|S_ISGID|0755, st_size=4096, ...}) = 0
3686887 stat("/share/pkg.8/python3/3.12.4/install/lib/python3.12", {st_mode=S_IFDIR|S_ISGID|0755, st_size=8192, ...}) = 0
3686887 stat("/share/pkg.8/python3/3.12.4/install/lib/python3.12/lib-dynload", {st_mode=S_IFDIR|S_ISGID|0755, st_size=8192, ...}) = 0
3686887 stat("/share/pkg.8/python3/3.12.4/install/lib/python3.12/site-packages", {st_mode=S_IFDIR|S_ISGID|0755, st_size=131072, ...}) = 0
3686887 stat("/projectnb/rcs-intern/reetom/sif", {st_mode=S_IFDIR|S_ISGID|0755, st_size=4096, ...}) = 0
3686887 stat("/share/pkg.8/python3/3.12.4/install/lib/python3.12", {st_mode=S_IFDIR|S_ISGID|0755, st_size=8192, ...}) = 0
3686887 stat("/share/pkg.8/python3/3.12.4/install/lib/python3.12/secrets.py", {st_mode=S_IFREG|0644, st_size=1984, ...}) = 0
3686887 stat("/share/pkg.8/python3/3.12.4/install/lib/python3.12/secrets.py", {st_mode=S_IFREG|0644, st_size=1984, ...}) = 0
3686887 openat(AT_FDCWD, "/share/pkg.8/python3/3.12.4/install/lib/python3.12/__pycache__/secrets.cpython-312.pyc", O_RDONLY|O_CLOEXEC) = 3
3686887 stat("/projectnb/rcs-intern/reetom/sif", {st_mode=S_IFDIR|S_ISGID|0755, st_size=4096, ...}) = 0
3686887 stat("/share/pkg.8/python3/3.12.4/install/lib/python3.12", {st_mode=S_IFDIR|S_ISGID|0755, st_size=8192, ...}) = 0
3686887 stat("/share/pkg.8/python3/3.12.4/install/lib/python3.12/base64.py", {st_mode=S_IFREG|0755, st_size=20635, ...}) = 0
3686887 stat("/share/pkg.8/python3/3.12.4/install/lib/python3.12/base64.py", {st_mode=S_IFREG|0755, st_size=20635, ...}) = 0
3686887 openat(AT_FDCWD, "/share/pkg.8/python3/3.12.4/install/lib/python3.12/__pycache__/base64.cpython-312.pyc", O_RDONLY|O_CLOEXEC) = 3
3686887 stat("/projectnb/rcs-intern/reetom/sif", {st_mode=S_IFDIR|S_ISGID|0755, st_size=4096, ...}) = 0
3686887 stat("/share/pkg.8/python3/3.12.4/install/lib/python3.12", {st_mode=S_IFDIR|S_ISGID|0755, st_size=8192, ...}) = 0
3686887 stat("/share/pkg.8/python3/3.12.4/install/lib/python3.12/lib-dynload", {st_mode=S_IFDIR|S_ISGID|0755, st_size=8192, ...}) = 0
3686887 stat("/share/pkg.8/python3/3.12.4/install/lib/python3.12/lib-dynload/binascii.cpython-312-x86_64-linux-gnu.so", {st_mode=S_IFREG|0755, st_size=189720, ...}) = 0
3686887 openat(AT_FDCWD, "/share/pkg.8/python3/3.12.4/install/lib/python3.12/lib-dynload/binascii.cpython-312-x86_64-linux-gnu.so", O_RDONLY|O_CLOEXEC) = 3
3686887 openat(AT_FDCWD, "/share/pkg.8/python3/3.12.4/install/lib/libz.so.1", O_RDONLY|O_CLOEXEC) = -1 ENOENT (No such file or directory)
3686887 openat(AT_FDCWD, "/share/pkg.8/python3/3.12.4/install/lib/libz.so.1", O_RDONLY|O_CLOEXEC) = -1 ENOENT (No such file or directory)
3686887 openat(AT_FDCWD, "/share/pkg.8/gcc/12.2.0/install/lib64/libz.so.1", O_RDONLY|O_CLOEXEC) = -1 ENOENT (No such file or directory)
3686887 openat(AT_FDCWD, "/share/pkg.8/python3/3.12.4/install/lib/libz.so.1", O_RDONLY|O_CLOEXEC) = -1 ENOENT (No such file or directory)
3686887 openat(AT_FDCWD, "/etc/ld.so.cache", O_RDONLY|O_CLOEXEC) = 3
3686887 openat(AT_FDCWD, "/lib64/libz.so.1", O_RDONLY|O_CLOEXEC) = 3
3686887 stat("/projectnb/rcs-intern/reetom/sif", {st_mode=S_IFDIR|S_ISGID|0755, st_size=4096, ...}) = 0
3686887 stat("/share/pkg.8/python3/3.12.4/install/lib/python3.12", {st_mode=S_IFDIR|S_ISGID|0755, st_size=8192, ...}) = 0
3686887 stat("/share/pkg.8/python3/3.12.4/install/lib/python3.12/hmac.py", {st_mode=S_IFREG|0644, st_size=7716, ...}) = 0
3686887 stat("/share/pkg.8/python3/3.12.4/install/lib/python3.12/hmac.py", {st_mode=S_IFREG|0644, st_size=7716, ...}) = 0
3686887 openat(AT_FDCWD, "/share/pkg.8/python3/3.12.4/install/lib/python3.12/__pycache__/hmac.cpython-312.pyc", O_RDONLY|O_CLOEXEC) = 3
3686887 stat("/projectnb/rcs-intern/reetom/sif", {st_mode=S_IFDIR|S_ISGID|0755, st_size=4096, ...}) = 0
3686887 stat("/share/pkg.8/python3/3.12.4/install/lib/python3.12", {st_mode=S_IFDIR|S_ISGID|0755, st_size=8192, ...}) = 0
3686887 stat("/share/pkg.8/python3/3.12.4/install/lib/python3.12/lib-dynload", {st_mode=S_IFDIR|S_ISGID|0755, st_size=8192, ...}) = 0
3686887 stat("/share/pkg.8/python3/3.12.4/install/lib/python3.12/lib-dynload/_hashlib.cpython-312-x86_64-linux-gnu.so", {st_mode=S_IFREG|0755, st_size=208368, ...}) = 0
3686887 openat(AT_FDCWD, "/share/pkg.8/python3/3.12.4/install/lib/python3.12/lib-dynload/_hashlib.cpython-312-x86_64-linux-gnu.so", O_RDONLY|O_CLOEXEC) = 3
3686887 openat(AT_FDCWD, "/share/pkg.8/python3/3.12.4/install/lib/libcrypto.so.1.1", O_RDONLY|O_CLOEXEC) = -1 ENOENT (No such file or directory)
3686887 openat(AT_FDCWD, "/share/pkg.8/python3/3.12.4/install/lib/libcrypto.so.1.1", O_RDONLY|O_CLOEXEC) = -1 ENOENT (No such file or directory)
3686887 openat(AT_FDCWD, "/share/pkg.8/gcc/12.2.0/install/lib64/libcrypto.so.1.1", O_RDONLY|O_CLOEXEC) = -1 ENOENT (No such file or directory)
3686887 openat(AT_FDCWD, "/share/pkg.8/python3/3.12.4/install/lib/libcrypto.so.1.1", O_RDONLY|O_CLOEXEC) = -1 ENOENT (No such file or directory)
3686887 openat(AT_FDCWD, "/etc/ld.so.cache", O_RDONLY|O_CLOEXEC) = 3
3686887 openat(AT_FDCWD, "/lib64/libcrypto.so.1.1", O_RDONLY|O_CLOEXEC) = 3
3686887 openat(AT_FDCWD, "/proc/sys/crypto/fips_enabled", O_RDONLY) = 3
3686887 access("/etc/system-fips", F_OK) = -1 ENOENT (No such file or directory)
3686887 stat("/projectnb/rcs-intern/reetom/sif", {st_mode=S_IFDIR|S_ISGID|0755, st_size=4096, ...}) = 0
3686887 stat("/share/pkg.8/python3/3.12.4/install/lib/python3.12", {st_mode=S_IFDIR|S_ISGID|0755, st_size=8192, ...}) = 0
3686887 stat("/share/pkg.8/python3/3.12.4/install/lib/python3.12/hashlib.py", {st_mode=S_IFREG|0644, st_size=9349, ...}) = 0
3686887 stat("/share/pkg.8/python3/3.12.4/install/lib/python3.12/hashlib.py", {st_mode=S_IFREG|0644, st_size=9349, ...}) = 0
3686887 openat(AT_FDCWD, "/share/pkg.8/python3/3.12.4/install/lib/python3.12/__pycache__/hashlib.cpython-312.pyc", O_RDONLY|O_CLOEXEC) = 3
3686887 stat("/projectnb/rcs-intern/reetom/sif", {st_mode=S_IFDIR|S_ISGID|0755, st_size=4096, ...}) = 0
3686887 stat("/share/pkg.8/python3/3.12.4/install/lib/python3.12", {st_mode=S_IFDIR|S_ISGID|0755, st_size=8192, ...}) = 0
3686887 stat("/share/pkg.8/python3/3.12.4/install/lib/python3.12/lib-dynload", {st_mode=S_IFDIR|S_ISGID|0755, st_size=8192, ...}) = 0
3686887 stat("/share/pkg.8/python3/3.12.4/install/lib/python3.12/lib-dynload/_blake2.cpython-312-x86_64-linux-gnu.so", {st_mode=S_IFREG|0755, st_size=220280, ...}) = 0
3686887 openat(AT_FDCWD, "/share/pkg.8/python3/3.12.4/install/lib/python3.12/lib-dynload/_blake2.cpython-312-x86_64-linux-gnu.so", O_RDONLY|O_CLOEXEC) = 3
3686887 stat("/projectnb/rcs-intern/reetom/sif", {st_mode=S_IFDIR|S_ISGID|0755, st_size=4096, ...}) = 0
3686887 stat("/share/pkg.8/python3/3.12.4/install/lib/python3.12", {st_mode=S_IFDIR|S_ISGID|0755, st_size=8192, ...}) = 0
3686887 stat("/share/pkg.8/python3/3.12.4/install/lib/python3.12/random.py", {st_mode=S_IFREG|0644, st_size=34683, ...}) = 0
3686887 stat("/share/pkg.8/python3/3.12.4/install/lib/python3.12/random.py", {st_mode=S_IFREG|0644, st_size=34683, ...}) = 0
3686887 openat(AT_FDCWD, "/share/pkg.8/python3/3.12.4/install/lib/python3.12/__pycache__/random.cpython-312.pyc", O_RDONLY|O_CLOEXEC) = 3
3686887 stat("/projectnb/rcs-intern/reetom/sif", {st_mode=S_IFDIR|S_ISGID|0755, st_size=4096, ...}) = 0
3686887 stat("/share/pkg.8/python3/3.12.4/install/lib/python3.12", {st_mode=S_IFDIR|S_ISGID|0755, st_size=8192, ...}) = 0
3686887 stat("/share/pkg.8/python3/3.12.4/install/lib/python3.12/bisect.py", {st_mode=S_IFREG|0644, st_size=3423, ...}) = 0
3686887 stat("/share/pkg.8/python3/3.12.4/install/lib/python3.12/bisect.py", {st_mode=S_IFREG|0644, st_size=3423, ...}) = 0
3686887 openat(AT_FDCWD, "/share/pkg.8/python3/3.12.4/install/lib/python3.12/__pycache__/bisect.cpython-312.pyc", O_RDONLY|O_CLOEXEC) = 3
3686887 stat("/projectnb/rcs-intern/reetom/sif", {st_mode=S_IFDIR|S_ISGID|0755, st_size=4096, ...}) = 0
3686887 stat("/share/pkg.8/python3/3.12.4/install/lib/python3.12", {st_mode=S_IFDIR|S_ISGID|0755, st_size=8192, ...}) = 0
3686887 stat("/share/pkg.8/python3/3.12.4/install/lib/python3.12/lib-dynload", {st_mode=S_IFDIR|S_ISGID|0755, st_size=8192, ...}) = 0
3686887 stat("/share/pkg.8/python3/3.12.4/install/lib/python3.12/lib-dynload/_bisect.cpython-312-x86_64-linux-gnu.so", {st_mode=S_IFREG|0755, st_size=70744, ...}) = 0
3686887 openat(AT_FDCWD, "/share/pkg.8/python3/3.12.4/install/lib/python3.12/lib-dynload/_bisect.cpython-312-x86_64-linux-gnu.so", O_RDONLY|O_CLOEXEC) = 3
3686887 stat("/projectnb/rcs-intern/reetom/sif", {st_mode=S_IFDIR|S_ISGID|0755, st_size=4096, ...}) = 0
3686887 stat("/share/pkg.8/python3/3.12.4/install/lib/python3.12", {st_mode=S_IFDIR|S_ISGID|0755, st_size=8192, ...}) = 0
3686887 stat("/share/pkg.8/python3/3.12.4/install/lib/python3.12/lib-dynload", {st_mode=S_IFDIR|S_ISGID|0755, st_size=8192, ...}) = 0
3686887 stat("/share/pkg.8/python3/3.12.4/install/lib/python3.12/lib-dynload/_random.cpython-312-x86_64-linux-gnu.so", {st_mode=S_IFREG|0755, st_size=60352, ...}) = 0
3686887 openat(AT_FDCWD, "/share/pkg.8/python3/3.12.4/install/lib/python3.12/lib-dynload/_random.cpython-312-x86_64-linux-gnu.so", O_RDONLY|O_CLOEXEC) = 3
3686887 stat("/projectnb/rcs-intern/reetom/sif", {st_mode=S_IFDIR|S_ISGID|0755, st_size=4096, ...}) = 0
3686887 stat("/share/pkg.8/python3/3.12.4/install/lib/python3.12", {st_mode=S_IFDIR|S_ISGID|0755, st_size=8192, ...}) = 0
3686887 stat("/share/pkg.8/python3/3.12.4/install/lib/python3.12/lib-dynload", {st_mode=S_IFDIR|S_ISGID|0755, st_size=8192, ...}) = 0
3686887 stat("/share/pkg.8/python3/3.12.4/install/lib/python3.12/lib-dynload/_sha2.cpython-312-x86_64-linux-gnu.so", {st_mode=S_IFREG|0755, st_size=1425216, ...}) = 0
3686887 openat(AT_FDCWD, "/share/pkg.8/python3/3.12.4/install/lib/python3.12/lib-dynload/_sha2.cpython-312-x86_64-linux-gnu.so", O_RDONLY|O_CLOEXEC) = 3
3686887 stat("/share/pkg.8/python3/3.12.4/install/lib/python3.12/site-packages/numpy/random", {st_mode=S_IFDIR|S_ISGID|0755, st_size=4096, ...}) = 0
3686887 stat("/share/pkg.8/python3/3.12.4/install/lib/python3.12/site-packages/numpy/random/_bounded_integers.cpython-312-x86_64-linux-gnu.so", {st_mode=S_IFREG|0755, st_size=336568, ...}) = 0
3686887 openat(AT_FDCWD, "/share/pkg.8/python3/3.12.4/install/lib/python3.12/site-packages/numpy/random/_bounded_integers.cpython-312-x86_64-linux-gnu.so", O_RDONLY|O_CLOEXEC) = 3
3686887 stat("/share/pkg.8/python3/3.12.4/install/lib/python3.12/site-packages/numpy/random", {st_mode=S_IFDIR|S_ISGID|0755, st_size=4096, ...}) = 0
3686887 stat("/share/pkg.8/python3/3.12.4/install/lib/python3.12/site-packages/numpy/random/_mt19937.cpython-312-x86_64-linux-gnu.so", {st_mode=S_IFREG|0755, st_size=115680, ...}) = 0
3686887 openat(AT_FDCWD, "/share/pkg.8/python3/3.12.4/install/lib/python3.12/site-packages/numpy/random/_mt19937.cpython-312-x86_64-linux-gnu.so", O_RDONLY|O_CLOEXEC) = 3
3686887 stat("/share/pkg.8/python3/3.12.4/install/lib/python3.12/site-packages/numpy/random", {st_mode=S_IFDIR|S_ISGID|0755, st_size=4096, ...}) = 0
3686887 stat("/share/pkg.8/python3/3.12.4/install/lib/python3.12/site-packages/numpy/random/_philox.cpython-312-x86_64-linux-gnu.so", {st_mode=S_IFREG|0755, st_size=102856, ...}) = 0
3686887 openat(AT_FDCWD, "/share/pkg.8/python3/3.12.4/install/lib/python3.12/site-packages/numpy/random/_philox.cpython-312-x86_64-linux-gnu.so", O_RDONLY|O_CLOEXEC) = 3
3686887 stat("/share/pkg.8/python3/3.12.4/install/lib/python3.12/site-packages/numpy/random", {st_mode=S_IFDIR|S_ISGID|0755, st_size=4096, ...}) = 0
3686887 stat("/share/pkg.8/python3/3.12.4/install/lib/python3.12/site-packages/numpy/random/_pcg64.cpython-312-x86_64-linux-gnu.so", {st_mode=S_IFREG|0755, st_size=125320, ...}) = 0
3686887 openat(AT_FDCWD, "/share/pkg.8/python3/3.12.4/install/lib/python3.12/site-packages/numpy/random/_pcg64.cpython-312-x86_64-linux-gnu.so", O_RDONLY|O_CLOEXEC) = 3
3686887 stat("/share/pkg.8/python3/3.12.4/install/lib/python3.12/site-packages/numpy/random", {st_mode=S_IFDIR|S_ISGID|0755, st_size=4096, ...}) = 0
3686887 stat("/share/pkg.8/python3/3.12.4/install/lib/python3.12/site-packages/numpy/random/_sfc64.cpython-312-x86_64-linux-gnu.so", {st_mode=S_IFREG|0755, st_size=68280, ...}) = 0
3686887 openat(AT_FDCWD, "/share/pkg.8/python3/3.12.4/install/lib/python3.12/site-packages/numpy/random/_sfc64.cpython-312-x86_64-linux-gnu.so", O_RDONLY|O_CLOEXEC) = 3
3686887 stat("/share/pkg.8/python3/3.12.4/install/lib/python3.12/site-packages/numpy/random", {st_mode=S_IFDIR|S_ISGID|0755, st_size=4096, ...}) = 0
3686887 stat("/share/pkg.8/python3/3.12.4/install/lib/python3.12/site-packages/numpy/random/_generator.cpython-312-x86_64-linux-gnu.so", {st_mode=S_IFREG|0755, st_size=935016, ...}) = 0
3686887 openat(AT_FDCWD, "/share/pkg.8/python3/3.12.4/install/lib/python3.12/site-packages/numpy/random/_generator.cpython-312-x86_64-linux-gnu.so", O_RDONLY|O_CLOEXEC) = 3
3686887 stat("/share/pkg.8/python3/3.12.4/install/lib/python3.12/site-packages/numpy", {st_mode=S_IFDIR|S_ISGID|0755, st_size=4096, ...}) = 0
3686887 stat("/share/pkg.8/python3/3.12.4/install/lib/python3.12/site-packages/numpy/ctypeslib.py", {st_mode=S_IFREG|0644, st_size=17247, ...}) = 0
3686887 stat("/share/pkg.8/python3/3.12.4/install/lib/python3.12/site-packages/numpy/ctypeslib.py", {st_mode=S_IFREG|0644, st_size=17247, ...}) = 0
3686887 openat(AT_FDCWD, "/share/pkg.8/python3/3.12.4/install/lib/python3.12/site-packages/numpy/__pycache__/ctypeslib.cpython-312.pyc", O_RDONLY|O_CLOEXEC) = 3
3686887 stat("/share/pkg.8/python3/3.12.4/install/lib/python3.12/site-packages/numpy", {st_mode=S_IFDIR|S_ISGID|0755, st_size=4096, ...}) = 0
3686887 stat("/share/pkg.8/python3/3.12.4/install/lib/python3.12/site-packages/numpy/ma/__init__.cpython-312-x86_64-linux-gnu.so", 0x7ffdb918ce40) = -1 ENOENT (No such file or directory)
3686887 stat("/share/pkg.8/python3/3.12.4/install/lib/python3.12/site-packages/numpy/ma/__init__.abi3.so", 0x7ffdb918ce40) = -1 ENOENT (No such file or directory)
3686887 stat("/share/pkg.8/python3/3.12.4/install/lib/python3.12/site-packages/numpy/ma/__init__.so", 0x7ffdb918ce40) = -1 ENOENT (No such file or directory)
3686887 stat("/share/pkg.8/python3/3.12.4/install/lib/python3.12/site-packages/numpy/ma/__init__.py", {st_mode=S_IFREG|0644, st_size=1404, ...}) = 0
3686887 stat("/share/pkg.8/python3/3.12.4/install/lib/python3.12/site-packages/numpy/ma/__init__.py", {st_mode=S_IFREG|0644, st_size=1404, ...}) = 0
3686887 openat(AT_FDCWD, "/share/pkg.8/python3/3.12.4/install/lib/python3.12/site-packages/numpy/ma/__pycache__/__init__.cpython-312.pyc", O_RDONLY|O_CLOEXEC) = 3
3686887 stat("/share/pkg.8/python3/3.12.4/install/lib/python3.12/site-packages/numpy/ma", {st_mode=S_IFDIR|S_ISGID|0755, st_size=4096, ...}) = 0
3686887 stat("/share/pkg.8/python3/3.12.4/install/lib/python3.12/site-packages/numpy/ma", {st_mode=S_IFDIR|S_ISGID|0755, st_size=4096, ...}) = 0
3686887 stat("/share/pkg.8/python3/3.12.4/install/lib/python3.12/site-packages/numpy/ma", {st_mode=S_IFDIR|S_ISGID|0755, st_size=4096, ...}) = 0
3686887 openat(AT_FDCWD, "/share/pkg.8/python3/3.12.4/install/lib/python3.12/site-packages/numpy/ma", O_RDONLY|O_NONBLOCK|O_CLOEXEC|O_DIRECTORY) = 3
3686887 stat("/share/pkg.8/python3/3.12.4/install/lib/python3.12/site-packages/numpy/ma/core.py", {st_mode=S_IFREG|0644, st_size=278213, ...}) = 0
3686887 stat("/share/pkg.8/python3/3.12.4/install/lib/python3.12/site-packages/numpy/ma/core.py", {st_mode=S_IFREG|0644, st_size=278213, ...}) = 0
3686887 openat(AT_FDCWD, "/share/pkg.8/python3/3.12.4/install/lib/python3.12/site-packages/numpy/ma/__pycache__/core.cpython-312.pyc", O_RDONLY|O_CLOEXEC) = 3
3686887 stat("/projectnb/rcs-intern/reetom/sif", {st_mode=S_IFDIR|S_ISGID|0755, st_size=4096, ...}) = 0
3686887 stat("/share/pkg.8/python3/3.12.4/install/lib/python3.12", {st_mode=S_IFDIR|S_ISGID|0755, st_size=8192, ...}) = 0
3686887 stat("/share/pkg.8/python3/3.12.4/install/lib/python3.12/inspect.py", {st_mode=S_IFREG|0644, st_size=126503, ...}) = 0
3686887 stat("/share/pkg.8/python3/3.12.4/install/lib/python3.12/inspect.py", {st_mode=S_IFREG|0644, st_size=126503, ...}) = 0
3686887 openat(AT_FDCWD, "/share/pkg.8/python3/3.12.4/install/lib/python3.12/__pycache__/inspect.cpython-312.pyc", O_RDONLY|O_CLOEXEC) = 3
3686887 stat("/projectnb/rcs-intern/reetom/sif", {st_mode=S_IFDIR|S_ISGID|0755, st_size=4096, ...}) = 0
3686887 stat("/share/pkg.8/python3/3.12.4/install/lib/python3.12", {st_mode=S_IFDIR|S_ISGID|0755, st_size=8192, ...}) = 0
3686887 stat("/share/pkg.8/python3/3.12.4/install/lib/python3.12/dis.py", {st_mode=S_IFREG|0644, st_size=30209, ...}) = 0
3686887 stat("/share/pkg.8/python3/3.12.4/install/lib/python3.12/dis.py", {st_mode=S_IFREG|0644, st_size=30209, ...}) = 0
3686887 openat(AT_FDCWD, "/share/pkg.8/python3/3.12.4/install/lib/python3.12/__pycache__/dis.cpython-312.pyc", O_RDONLY|O_CLOEXEC) = 3
3686887 stat("/projectnb/rcs-intern/reetom/sif", {st_mode=S_IFDIR|S_ISGID|0755, st_size=4096, ...}) = 0
3686887 stat("/share/pkg.8/python3/3.12.4/install/lib/python3.12", {st_mode=S_IFDIR|S_ISGID|0755, st_size=8192, ...}) = 0
3686887 stat("/share/pkg.8/python3/3.12.4/install/lib/python3.12/opcode.py", {st_mode=S_IFREG|0644, st_size=13174, ...}) = 0
3686887 stat("/share/pkg.8/python3/3.12.4/install/lib/python3.12/opcode.py", {st_mode=S_IFREG|0644, st_size=13174, ...}) = 0
3686887 openat(AT_FDCWD, "/share/pkg.8/python3/3.12.4/install/lib/python3.12/__pycache__/opcode.cpython-312.pyc", O_RDONLY|O_CLOEXEC) = 3
3686887 stat("/projectnb/rcs-intern/reetom/sif", {st_mode=S_IFDIR|S_ISGID|0755, st_size=4096, ...}) = 0
3686887 stat("/share/pkg.8/python3/3.12.4/install/lib/python3.12", {st_mode=S_IFDIR|S_ISGID|0755, st_size=8192, ...}) = 0
3686887 stat("/share/pkg.8/python3/3.12.4/install/lib/python3.12/lib-dynload", {st_mode=S_IFDIR|S_ISGID|0755, st_size=8192, ...}) = 0
3686887 stat("/share/pkg.8/python3/3.12.4/install/lib/python3.12/lib-dynload/_opcode.cpython-312-x86_64-linux-gnu.so", {st_mode=S_IFREG|0755, st_size=28496, ...}) = 0
3686887 openat(AT_FDCWD, "/share/pkg.8/python3/3.12.4/install/lib/python3.12/lib-dynload/_opcode.cpython-312-x86_64-linux-gnu.so", O_RDONLY|O_CLOEXEC) = 3
3686887 stat("/projectnb/rcs-intern/reetom/sif", {st_mode=S_IFDIR|S_ISGID|0755, st_size=4096, ...}) = 0
3686887 stat("/share/pkg.8/python3/3.12.4/install/lib/python3.12", {st_mode=S_IFDIR|S_ISGID|0755, st_size=8192, ...}) = 0
3686887 stat("/share/pkg.8/python3/3.12.4/install/lib/python3.12/linecache.py", {st_mode=S_IFREG|0644, st_size=5649, ...}) = 0
3686887 stat("/share/pkg.8/python3/3.12.4/install/lib/python3.12/linecache.py", {st_mode=S_IFREG|0644, st_size=5649, ...}) = 0
3686887 openat(AT_FDCWD, "/share/pkg.8/python3/3.12.4/install/lib/python3.12/__pycache__/linecache.cpython-312.pyc", O_RDONLY|O_CLOEXEC) = 3
3686887 stat("/projectnb/rcs-intern/reetom/sif", {st_mode=S_IFDIR|S_ISGID|0755, st_size=4096, ...}) = 0
3686887 stat("/share/pkg.8/python3/3.12.4/install/lib/python3.12", {st_mode=S_IFDIR|S_ISGID|0755, st_size=8192, ...}) = 0
3686887 stat("/share/pkg.8/python3/3.12.4/install/lib/python3.12/tokenize.py", {st_mode=S_IFREG|0644, st_size=21214, ...}) = 0
3686887 stat("/share/pkg.8/python3/3.12.4/install/lib/python3.12/tokenize.py", {st_mode=S_IFREG|0644, st_size=21214, ...}) = 0
3686887 openat(AT_FDCWD, "/share/pkg.8/python3/3.12.4/install/lib/python3.12/__pycache__/tokenize.cpython-312.pyc", O_RDONLY|O_CLOEXEC) = 3
3686887 stat("/projectnb/rcs-intern/reetom/sif", {st_mode=S_IFDIR|S_ISGID|0755, st_size=4096, ...}) = 0
3686887 stat("/share/pkg.8/python3/3.12.4/install/lib/python3.12", {st_mode=S_IFDIR|S_ISGID|0755, st_size=8192, ...}) = 0
3686887 stat("/share/pkg.8/python3/3.12.4/install/lib/python3.12/token.py", {st_mode=S_IFREG|0644, st_size=2479, ...}) = 0
3686887 stat("/share/pkg.8/python3/3.12.4/install/lib/python3.12/token.py", {st_mode=S_IFREG|0644, st_size=2479, ...}) = 0
3686887 openat(AT_FDCWD, "/share/pkg.8/python3/3.12.4/install/lib/python3.12/__pycache__/token.cpython-312.pyc", O_RDONLY|O_CLOEXEC) = 3
3686887 stat("/share/pkg.8/python3/3.12.4/install/lib/python3.12/site-packages/numpy/ma", {st_mode=S_IFDIR|S_ISGID|0755, st_size=4096, ...}) = 0
3686887 stat("/share/pkg.8/python3/3.12.4/install/lib/python3.12/site-packages/numpy/ma/extras.py", {st_mode=S_IFREG|0644, st_size=64383, ...}) = 0
3686887 stat("/share/pkg.8/python3/3.12.4/install/lib/python3.12/site-packages/numpy/ma/extras.py", {st_mode=S_IFREG|0644, st_size=64383, ...}) = 0
3686887 openat(AT_FDCWD, "/share/pkg.8/python3/3.12.4/install/lib/python3.12/site-packages/numpy/ma/__pycache__/extras.cpython-312.pyc", O_RDONLY|O_CLOEXEC) = 3
3686887 readlink("/proc/self/exe", ""..., 4096) = 50
3686887 openat(AT_FDCWD, "/share/pkg.8/intel/2024.0/install/mkl/latest/lib/libmkl_avx512.so.2", O_RDONLY|O_CLOEXEC) = 3
3686887 openat(AT_FDCWD, "/share/pkg.8/intel/2024.0/install/mkl/latest/lib/libmkl_vml_avx512.so.2", O_RDONLY|O_CLOEXEC) = 3
3686887 stat("/projectnb/rcs-intern/reetom/sif", {st_mode=S_IFDIR|S_ISGID|0755, st_size=4096, ...}) = 0
3686887 stat("/share/pkg.8/python3/3.12.4/install/lib/python3.12", {st_mode=S_IFDIR|S_ISGID|0755, st_size=8192, ...}) = 0
3686887 stat("/share/pkg.8/python3/3.12.4/install/lib/python3.12/lib-dynload", {st_mode=S_IFDIR|S_ISGID|0755, st_size=8192, ...}) = 0
3686887 stat("/share/pkg.8/python3/3.12.4/install/lib/python3.12/site-packages", {st_mode=S_IFDIR|S_ISGID|0755, st_size=131072, ...}) = 0
3686887 stat("/share/pkg.8/python3/3.12.4/install/lib/python3.12/site-packages/pytz/__init__.cpython-312-x86_64-linux-gnu.so", 0x7ffdb918daf0) = -1 ENOENT (No such file or directory)
3686887 stat("/share/pkg.8/python3/3.12.4/install/lib/python3.12/site-packages/pytz/__init__.abi3.so", 0x7ffdb918daf0) = -1 ENOENT (No such file or directory)
3686887 stat("/share/pkg.8/python3/3.12.4/install/lib/python3.12/site-packages/pytz/__init__.so", 0x7ffdb918daf0) = -1 ENOENT (No such file or directory)
3686887 stat("/share/pkg.8/python3/3.12.4/install/lib/python3.12/site-packages/pytz/__init__.py", {st_mode=S_IFREG|0644, st_size=35101, ...}) = 0
3686887 stat("/share/pkg.8/python3/3.12.4/install/lib/python3.12/site-packages/pytz/__init__.py", {st_mode=S_IFREG|0644, st_size=35101, ...}) = 0
3686887 openat(AT_FDCWD, "/share/pkg.8/python3/3.12.4/install/lib/python3.12/site-packages/pytz/__pycache__/__init__.cpython-312.pyc", O_RDONLY|O_CLOEXEC) = 3
3686887 stat("/share/pkg.8/python3/3.12.4/install/lib/python3.12/site-packages/pytz", {st_mode=S_IFDIR|S_ISGID|0755, st_size=4096, ...}) = 0
3686887 stat("/share/pkg.8/python3/3.12.4/install/lib/python3.12/site-packages/pytz", {st_mode=S_IFDIR|S_ISGID|0755, st_size=4096, ...}) = 0
3686887 stat("/share/pkg.8/python3/3.12.4/install/lib/python3.12/site-packages/pytz", {st_mode=S_IFDIR|S_ISGID|0755, st_size=4096, ...}) = 0
3686887 openat(AT_FDCWD, "/share/pkg.8/python3/3.12.4/install/lib/python3.12/site-packages/pytz", O_RDONLY|O_NONBLOCK|O_CLOEXEC|O_DIRECTORY) = 3
3686887 stat("/share/pkg.8/python3/3.12.4/install/lib/python3.12/site-packages/pytz/exceptions.py", {st_mode=S_IFREG|0644, st_size=1571, ...}) = 0
3686887 stat("/share/pkg.8/python3/3.12.4/install/lib/python3.12/site-packages/pytz/exceptions.py", {st_mode=S_IFREG|0644, st_size=1571, ...}) = 0
3686887 openat(AT_FDCWD, "/share/pkg.8/python3/3.12.4/install/lib/python3.12/site-packages/pytz/__pycache__/exceptions.cpython-312.pyc", O_RDONLY|O_CLOEXEC) = 3
3686887 stat("/share/pkg.8/python3/3.12.4/install/lib/python3.12/site-packages/pytz", {st_mode=S_IFDIR|S_ISGID|0755, st_size=4096, ...}) = 0
3686887 stat("/share/pkg.8/python3/3.12.4/install/lib/python3.12/site-packages/pytz/lazy.py", {st_mode=S_IFREG|0644, st_size=5404, ...}) = 0
3686887 stat("/share/pkg.8/python3/3.12.4/install/lib/python3.12/site-packages/pytz/lazy.py", {st_mode=S_IFREG|0644, st_size=5404, ...}) = 0
3686887 openat(AT_FDCWD, "/share/pkg.8/python3/3.12.4/install/lib/python3.12/site-packages/pytz/__pycache__/lazy.cpython-312.pyc", O_RDONLY|O_CLOEXEC) = 3
3686887 stat("/share/pkg.8/python3/3.12.4/install/lib/python3.12/site-packages/pytz", {st_mode=S_IFDIR|S_ISGID|0755, st_size=4096, ...}) = 0
3686887 stat("/share/pkg.8/python3/3.12.4/install/lib/python3.12/site-packages/pytz/tzinfo.py", {st_mode=S_IFREG|0644, st_size=19340, ...}) = 0
3686887 stat("/share/pkg.8/python3/3.12.4/install/lib/python3.12/site-packages/pytz/tzinfo.py", {st_mode=S_IFREG|0644, st_size=19340, ...}) = 0
3686887 openat(AT_FDCWD, "/share/pkg.8/python3/3.12.4/install/lib/python3.12/site-packages/pytz/__pycache__/tzinfo.cpython-312.pyc", O_RDONLY|O_CLOEXEC) = 3
3686887 stat("/share/pkg.8/python3/3.12.4/install/lib/python3.12/site-packages/pytz", {st_mode=S_IFDIR|S_ISGID|0755, st_size=4096, ...}) = 0
3686887 stat("/share/pkg.8/python3/3.12.4/install/lib/python3.12/site-packages/pytz/tzfile.py", {st_mode=S_IFREG|0644, st_size=4723, ...}) = 0
3686887 stat("/share/pkg.8/python3/3.12.4/install/lib/python3.12/site-packages/pytz/tzfile.py", {st_mode=S_IFREG|0644, st_size=4723, ...}) = 0
3686887 openat(AT_FDCWD, "/share/pkg.8/python3/3.12.4/install/lib/python3.12/site-packages/pytz/__pycache__/tzfile.cpython-312.pyc", O_RDONLY|O_CLOEXEC) = 3
3686887 stat("/projectnb/rcs-intern/reetom/sif", {st_mode=S_IFDIR|S_ISGID|0755, st_size=4096, ...}) = 0
3686887 stat("/share/pkg.8/python3/3.12.4/install/lib/python3.12", {st_mode=S_IFDIR|S_ISGID|0755, st_size=8192, ...}) = 0
3686887 stat("/share/pkg.8/python3/3.12.4/install/lib/python3.12/lib-dynload", {st_mode=S_IFDIR|S_ISGID|0755, st_size=8192, ...}) = 0
3686887 stat("/share/pkg.8/python3/3.12.4/install/lib/python3.12/site-packages", {st_mode=S_IFDIR|S_ISGID|0755, st_size=131072, ...}) = 0
3686887 stat("/share/pkg.8/python3/3.12.4/install/lib/python3.12/site-packages/dateutil/__init__.cpython-312-x86_64-linux-gnu.so", 0x7ffdb918daf0) = -1 ENOENT (No such file or directory)
3686887 stat("/share/pkg.8/python3/3.12.4/install/lib/python3.12/site-packages/dateutil/__init__.abi3.so", 0x7ffdb918daf0) = -1 ENOENT (No such file or directory)
3686887 stat("/share/pkg.8/python3/3.12.4/install/lib/python3.12/site-packages/dateutil/__init__.so", 0x7ffdb918daf0) = -1 ENOENT (No such file or directory)
3686887 stat("/share/pkg.8/python3/3.12.4/install/lib/python3.12/site-packages/dateutil/__init__.py", {st_mode=S_IFREG|0644, st_size=222, ...}) = 0
3686887 stat("/share/pkg.8/python3/3.12.4/install/lib/python3.12/site-packages/dateutil/__init__.py", {st_mode=S_IFREG|0644, st_size=222, ...}) = 0
3686887 openat(AT_FDCWD, "/share/pkg.8/python3/3.12.4/install/lib/python3.12/site-packages/dateutil/__pycache__/__init__.cpython-312.pyc", O_RDONLY|O_CLOEXEC) = 3
3686887 stat("/share/pkg.8/python3/3.12.4/install/lib/python3.12/site-packages/dateutil", {st_mode=S_IFDIR|S_ISGID|0755, st_size=4096, ...}) = 0
3686887 stat("/share/pkg.8/python3/3.12.4/install/lib/python3.12/site-packages/dateutil", {st_mode=S_IFDIR|S_ISGID|0755, st_size=4096, ...}) = 0
3686887 stat("/share/pkg.8/python3/3.12.4/install/lib/python3.12/site-packages/dateutil", {st_mode=S_IFDIR|S_ISGID|0755, st_size=4096, ...}) = 0
3686887 openat(AT_FDCWD, "/share/pkg.8/python3/3.12.4/install/lib/python3.12/site-packages/dateutil", O_RDONLY|O_NONBLOCK|O_CLOEXEC|O_DIRECTORY) = 3
3686887 stat("/share/pkg.8/python3/3.12.4/install/lib/python3.12/site-packages/dateutil/_version.py", {st_mode=S_IFREG|0644, st_size=142, ...}) = 0
3686887 stat("/share/pkg.8/python3/3.12.4/install/lib/python3.12/site-packages/dateutil/_version.py", {st_mode=S_IFREG|0644, st_size=142, ...}) = 0
3686887 openat(AT_FDCWD, "/share/pkg.8/python3/3.12.4/install/lib/python3.12/site-packages/dateutil/__pycache__/_version.cpython-312.pyc", O_RDONLY|O_CLOEXEC) = 3
3686887 stat("/share/pkg.8/python3/3.12.4/install/lib/python3.12/site-packages/pandas", {st_mode=S_IFDIR|S_ISGID|0755, st_size=4096, ...}) = 0
3686887 stat("/share/pkg.8/python3/3.12.4/install/lib/python3.12/site-packages/pandas", {st_mode=S_IFDIR|S_ISGID|0755, st_size=4096, ...}) = 0
3686887 stat("/share/pkg.8/python3/3.12.4/install/lib/python3.12/site-packages/pandas", {st_mode=S_IFDIR|S_ISGID|0755, st_size=4096, ...}) = 0
3686887 openat(AT_FDCWD, "/share/pkg.8/python3/3.12.4/install/lib/python3.12/site-packages/pandas", O_RDONLY|O_NONBLOCK|O_CLOEXEC|O_DIRECTORY) = 3
3686887 stat("/share/pkg.8/python3/3.12.4/install/lib/python3.12/site-packages/pandas/compat/__init__.cpython-312-x86_64-linux-gnu.so", 0x7ffdb918db70) = -1 ENOENT (No such file or directory)
3686887 stat("/share/pkg.8/python3/3.12.4/install/lib/python3.12/site-packages/pandas/compat/__init__.abi3.so", 0x7ffdb918db70) = -1 ENOENT (No such file or directory)
3686887 stat("/share/pkg.8/python3/3.12.4/install/lib/python3.12/site-packages/pandas/compat/__init__.so", 0x7ffdb918db70) = -1 ENOENT (No such file or directory)
3686887 stat("/share/pkg.8/python3/3.12.4/install/lib/python3.12/site-packages/pandas/compat/__init__.py", {st_mode=S_IFREG|0644, st_size=4226, ...}) = 0
3686887 stat("/share/pkg.8/python3/3.12.4/install/lib/python3.12/site-packages/pandas/compat/__init__.py", {st_mode=S_IFREG|0644, st_size=4226, ...}) = 0
3686887 openat(AT_FDCWD, "/share/pkg.8/python3/3.12.4/install/lib/python3.12/site-packages/pandas/compat/__pycache__/__init__.cpython-312.pyc", O_RDONLY|O_CLOEXEC) = 3
3686887 stat("/share/pkg.8/python3/3.12.4/install/lib/python3.12/site-packages/pandas/compat", {st_mode=S_IFDIR|S_ISGID|0755, st_size=4096, ...}) = 0
3686887 stat("/share/pkg.8/python3/3.12.4/install/lib/python3.12/site-packages/pandas/compat", {st_mode=S_IFDIR|S_ISGID|0755, st_size=4096, ...}) = 0
3686887 stat("/share/pkg.8/python3/3.12.4/install/lib/python3.12/site-packages/pandas/compat", {st_mode=S_IFDIR|S_ISGID|0755, st_size=4096, ...}) = 0
3686887 openat(AT_FDCWD, "/share/pkg.8/python3/3.12.4/install/lib/python3.12/site-packages/pandas/compat", O_RDONLY|O_NONBLOCK|O_CLOEXEC|O_DIRECTORY) = 3
3686887 stat("/share/pkg.8/python3/3.12.4/install/lib/python3.12/site-packages/pandas/compat/_constants.py", {st_mode=S_IFREG|0644, st_size=536, ...}) = 0
3686887 stat("/share/pkg.8/python3/3.12.4/install/lib/python3.12/site-packages/pandas/compat/_constants.py", {st_mode=S_IFREG|0644, st_size=536, ...}) = 0
3686887 openat(AT_FDCWD, "/share/pkg.8/python3/3.12.4/install/lib/python3.12/site-packages/pandas/compat/__pycache__/_constants.cpython-312.pyc", O_RDONLY|O_CLOEXEC) = 3
3686887 stat("/projectnb/rcs-intern/reetom/sif", {st_mode=S_IFDIR|S_ISGID|0755, st_size=4096, ...}) = 0
3686887 stat("/share/pkg.8/python3/3.12.4/install/lib/python3.12", {st_mode=S_IFDIR|S_ISGID|0755, st_size=8192, ...}) = 0
3686887 stat("/share/pkg.8/python3/3.12.4/install/lib/python3.12/sysconfig.py", {st_mode=S_IFREG|0644, st_size=30999, ...}) = 0
3686887 stat("/share/pkg.8/python3/3.12.4/install/lib/python3.12/sysconfig.py", {st_mode=S_IFREG|0644, st_size=30999, ...}) = 0
3686887 openat(AT_FDCWD, "/share/pkg.8/python3/3.12.4/install/lib/python3.12/__pycache__/sysconfig.cpython-312.pyc", O_RDONLY|O_CLOEXEC) = 3
3686887 lstat("/share", {st_mode=S_IFDIR|0755, st_size=4096, ...}) = 0
3686887 lstat("/share/pkg.8", {st_mode=S_IFDIR|S_ISGID|0775, st_size=16384, ...}) = 0
3686887 lstat("/share/pkg.8/python3", {st_mode=S_IFDIR|S_ISGID|0775, st_size=4096, ...}) = 0
3686887 lstat("/share/pkg.8/python3/3.12.4", {st_mode=S_IFDIR|S_ISGID|0755, st_size=4096, ...}) = 0
3686887 lstat("/share/pkg.8/python3/3.12.4/install", {st_mode=S_IFDIR|S_ISGID|0755, st_size=4096, ...}) = 0
3686887 lstat("/share/pkg.8/python3/3.12.4/install/bin", {st_mode=S_IFDIR|S_ISGID|0755, st_size=32768, ...}) = 0
3686887 lstat("/share/pkg.8/python3/3.12.4/install/bin/python", {st_mode=S_IFLNK|0777, st_size=10, ...}) = 0
3686887 readlink("/share/pkg.8/python3/3.12.4/install/bin/python", ""..., 4096) = 10
3686887 lstat("/share/pkg.8/python3/3.12.4/install/bin/python3.12", {st_mode=S_IFREG|0755, st_size=20944, ...}) = 0
3686887 stat("/share/pkg.8/python3/3.12.4/install/bin/Modules/Setup", 0x7ffdb918ca30) = -1 ENOENT (No such file or directory)
3686887 stat("/share/pkg.8/python3/3.12.4/install/bin/Modules/Setup.local", 0x7ffdb918ca30) = -1 ENOENT (No such file or directory)
3686887 stat("/projectnb/rcs-intern/reetom/sif", {st_mode=S_IFDIR|S_ISGID|0755, st_size=4096, ...}) = 0
3686887 stat("/share/pkg.8/python3/3.12.4/install/lib/python3.12", {st_mode=S_IFDIR|S_ISGID|0755, st_size=8192, ...}) = 0
3686887 stat("/share/pkg.8/python3/3.12.4/install/lib/python3.12/_sysconfigdata__linux_x86_64-linux-gnu.py", {st_mode=S_IFREG|0644, st_size=49836, ...}) = 0
3686887 stat("/share/pkg.8/python3/3.12.4/install/lib/python3.12/_sysconfigdata__linux_x86_64-linux-gnu.py", {st_mode=S_IFREG|0644, st_size=49836, ...}) = 0
3686887 openat(AT_FDCWD, "/share/pkg.8/python3/3.12.4/install/lib/python3.12/__pycache__/_sysconfigdata__linux_x86_64-linux-gnu.cpython-312.pyc", O_RDONLY|O_CLOEXEC) = 3
3686887 lstat("/share", {st_mode=S_IFDIR|0755, st_size=4096, ...}) = 0
3686887 lstat("/share/pkg.8", {st_mode=S_IFDIR|S_ISGID|0775, st_size=16384, ...}) = 0
3686887 lstat("/share/pkg.8/python3", {st_mode=S_IFDIR|S_ISGID|0775, st_size=4096, ...}) = 0
3686887 lstat("/share/pkg.8/python3/3.12.4", {st_mode=S_IFDIR|S_ISGID|0755, st_size=4096, ...}) = 0
3686887 lstat("/share/pkg.8/python3/3.12.4/install", {st_mode=S_IFDIR|S_ISGID|0755, st_size=4096, ...}) = 0
3686887 lstat("/share/pkg.8/python3/3.12.4/install/lib", {st_mode=S_IFDIR|S_ISGID|0755, st_size=8192, ...}) = 0
3686887 lstat("/share/pkg.8/python3/3.12.4/install/lib/python3.12", {st_mode=S_IFDIR|S_ISGID|0755, st_size=8192, ...}) = 0
3686887 lstat("/share/pkg.8/python3/3.12.4/install/lib/python3.12/config-3.12-x86_64-linux-gnu", {st_mode=S_IFDIR|S_ISGID|0755, st_size=4096, ...}) = 0
3686887 stat("/share/pkg.8/python3/3.12.4/install/lib/python3.12/site-packages/pandas/compat", {st_mode=S_IFDIR|S_ISGID|0755, st_size=4096, ...}) = 0
3686887 stat("/share/pkg.8/python3/3.12.4/install/lib/python3.12/site-packages/pandas/compat/compressors.py", {st_mode=S_IFREG|0644, st_size=1975, ...}) = 0
3686887 stat("/share/pkg.8/python3/3.12.4/install/lib/python3.12/site-packages/pandas/compat/compressors.py", {st_mode=S_IFREG|0644, st_size=1975, ...}) = 0
3686887 openat(AT_FDCWD, "/share/pkg.8/python3/3.12.4/install/lib/python3.12/site-packages/pandas/compat/__pycache__/compressors.cpython-312.pyc", O_RDONLY|O_CLOEXEC) = 3
3686887 stat("/projectnb/rcs-intern/reetom/sif", {st_mode=S_IFDIR|S_ISGID|0755, st_size=4096, ...}) = 0
3686887 stat("/share/pkg.8/python3/3.12.4/install/lib/python3.12", {st_mode=S_IFDIR|S_ISGID|0755, st_size=8192, ...}) = 0
3686887 stat("/share/pkg.8/python3/3.12.4/install/lib/python3.12/bz2.py", {st_mode=S_IFREG|0644, st_size=11847, ...}) = 0
3686887 stat("/share/pkg.8/python3/3.12.4/install/lib/python3.12/bz2.py", {st_mode=S_IFREG|0644, st_size=11847, ...}) = 0
3686887 openat(AT_FDCWD, "/share/pkg.8/python3/3.12.4/install/lib/python3.12/__pycache__/bz2.cpython-312.pyc", O_RDONLY|O_CLOEXEC) = 3
3686887 stat("/projectnb/rcs-intern/reetom/sif", {st_mode=S_IFDIR|S_ISGID|0755, st_size=4096, ...}) = 0
3686887 stat("/share/pkg.8/python3/3.12.4/install/lib/python3.12", {st_mode=S_IFDIR|S_ISGID|0755, st_size=8192, ...}) = 0
3686887 stat("/share/pkg.8/python3/3.12.4/install/lib/python3.12/_compression.py", {st_mode=S_IFREG|0644, st_size=5681, ...}) = 0
3686887 stat("/share/pkg.8/python3/3.12.4/install/lib/python3.12/_compression.py", {st_mode=S_IFREG|0644, st_size=5681, ...}) = 0
3686887 openat(AT_FDCWD, "/share/pkg.8/python3/3.12.4/install/lib/python3.12/__pycache__/_compression.cpython-312.pyc", O_RDONLY|O_CLOEXEC) = 3
3686887 stat("/projectnb/rcs-intern/reetom/sif", {st_mode=S_IFDIR|S_ISGID|0755, st_size=4096, ...}) = 0
3686887 stat("/share/pkg.8/python3/3.12.4/install/lib/python3.12", {st_mode=S_IFDIR|S_ISGID|0755, st_size=8192, ...}) = 0
3686887 stat("/share/pkg.8/python3/3.12.4/install/lib/python3.12/lib-dynload", {st_mode=S_IFDIR|S_ISGID|0755, st_size=8192, ...}) = 0
3686887 stat("/share/pkg.8/python3/3.12.4/install/lib/python3.12/lib-dynload/_bz2.cpython-312-x86_64-linux-gnu.so", {st_mode=S_IFREG|0755, st_size=93024, ...}) = 0
3686887 openat(AT_FDCWD, "/share/pkg.8/python3/3.12.4/install/lib/python3.12/lib-dynload/_bz2.cpython-312-x86_64-linux-gnu.so", O_RDONLY|O_CLOEXEC) = 3
3686887 openat(AT_FDCWD, "/share/pkg.8/python3/3.12.4/install/lib/libbz2.so.1", O_RDONLY|O_CLOEXEC) = -1 ENOENT (No such file or directory)
3686887 openat(AT_FDCWD, "/share/pkg.8/python3/3.12.4/install/lib/libbz2.so.1", O_RDONLY|O_CLOEXEC) = -1 ENOENT (No such file or directory)
3686887 openat(AT_FDCWD, "/share/pkg.8/gcc/12.2.0/install/lib64/libbz2.so.1", O_RDONLY|O_CLOEXEC) = -1 ENOENT (No such file or directory)
3686887 openat(AT_FDCWD, "/share/pkg.8/python3/3.12.4/install/lib/libbz2.so.1", O_RDONLY|O_CLOEXEC) = -1 ENOENT (No such file or directory)
3686887 openat(AT_FDCWD, "/etc/ld.so.cache", O_RDONLY|O_CLOEXEC) = 3
3686887 openat(AT_FDCWD, "/lib64/libbz2.so.1", O_RDONLY|O_CLOEXEC) = 3
3686887 stat("/projectnb/rcs-intern/reetom/sif", {st_mode=S_IFDIR|S_ISGID|0755, st_size=4096, ...}) = 0
3686887 stat("/share/pkg.8/python3/3.12.4/install/lib/python3.12", {st_mode=S_IFDIR|S_ISGID|0755, st_size=8192, ...}) = 0
3686887 stat("/share/pkg.8/python3/3.12.4/install/lib/python3.12/lzma.py", {st_mode=S_IFREG|0644, st_size=13277, ...}) = 0
3686887 stat("/share/pkg.8/python3/3.12.4/install/lib/python3.12/lzma.py", {st_mode=S_IFREG|0644, st_size=13277, ...}) = 0
3686887 openat(AT_FDCWD, "/share/pkg.8/python3/3.12.4/install/lib/python3.12/__pycache__/lzma.cpython-312.pyc", O_RDONLY|O_CLOEXEC) = 3
3686887 stat("/projectnb/rcs-intern/reetom/sif", {st_mode=S_IFDIR|S_ISGID|0755, st_size=4096, ...}) = 0
3686887 stat("/share/pkg.8/python3/3.12.4/install/lib/python3.12", {st_mode=S_IFDIR|S_ISGID|0755, st_size=8192, ...}) = 0
3686887 stat("/share/pkg.8/python3/3.12.4/install/lib/python3.12/lib-dynload", {st_mode=S_IFDIR|S_ISGID|0755, st_size=8192, ...}) = 0
3686887 stat("/share/pkg.8/python3/3.12.4/install/lib/python3.12/lib-dynload/_lzma.cpython-312-x86_64-linux-gnu.so", {st_mode=S_IFREG|0755, st_size=165824, ...}) = 0
3686887 openat(AT_FDCWD, "/share/pkg.8/python3/3.12.4/install/lib/python3.12/lib-dynload/_lzma.cpython-312-x86_64-linux-gnu.so", O_RDONLY|O_CLOEXEC) = 3
3686887 openat(AT_FDCWD, "/share/pkg.8/python3/3.12.4/install/lib/liblzma.so.5", O_RDONLY|O_CLOEXEC) = -1 ENOENT (No such file or directory)
3686887 openat(AT_FDCWD, "/share/pkg.8/python3/3.12.4/install/lib/liblzma.so.5", O_RDONLY|O_CLOEXEC) = -1 ENOENT (No such file or directory)
3686887 openat(AT_FDCWD, "/share/pkg.8/gcc/12.2.0/install/lib64/liblzma.so.5", O_RDONLY|O_CLOEXEC) = -1 ENOENT (No such file or directory)
3686887 openat(AT_FDCWD, "/share/pkg.8/python3/3.12.4/install/lib/liblzma.so.5", O_RDONLY|O_CLOEXEC) = -1 ENOENT (No such file or directory)
3686887 openat(AT_FDCWD, "/etc/ld.so.cache", O_RDONLY|O_CLOEXEC) = 3
3686887 openat(AT_FDCWD, "/lib64/liblzma.so.5", O_RDONLY|O_CLOEXEC) = 3
3686887 stat("/share/pkg.8/python3/3.12.4/install/lib/python3.12/site-packages/pandas/compat", {st_mode=S_IFDIR|S_ISGID|0755, st_size=4096, ...}) = 0
3686887 stat("/share/pkg.8/python3/3.12.4/install/lib/python3.12/site-packages/pandas/compat/numpy/__init__.cpython-312-x86_64-linux-gnu.so", 0x7ffdb918d450) = -1 ENOENT (No such file or directory)
3686887 stat("/share/pkg.8/python3/3.12.4/install/lib/python3.12/site-packages/pandas/compat/numpy/__init__.abi3.so", 0x7ffdb918d450) = -1 ENOENT (No such file or directory)
3686887 stat("/share/pkg.8/python3/3.12.4/install/lib/python3.12/site-packages/pandas/compat/numpy/__init__.so", 0x7ffdb918d450) = -1 ENOENT (No such file or directory)
3686887 stat("/share/pkg.8/python3/3.12.4/install/lib/python3.12/site-packages/pandas/compat/numpy/__init__.py", {st_mode=S_IFREG|0644, st_size=1371, ...}) = 0
3686887 stat("/share/pkg.8/python3/3.12.4/install/lib/python3.12/site-packages/pandas/compat/numpy/__init__.py", {st_mode=S_IFREG|0644, st_size=1371, ...}) = 0
3686887 openat(AT_FDCWD, "/share/pkg.8/python3/3.12.4/install/lib/python3.12/site-packages/pandas/compat/numpy/__pycache__/__init__.cpython-312.pyc", O_RDONLY|O_CLOEXEC) = 3
3686887 stat("/share/pkg.8/python3/3.12.4/install/lib/python3.12/site-packages/pandas", {st_mode=S_IFDIR|S_ISGID|0755, st_size=4096, ...}) = 0
3686887 stat("/share/pkg.8/python3/3.12.4/install/lib/python3.12/site-packages/pandas/util/__init__.cpython-312-x86_64-linux-gnu.so", 0x7ffdb918c830) = -1 ENOENT (No such file or directory)
3686887 stat("/share/pkg.8/python3/3.12.4/install/lib/python3.12/site-packages/pandas/util/__init__.abi3.so", 0x7ffdb918c830) = -1 ENOENT (No such file or directory)
3686887 stat("/share/pkg.8/python3/3.12.4/install/lib/python3.12/site-packages/pandas/util/__init__.so", 0x7ffdb918c830) = -1 ENOENT (No such file or directory)
3686887 stat("/share/pkg.8/python3/3.12.4/install/lib/python3.12/site-packages/pandas/util/__init__.py", {st_mode=S_IFREG|0644, st_size=827, ...}) = 0
3686887 stat("/share/pkg.8/python3/3.12.4/install/lib/python3.12/site-packages/pandas/util/__init__.py", {st_mode=S_IFREG|0644, st_size=827, ...}) = 0
3686887 openat(AT_FDCWD, "/share/pkg.8/python3/3.12.4/install/lib/python3.12/site-packages/pandas/util/__pycache__/__init__.cpython-312.pyc", O_RDONLY|O_CLOEXEC) = 3
3686887 stat("/share/pkg.8/python3/3.12.4/install/lib/python3.12/site-packages/pandas/util", {st_mode=S_IFDIR|S_ISGID|0755, st_size=4096, ...}) = 0
3686887 stat("/share/pkg.8/python3/3.12.4/install/lib/python3.12/site-packages/pandas/util", {st_mode=S_IFDIR|S_ISGID|0755, st_size=4096, ...}) = 0
3686887 stat("/share/pkg.8/python3/3.12.4/install/lib/python3.12/site-packages/pandas/util", {st_mode=S_IFDIR|S_ISGID|0755, st_size=4096, ...}) = 0
3686887 openat(AT_FDCWD, "/share/pkg.8/python3/3.12.4/install/lib/python3.12/site-packages/pandas/util", O_RDONLY|O_NONBLOCK|O_CLOEXEC|O_DIRECTORY) = 3
3686887 stat("/share/pkg.8/python3/3.12.4/install/lib/python3.12/site-packages/pandas/util/version/__init__.cpython-312-x86_64-linux-gnu.so", 0x7ffdb918cd30) = -1 ENOENT (No such file or directory)
3686887 stat("/share/pkg.8/python3/3.12.4/install/lib/python3.12/site-packages/pandas/util/version/__init__.abi3.so", 0x7ffdb918cd30) = -1 ENOENT (No such file or directory)
3686887 stat("/share/pkg.8/python3/3.12.4/install/lib/python3.12/site-packages/pandas/util/version/__init__.so", 0x7ffdb918cd30) = -1 ENOENT (No such file or directory)
3686887 stat("/share/pkg.8/python3/3.12.4/install/lib/python3.12/site-packages/pandas/util/version/__init__.py", {st_mode=S_IFREG|0644, st_size=16394, ...}) = 0
3686887 stat("/share/pkg.8/python3/3.12.4/install/lib/python3.12/site-packages/pandas/util/version/__init__.py", {st_mode=S_IFREG|0644, st_size=16394, ...}) = 0
3686887 openat(AT_FDCWD, "/share/pkg.8/python3/3.12.4/install/lib/python3.12/site-packages/pandas/util/version/__pycache__/__init__.cpython-312.pyc", O_RDONLY|O_CLOEXEC) = 3
3686887 stat("/share/pkg.8/python3/3.12.4/install/lib/python3.12/site-packages/pandas/compat", {st_mode=S_IFDIR|S_ISGID|0755, st_size=4096, ...}) = 0
3686887 stat("/share/pkg.8/python3/3.12.4/install/lib/python3.12/site-packages/pandas/compat/pyarrow.py", {st_mode=S_IFREG|0644, st_size=921, ...}) = 0
3686887 stat("/share/pkg.8/python3/3.12.4/install/lib/python3.12/site-packages/pandas/compat/pyarrow.py", {st_mode=S_IFREG|0644, st_size=921, ...}) = 0
3686887 openat(AT_FDCWD, "/share/pkg.8/python3/3.12.4/install/lib/python3.12/site-packages/pandas/compat/__pycache__/pyarrow.cpython-312.pyc", O_RDONLY|O_CLOEXEC) = 3
3686887 stat("/projectnb/rcs-intern/reetom/sif", {st_mode=S_IFDIR|S_ISGID|0755, st_size=4096, ...}) = 0
3686887 stat("/share/pkg.8/python3/3.12.4/install/lib/python3.12", {st_mode=S_IFDIR|S_ISGID|0755, st_size=8192, ...}) = 0
3686887 stat("/share/pkg.8/python3/3.12.4/install/lib/python3.12/lib-dynload", {st_mode=S_IFDIR|S_ISGID|0755, st_size=8192, ...}) = 0
3686887 stat("/share/pkg.8/python3/3.12.4/install/lib/python3.12/site-packages", {st_mode=S_IFDIR|S_ISGID|0755, st_size=131072, ...}) = 0
3686887 stat("/share/pkg.8/python3/3.12.4/install/lib/python3.12/site-packages/pyarrow/__init__.cpython-312-x86_64-linux-gnu.so", 0x7ffdb918cd30) = -1 ENOENT (No such file or directory)
3686887 stat("/share/pkg.8/python3/3.12.4/install/lib/python3.12/site-packages/pyarrow/__init__.abi3.so", 0x7ffdb918cd30) = -1 ENOENT (No such file or directory)
3686887 stat("/share/pkg.8/python3/3.12.4/install/lib/python3.12/site-packages/pyarrow/__init__.so", 0x7ffdb918cd30) = -1 ENOENT (No such file or directory)
3686887 stat("/share/pkg.8/python3/3.12.4/install/lib/python3.12/site-packages/pyarrow/__init__.py", {st_mode=S_IFREG|0644, st_size=17767, ...}) = 0
3686887 stat("/share/pkg.8/python3/3.12.4/install/lib/python3.12/site-packages/pyarrow/__init__.py", {st_mode=S_IFREG|0644, st_size=17767, ...}) = 0
3686887 openat(AT_FDCWD, "/share/pkg.8/python3/3.12.4/install/lib/python3.12/site-packages/pyarrow/__pycache__/__init__.cpython-312.pyc", O_RDONLY|O_CLOEXEC) = 3
3686887 stat("/share/pkg.8/python3/3.12.4/install/lib/python3.12/site-packages/pyarrow", {st_mode=S_IFDIR|S_ISGID|0755, st_size=8192, ...}) = 0
3686887 stat("/share/pkg.8/python3/3.12.4/install/lib/python3.12/site-packages/pyarrow", {st_mode=S_IFDIR|S_ISGID|0755, st_size=8192, ...}) = 0
3686887 stat("/share/pkg.8/python3/3.12.4/install/lib/python3.12/site-packages/pyarrow", {st_mode=S_IFDIR|S_ISGID|0755, st_size=8192, ...}) = 0
3686887 openat(AT_FDCWD, "/share/pkg.8/python3/3.12.4/install/lib/python3.12/site-packages/pyarrow", O_RDONLY|O_NONBLOCK|O_CLOEXEC|O_DIRECTORY) = 3
3686887 stat("/share/pkg.8/python3/3.12.4/install/lib/python3.12/site-packages/pyarrow/_generated_version.py", {st_mode=S_IFREG|0644, st_size=413, ...}) = 0
3686887 stat("/share/pkg.8/python3/3.12.4/install/lib/python3.12/site-packages/pyarrow/_generated_version.py", {st_mode=S_IFREG|0644, st_size=413, ...}) = 0
3686887 openat(AT_FDCWD, "/share/pkg.8/python3/3.12.4/install/lib/python3.12/site-packages/pyarrow/__pycache__/_generated_version.cpython-312.pyc", O_RDONLY|O_CLOEXEC) = 3
3686887 stat("/share/pkg.8/python3/3.12.4/install/lib/python3.12/site-packages/pyarrow", {st_mode=S_IFDIR|S_ISGID|0755, st_size=8192, ...}) = 0
3686887 stat("/share/pkg.8/python3/3.12.4/install/lib/python3.12/site-packages/pyarrow/lib.cpython-312-x86_64-linux-gnu.so", {st_mode=S_IFREG|0755, st_size=4585648, ...}) = 0
3686887 openat(AT_FDCWD, "/share/pkg.8/python3/3.12.4/install/lib/python3.12/site-packages/pyarrow/lib.cpython-312-x86_64-linux-gnu.so", O_RDONLY|O_CLOEXEC) = 3
3686887 openat(AT_FDCWD, "/share/pkg.8/gcc/12.2.0/install/lib64/libarrow_python.so", O_RDONLY|O_CLOEXEC) = -1 ENOENT (No such file or directory)
3686887 openat(AT_FDCWD, "/share/pkg.8/python3/3.12.4/install/lib/libarrow_python.so", O_RDONLY|O_CLOEXEC) = -1 ENOENT (No such file or directory)
3686887 openat(AT_FDCWD, "/share/pkg.8/python3/3.12.4/install/lib/python3.12/site-packages/pyarrow/glibc-hwcaps/x86-64-v4/libarrow_python.so", O_RDONLY|O_CLOEXEC) = -1 ENOENT (No such file or directory)
3686887 stat("/share/pkg.8/python3/3.12.4/install/lib/python3.12/site-packages/pyarrow/glibc-hwcaps/x86-64-v4", 0x7ffdb918b280) = -1 ENOENT (No such file or directory)
3686887 openat(AT_FDCWD, "/share/pkg.8/python3/3.12.4/install/lib/python3.12/site-packages/pyarrow/glibc-hwcaps/x86-64-v3/libarrow_python.so", O_RDONLY|O_CLOEXEC) = -1 ENOENT (No such file or directory)
3686887 stat("/share/pkg.8/python3/3.12.4/install/lib/python3.12/site-packages/pyarrow/glibc-hwcaps/x86-64-v3", 0x7ffdb918b280) = -1 ENOENT (No such file or directory)
3686887 openat(AT_FDCWD, "/share/pkg.8/python3/3.12.4/install/lib/python3.12/site-packages/pyarrow/glibc-hwcaps/x86-64-v2/libarrow_python.so", O_RDONLY|O_CLOEXEC) = -1 ENOENT (No such file or directory)
3686887 stat("/share/pkg.8/python3/3.12.4/install/lib/python3.12/site-packages/pyarrow/glibc-hwcaps/x86-64-v2", 0x7ffdb918b280) = -1 ENOENT (No such file or directory)
3686887 openat(AT_FDCWD, "/share/pkg.8/python3/3.12.4/install/lib/python3.12/site-packages/pyarrow/tls/haswell/avx512_1/x86_64/libarrow_python.so", O_RDONLY|O_CLOEXEC) = -1 ENOENT (No such file or directory)
3686887 stat("/share/pkg.8/python3/3.12.4/install/lib/python3.12/site-packages/pyarrow/tls/haswell/avx512_1/x86_64", 0x7ffdb918b280) = -1 ENOENT (No such file or directory)
3686887 openat(AT_FDCWD, "/share/pkg.8/python3/3.12.4/install/lib/python3.12/site-packages/pyarrow/tls/haswell/avx512_1/libarrow_python.so", O_RDONLY|O_CLOEXEC) = -1 ENOENT (No such file or directory)
3686887 stat("/share/pkg.8/python3/3.12.4/install/lib/python3.12/site-packages/pyarrow/tls/haswell/avx512_1", 0x7ffdb918b280) = -1 ENOENT (No such file or directory)
3686887 openat(AT_FDCWD, "/share/pkg.8/python3/3.12.4/install/lib/python3.12/site-packages/pyarrow/tls/haswell/x86_64/libarrow_python.so", O_RDONLY|O_CLOEXEC) = -1 ENOENT (No such file or directory)
3686887 stat("/share/pkg.8/python3/3.12.4/install/lib/python3.12/site-packages/pyarrow/tls/haswell/x86_64", 0x7ffdb918b280) = -1 ENOENT (No such file or directory)
3686887 openat(AT_FDCWD, "/share/pkg.8/python3/3.12.4/install/lib/python3.12/site-packages/pyarrow/tls/haswell/libarrow_python.so", O_RDONLY|O_CLOEXEC) = -1 ENOENT (No such file or directory)
3686887 stat("/share/pkg.8/python3/3.12.4/install/lib/python3.12/site-packages/pyarrow/tls/haswell", 0x7ffdb918b280) = -1 ENOENT (No such file or directory)
3686887 openat(AT_FDCWD, "/share/pkg.8/python3/3.12.4/install/lib/python3.12/site-packages/pyarrow/tls/avx512_1/x86_64/libarrow_python.so", O_RDONLY|O_CLOEXEC) = -1 ENOENT (No such file or directory)
3686887 stat("/share/pkg.8/python3/3.12.4/install/lib/python3.12/site-packages/pyarrow/tls/avx512_1/x86_64", 0x7ffdb918b280) = -1 ENOENT (No such file or directory)
3686887 openat(AT_FDCWD, "/share/pkg.8/python3/3.12.4/install/lib/python3.12/site-packages/pyarrow/tls/avx512_1/libarrow_python.so", O_RDONLY|O_CLOEXEC) = -1 ENOENT (No such file or directory)
3686887 stat("/share/pkg.8/python3/3.12.4/install/lib/python3.12/site-packages/pyarrow/tls/avx512_1", 0x7ffdb918b280) = -1 ENOENT (No such file or directory)
3686887 openat(AT_FDCWD, "/share/pkg.8/python3/3.12.4/install/lib/python3.12/site-packages/pyarrow/tls/x86_64/libarrow_python.so", O_RDONLY|O_CLOEXEC) = -1 ENOENT (No such file or directory)
3686887 stat("/share/pkg.8/python3/3.12.4/install/lib/python3.12/site-packages/pyarrow/tls/x86_64", 0x7ffdb918b280) = -1 ENOENT (No such file or directory)
3686887 openat(AT_FDCWD, "/share/pkg.8/python3/3.12.4/install/lib/python3.12/site-packages/pyarrow/tls/libarrow_python.so", O_RDONLY|O_CLOEXEC) = -1 ENOENT (No such file or directory)
3686887 stat("/share/pkg.8/python3/3.12.4/install/lib/python3.12/site-packages/pyarrow/tls", 0x7ffdb918b280) = -1 ENOENT (No such file or directory)
3686887 openat(AT_FDCWD, "/share/pkg.8/python3/3.12.4/install/lib/python3.12/site-packages/pyarrow/haswell/avx512_1/x86_64/libarrow_python.so", O_RDONLY|O_CLOEXEC) = -1 ENOENT (No such file or directory)
3686887 stat("/share/pkg.8/python3/3.12.4/install/lib/python3.12/site-packages/pyarrow/haswell/avx512_1/x86_64", 0x7ffdb918b280) = -1 ENOENT (No such file or directory)
3686887 openat(AT_FDCWD, "/share/pkg.8/python3/3.12.4/install/lib/python3.12/site-packages/pyarrow/haswell/avx512_1/libarrow_python.so", O_RDONLY|O_CLOEXEC) = -1 ENOENT (No such file or directory)
3686887 stat("/share/pkg.8/python3/3.12.4/install/lib/python3.12/site-packages/pyarrow/haswell/avx512_1", 0x7ffdb918b280) = -1 ENOENT (No such file or directory)
3686887 openat(AT_FDCWD, "/share/pkg.8/python3/3.12.4/install/lib/python3.12/site-packages/pyarrow/haswell/x86_64/libarrow_python.so", O_RDONLY|O_CLOEXEC) = -1 ENOENT (No such file or directory)
3686887 stat("/share/pkg.8/python3/3.12.4/install/lib/python3.12/site-packages/pyarrow/haswell/x86_64", 0x7ffdb918b280) = -1 ENOENT (No such file or directory)
3686887 openat(AT_FDCWD, "/share/pkg.8/python3/3.12.4/install/lib/python3.12/site-packages/pyarrow/haswell/libarrow_python.so", O_RDONLY|O_CLOEXEC) = -1 ENOENT (No such file or directory)
3686887 stat("/share/pkg.8/python3/3.12.4/install/lib/python3.12/site-packages/pyarrow/haswell", 0x7ffdb918b280) = -1 ENOENT (No such file or directory)
3686887 openat(AT_FDCWD, "/share/pkg.8/python3/3.12.4/install/lib/python3.12/site-packages/pyarrow/avx512_1/x86_64/libarrow_python.so", O_RDONLY|O_CLOEXEC) = -1 ENOENT (No such file or directory)
3686887 stat("/share/pkg.8/python3/3.12.4/install/lib/python3.12/site-packages/pyarrow/avx512_1/x86_64", 0x7ffdb918b280) = -1 ENOENT (No such file or directory)
3686887 openat(AT_FDCWD, "/share/pkg.8/python3/3.12.4/install/lib/python3.12/site-packages/pyarrow/avx512_1/libarrow_python.so", O_RDONLY|O_CLOEXEC) = -1 ENOENT (No such file or directory)
3686887 stat("/share/pkg.8/python3/3.12.4/install/lib/python3.12/site-packages/pyarrow/avx512_1", 0x7ffdb918b280) = -1 ENOENT (No such file or directory)
3686887 openat(AT_FDCWD, "/share/pkg.8/python3/3.12.4/install/lib/python3.12/site-packages/pyarrow/x86_64/libarrow_python.so", O_RDONLY|O_CLOEXEC) = -1 ENOENT (No such file or directory)
3686887 stat("/share/pkg.8/python3/3.12.4/install/lib/python3.12/site-packages/pyarrow/x86_64", 0x7ffdb918b280) = -1 ENOENT (No such file or directory)
3686887 openat(AT_FDCWD, "/share/pkg.8/python3/3.12.4/install/lib/python3.12/site-packages/pyarrow/libarrow_python.so", O_RDONLY|O_CLOEXEC) = 3
3686887 openat(AT_FDCWD, "/share/pkg.8/gcc/12.2.0/install/lib64/libarrow_dataset.so.1601", O_RDONLY|O_CLOEXEC) = -1 ENOENT (No such file or directory)
3686887 openat(AT_FDCWD, "/share/pkg.8/python3/3.12.4/install/lib/libarrow_dataset.so.1601", O_RDONLY|O_CLOEXEC) = -1 ENOENT (No such file or directory)
3686887 openat(AT_FDCWD, "/share/pkg.8/python3/3.12.4/install/lib/python3.12/site-packages/pyarrow/libarrow_dataset.so.1601", O_RDONLY|O_CLOEXEC) = 3
3686887 openat(AT_FDCWD, "/share/pkg.8/gcc/12.2.0/install/lib64/libparquet.so.1601", O_RDONLY|O_CLOEXEC) = -1 ENOENT (No such file or directory)
3686887 openat(AT_FDCWD, "/share/pkg.8/python3/3.12.4/install/lib/libparquet.so.1601", O_RDONLY|O_CLOEXEC) = -1 ENOENT (No such file or directory)
3686887 openat(AT_FDCWD, "/share/pkg.8/python3/3.12.4/install/lib/python3.12/site-packages/pyarrow/libparquet.so.1601", O_RDONLY|O_CLOEXEC) = 3
3686887 openat(AT_FDCWD, "/share/pkg.8/gcc/12.2.0/install/lib64/libarrow_acero.so.1601", O_RDONLY|O_CLOEXEC) = -1 ENOENT (No such file or directory)
3686887 openat(AT_FDCWD, "/share/pkg.8/python3/3.12.4/install/lib/libarrow_acero.so.1601", O_RDONLY|O_CLOEXEC) = -1 ENOENT (No such file or directory)
3686887 openat(AT_FDCWD, "/share/pkg.8/python3/3.12.4/install/lib/python3.12/site-packages/pyarrow/libarrow_acero.so.1601", O_RDONLY|O_CLOEXEC) = 3
3686887 openat(AT_FDCWD, "/share/pkg.8/gcc/12.2.0/install/lib64/libarrow.so.1601", O_RDONLY|O_CLOEXEC) = -1 ENOENT (No such file or directory)
3686887 openat(AT_FDCWD, "/share/pkg.8/python3/3.12.4/install/lib/libarrow.so.1601", O_RDONLY|O_CLOEXEC) = -1 ENOENT (No such file or directory)
3686887 openat(AT_FDCWD, "/share/pkg.8/python3/3.12.4/install/lib/python3.12/site-packages/pyarrow/libarrow.so.1601", O_RDONLY|O_CLOEXEC) = 3
3686887 openat(AT_FDCWD, "/share/pkg.8/gcc/12.2.0/install/lib64/librt.so.1", O_RDONLY|O_CLOEXEC) = -1 ENOENT (No such file or directory)
3686887 openat(AT_FDCWD, "/share/pkg.8/python3/3.12.4/install/lib/librt.so.1", O_RDONLY|O_CLOEXEC) = -1 ENOENT (No such file or directory)
3686887 openat(AT_FDCWD, "/share/pkg.8/python3/3.12.4/install/lib/python3.12/site-packages/pyarrow/librt.so.1", O_RDONLY|O_CLOEXEC) = -1 ENOENT (No such file or directory)
3686887 openat(AT_FDCWD, "/etc/ld.so.cache", O_RDONLY|O_CLOEXEC) = 3
3686887 openat(AT_FDCWD, "/lib64/librt.so.1", O_RDONLY|O_CLOEXEC) = 3
3686887 openat(AT_FDCWD, "/share/pkg.8/gcc/12.2.0/install/lib64/libstdc++.so.6", O_RDONLY|O_CLOEXEC) = 3
3686887 openat(AT_FDCWD, "/etc/ssl/openssl.cnf", O_RDONLY) = -1 ENOENT (No such file or directory)
3686887 readlink("/etc/je_arrow_malloc.conf", 0x7ffdb9189370, 4096) = -1 ENOENT (No such file or directory)
3686887 open("/proc/sys/vm/overcommit_memory", O_RDONLY|O_CLOEXEC) = 3
3686887 open("/sys/kernel/mm/transparent_hugepage/enabled", O_RDONLY) = 3
3686887 openat(AT_FDCWD, "/proc/sys/vm/overcommit_memory", O_RDONLY) = 3
3686887 stat("/projectnb/rcs-intern/reetom/sif", {st_mode=S_IFDIR|S_ISGID|0755, st_size=4096, ...}) = 0
3686887 stat("/share/pkg.8/python3/3.12.4/install/lib/python3.12", {st_mode=S_IFDIR|S_ISGID|0755, st_size=8192, ...}) = 0
3686887 stat("/share/pkg.8/python3/3.12.4/install/lib/python3.12/lib-dynload", {st_mode=S_IFDIR|S_ISGID|0755, st_size=8192, ...}) = 0
3686887 stat("/share/pkg.8/python3/3.12.4/install/lib/python3.12/site-packages", {st_mode=S_IFDIR|S_ISGID|0755, st_size=131072, ...}) = 0
3686887 stat("/projectnb/rcs-intern/reetom/sif", {st_mode=S_IFDIR|S_ISGID|0755, st_size=4096, ...}) = 0
3686887 stat("/share/pkg.8/python3/3.12.4/install/lib/python3.12", {st_mode=S_IFDIR|S_ISGID|0755, st_size=8192, ...}) = 0
3686887 stat("/share/pkg.8/python3/3.12.4/install/lib/python3.12/decimal.py", {st_mode=S_IFREG|0644, st_size=2805, ...}) = 0
3686887 stat("/share/pkg.8/python3/3.12.4/install/lib/python3.12/decimal.py", {st_mode=S_IFREG|0644, st_size=2805, ...}) = 0
3686887 openat(AT_FDCWD, "/share/pkg.8/python3/3.12.4/install/lib/python3.12/__pycache__/decimal.cpython-312.pyc", O_RDONLY|O_CLOEXEC) = 3
3686887 stat("/projectnb/rcs-intern/reetom/sif", {st_mode=S_IFDIR|S_ISGID|0755, st_size=4096, ...}) = 0
3686887 stat("/share/pkg.8/python3/3.12.4/install/lib/python3.12", {st_mode=S_IFDIR|S_ISGID|0755, st_size=8192, ...}) = 0
3686887 stat("/share/pkg.8/python3/3.12.4/install/lib/python3.12/lib-dynload", {st_mode=S_IFDIR|S_ISGID|0755, st_size=8192, ...}) = 0
3686887 stat("/share/pkg.8/python3/3.12.4/install/lib/python3.12/lib-dynload/_decimal.cpython-312-x86_64-linux-gnu.so", {st_mode=S_IFREG|0755, st_size=1591872, ...}) = 0
3686887 openat(AT_FDCWD, "/share/pkg.8/python3/3.12.4/install/lib/python3.12/lib-dynload/_decimal.cpython-312-x86_64-linux-gnu.so", O_RDONLY|O_CLOEXEC) = 3
3686887 stat("/share/pkg.8/python3/3.12.4/install/lib/python3.12/site-packages/numpy", {st_mode=S_IFDIR|S_ISGID|0755, st_size=4096, ...}) = 0
3686887 stat("/share/pkg.8/python3/3.12.4/install/lib/python3.12/site-packages/numpy/_core/__init__.cpython-312-x86_64-linux-gnu.so", 0x7ffdb918b7e0) = -1 ENOENT (No such file or directory)
3686887 stat("/share/pkg.8/python3/3.12.4/install/lib/python3.12/site-packages/numpy/_core/__init__.abi3.so", 0x7ffdb918b7e0) = -1 ENOENT (No such file or directory)
3686887 stat("/share/pkg.8/python3/3.12.4/install/lib/python3.12/site-packages/numpy/_core/__init__.so", 0x7ffdb918b7e0) = -1 ENOENT (No such file or directory)
3686887 stat("/share/pkg.8/python3/3.12.4/install/lib/python3.12/site-packages/numpy/_core/__init__.py", {st_mode=S_IFREG|0644, st_size=136, ...}) = 0
3686887 stat("/share/pkg.8/python3/3.12.4/install/lib/python3.12/site-packages/numpy/_core/__init__.py", {st_mode=S_IFREG|0644, st_size=136, ...}) = 0
3686887 openat(AT_FDCWD, "/share/pkg.8/python3/3.12.4/install/lib/python3.12/site-packages/numpy/_core/__pycache__/__init__.cpython-312.pyc", O_RDONLY|O_CLOEXEC) = 3
3686887 stat("/share/pkg.8/python3/3.12.4/install/lib/python3.12/site-packages/numpy/_core", {st_mode=S_IFDIR|S_ISGID|0755, st_size=4096, ...}) = 0
3686887 stat("/share/pkg.8/python3/3.12.4/install/lib/python3.12/site-packages/numpy/_core", {st_mode=S_IFDIR|S_ISGID|0755, st_size=4096, ...}) = 0
3686887 stat("/share/pkg.8/python3/3.12.4/install/lib/python3.12/site-packages/numpy/_core", {st_mode=S_IFDIR|S_ISGID|0755, st_size=4096, ...}) = 0
3686887 openat(AT_FDCWD, "/share/pkg.8/python3/3.12.4/install/lib/python3.12/site-packages/numpy/_core", O_RDONLY|O_NONBLOCK|O_CLOEXEC|O_DIRECTORY) = 3
3686887 stat("/share/pkg.8/python3/3.12.4/install/lib/python3.12/site-packages/numpy/_core/_multiarray_umath.py", {st_mode=S_IFREG|0644, st_size=159, ...}) = 0
3686887 stat("/share/pkg.8/python3/3.12.4/install/lib/python3.12/site-packages/numpy/_core/_multiarray_umath.py", {st_mode=S_IFREG|0644, st_size=159, ...}) = 0
3686887 openat(AT_FDCWD, "/share/pkg.8/python3/3.12.4/install/lib/python3.12/site-packages/numpy/_core/__pycache__/_multiarray_umath.cpython-312.pyc", O_RDONLY|O_CLOEXEC) = 3
3686887 stat("/projectnb/rcs-intern/reetom/sif", {st_mode=S_IFDIR|S_ISGID|0755, st_size=4096, ...}) = 0
3686887 stat("/share/pkg.8/python3/3.12.4/install/lib/python3.12", {st_mode=S_IFDIR|S_ISGID|0755, st_size=8192, ...}) = 0
3686887 stat("/share/pkg.8/python3/3.12.4/install/lib/python3.12/lib-dynload", {st_mode=S_IFDIR|S_ISGID|0755, st_size=8192, ...}) = 0
3686887 stat("/share/pkg.8/python3/3.12.4/install/lib/python3.12/site-packages", {st_mode=S_IFDIR|S_ISGID|0755, st_size=131072, ...}) = 0
3686887 stat("/share/pkg.8/python3/3.12.4/install/lib/python3.12/site-packages/cloudpickle/__init__.cpython-312-x86_64-linux-gnu.so", 0x7ffdb918bf20) = -1 ENOENT (No such file or directory)
3686887 stat("/share/pkg.8/python3/3.12.4/install/lib/python3.12/site-packages/cloudpickle/__init__.abi3.so", 0x7ffdb918bf20) = -1 ENOENT (No such file or directory)
3686887 stat("/share/pkg.8/python3/3.12.4/install/lib/python3.12/site-packages/cloudpickle/__init__.so", 0x7ffdb918bf20) = -1 ENOENT (No such file or directory)
3686887 stat("/share/pkg.8/python3/3.12.4/install/lib/python3.12/site-packages/cloudpickle/__init__.py", {st_mode=S_IFREG|0644, st_size=308, ...}) = 0
3686887 stat("/share/pkg.8/python3/3.12.4/install/lib/python3.12/site-packages/cloudpickle/__init__.py", {st_mode=S_IFREG|0644, st_size=308, ...}) = 0
3686887 openat(AT_FDCWD, "/share/pkg.8/python3/3.12.4/install/lib/python3.12/site-packages/cloudpickle/__pycache__/__init__.cpython-312.pyc", O_RDONLY|O_CLOEXEC) = 3
3686887 stat("/share/pkg.8/python3/3.12.4/install/lib/python3.12/site-packages/cloudpickle", {st_mode=S_IFDIR|S_ISGID|0755, st_size=4096, ...}) = 0
3686887 stat("/share/pkg.8/python3/3.12.4/install/lib/python3.12/site-packages/cloudpickle", {st_mode=S_IFDIR|S_ISGID|0755, st_size=4096, ...}) = 0
3686887 stat("/share/pkg.8/python3/3.12.4/install/lib/python3.12/site-packages/cloudpickle", {st_mode=S_IFDIR|S_ISGID|0755, st_size=4096, ...}) = 0
3686887 openat(AT_FDCWD, "/share/pkg.8/python3/3.12.4/install/lib/python3.12/site-packages/cloudpickle", O_RDONLY|O_NONBLOCK|O_CLOEXEC|O_DIRECTORY) = 3
3686887 stat("/share/pkg.8/python3/3.12.4/install/lib/python3.12/site-packages/cloudpickle/cloudpickle.py", {st_mode=S_IFREG|0644, st_size=55283, ...}) = 0
3686887 stat("/share/pkg.8/python3/3.12.4/install/lib/python3.12/site-packages/cloudpickle/cloudpickle.py", {st_mode=S_IFREG|0644, st_size=55283, ...}) = 0
3686887 openat(AT_FDCWD, "/share/pkg.8/python3/3.12.4/install/lib/python3.12/site-packages/cloudpickle/__pycache__/cloudpickle.cpython-312.pyc", O_RDONLY|O_CLOEXEC) = 3
3686887 stat("/projectnb/rcs-intern/reetom/sif", {st_mode=S_IFDIR|S_ISGID|0755, st_size=4096, ...}) = 0
3686887 stat("/share/pkg.8/python3/3.12.4/install/lib/python3.12", {st_mode=S_IFDIR|S_ISGID|0755, st_size=8192, ...}) = 0
3686887 stat("/share/pkg.8/python3/3.12.4/install/lib/python3.12/dataclasses.py", {st_mode=S_IFREG|0644, st_size=62088, ...}) = 0
3686887 stat("/share/pkg.8/python3/3.12.4/install/lib/python3.12/dataclasses.py", {st_mode=S_IFREG|0644, st_size=62088, ...}) = 0
3686887 openat(AT_FDCWD, "/share/pkg.8/python3/3.12.4/install/lib/python3.12/__pycache__/dataclasses.cpython-312.pyc", O_RDONLY|O_CLOEXEC) = 3
3686887 stat("/projectnb/rcs-intern/reetom/sif", {st_mode=S_IFDIR|S_ISGID|0755, st_size=4096, ...}) = 0
3686887 stat("/share/pkg.8/python3/3.12.4/install/lib/python3.12", {st_mode=S_IFDIR|S_ISGID|0755, st_size=8192, ...}) = 0
3686887 stat("/share/pkg.8/python3/3.12.4/install/lib/python3.12/copy.py", {st_mode=S_IFREG|0644, st_size=8412, ...}) = 0
3686887 stat("/share/pkg.8/python3/3.12.4/install/lib/python3.12/copy.py", {st_mode=S_IFREG|0644, st_size=8412, ...}) = 0
3686887 openat(AT_FDCWD, "/share/pkg.8/python3/3.12.4/install/lib/python3.12/__pycache__/copy.cpython-312.pyc", O_RDONLY|O_CLOEXEC) = 3
3686887 stat("/projectnb/rcs-intern/reetom/sif", {st_mode=S_IFDIR|S_ISGID|0755, st_size=4096, ...}) = 0
3686887 stat("/share/pkg.8/python3/3.12.4/install/lib/python3.12", {st_mode=S_IFDIR|S_ISGID|0755, st_size=8192, ...}) = 0
3686887 stat("/share/pkg.8/python3/3.12.4/install/lib/python3.12/logging/__init__.cpython-312-x86_64-linux-gnu.so", 0x7ffdb918abe0) = -1 ENOENT (No such file or directory)
3686887 stat("/share/pkg.8/python3/3.12.4/install/lib/python3.12/logging/__init__.abi3.so", 0x7ffdb918abe0) = -1 ENOENT (No such file or directory)
3686887 stat("/share/pkg.8/python3/3.12.4/install/lib/python3.12/logging/__init__.so", 0x7ffdb918abe0) = -1 ENOENT (No such file or directory)
3686887 stat("/share/pkg.8/python3/3.12.4/install/lib/python3.12/logging/__init__.py", {st_mode=S_IFREG|0644, st_size=83437, ...}) = 0
3686887 stat("/share/pkg.8/python3/3.12.4/install/lib/python3.12/logging/__init__.py", {st_mode=S_IFREG|0644, st_size=83437, ...}) = 0
3686887 openat(AT_FDCWD, "/share/pkg.8/python3/3.12.4/install/lib/python3.12/logging/__pycache__/__init__.cpython-312.pyc", O_RDONLY|O_CLOEXEC) = 3
3686887 stat("/projectnb/rcs-intern/reetom/sif", {st_mode=S_IFDIR|S_ISGID|0755, st_size=4096, ...}) = 0
3686887 stat("/share/pkg.8/python3/3.12.4/install/lib/python3.12", {st_mode=S_IFDIR|S_ISGID|0755, st_size=8192, ...}) = 0
3686887 stat("/share/pkg.8/python3/3.12.4/install/lib/python3.12/traceback.py", {st_mode=S_IFREG|0644, st_size=46325, ...}) = 0
3686887 stat("/share/pkg.8/python3/3.12.4/install/lib/python3.12/traceback.py", {st_mode=S_IFREG|0644, st_size=46325, ...}) = 0
3686887 openat(AT_FDCWD, "/share/pkg.8/python3/3.12.4/install/lib/python3.12/__pycache__/traceback.cpython-312.pyc", O_RDONLY|O_CLOEXEC) = 3
3686887 stat("/projectnb/rcs-intern/reetom/sif", {st_mode=S_IFDIR|S_ISGID|0755, st_size=4096, ...}) = 0
3686887 stat("/share/pkg.8/python3/3.12.4/install/lib/python3.12", {st_mode=S_IFDIR|S_ISGID|0755, st_size=8192, ...}) = 0
3686887 stat("/share/pkg.8/python3/3.12.4/install/lib/python3.12/string.py", {st_mode=S_IFREG|0644, st_size=11786, ...}) = 0
3686887 stat("/share/pkg.8/python3/3.12.4/install/lib/python3.12/string.py", {st_mode=S_IFREG|0644, st_size=11786, ...}) = 0
3686887 openat(AT_FDCWD, "/share/pkg.8/python3/3.12.4/install/lib/python3.12/__pycache__/string.cpython-312.pyc", O_RDONLY|O_CLOEXEC) = 3
3686887 stat("/projectnb/rcs-intern/reetom/sif", {st_mode=S_IFDIR|S_ISGID|0755, st_size=4096, ...}) = 0
3686887 stat("/share/pkg.8/python3/3.12.4/install/lib/python3.12", {st_mode=S_IFDIR|S_ISGID|0755, st_size=8192, ...}) = 0
3686887 stat("/share/pkg.8/python3/3.12.4/install/lib/python3.12/uuid.py", {st_mode=S_IFREG|0644, st_size=29656, ...}) = 0
3686887 stat("/share/pkg.8/python3/3.12.4/install/lib/python3.12/uuid.py", {st_mode=S_IFREG|0644, st_size=29656, ...}) = 0
3686887 openat(AT_FDCWD, "/share/pkg.8/python3/3.12.4/install/lib/python3.12/__pycache__/uuid.cpython-312.pyc", O_RDONLY|O_CLOEXEC) = 3
3686887 stat("/projectnb/rcs-intern/reetom/sif", {st_mode=S_IFDIR|S_ISGID|0755, st_size=4096, ...}) = 0
3686887 stat("/share/pkg.8/python3/3.12.4/install/lib/python3.12", {st_mode=S_IFDIR|S_ISGID|0755, st_size=8192, ...}) = 0
3686887 stat("/share/pkg.8/python3/3.12.4/install/lib/python3.12/lib-dynload", {st_mode=S_IFDIR|S_ISGID|0755, st_size=8192, ...}) = 0
3686887 stat("/share/pkg.8/python3/3.12.4/install/lib/python3.12/lib-dynload/_uuid.cpython-312-x86_64-linux-gnu.so", {st_mode=S_IFREG|0755, st_size=19680, ...}) = 0
3686887 openat(AT_FDCWD, "/share/pkg.8/python3/3.12.4/install/lib/python3.12/lib-dynload/_uuid.cpython-312-x86_64-linux-gnu.so", O_RDONLY|O_CLOEXEC) = 3
3686887 openat(AT_FDCWD, "/share/pkg.8/python3/3.12.4/install/lib/libuuid.so.1", O_RDONLY|O_CLOEXEC) = -1 ENOENT (No such file or directory)
3686887 openat(AT_FDCWD, "/share/pkg.8/python3/3.12.4/install/lib/libuuid.so.1", O_RDONLY|O_CLOEXEC) = -1 ENOENT (No such file or directory)
3686887 openat(AT_FDCWD, "/share/pkg.8/gcc/12.2.0/install/lib64/libuuid.so.1", O_RDONLY|O_CLOEXEC) = -1 ENOENT (No such file or directory)
3686887 openat(AT_FDCWD, "/share/pkg.8/python3/3.12.4/install/lib/libuuid.so.1", O_RDONLY|O_CLOEXEC) = -1 ENOENT (No such file or directory)
3686887 openat(AT_FDCWD, "/etc/ld.so.cache", O_RDONLY|O_CLOEXEC) = 3
3686887 openat(AT_FDCWD, "/lib64/libuuid.so.1", O_RDONLY|O_CLOEXEC) = 3
3686887 stat("/projectnb/rcs-intern/reetom/sif", {st_mode=S_IFDIR|S_ISGID|0755, st_size=4096, ...}) = 0
3686887 stat("/share/pkg.8/python3/3.12.4/install/lib/python3.12", {st_mode=S_IFDIR|S_ISGID|0755, st_size=8192, ...}) = 0
3686887 stat("/share/pkg.8/python3/3.12.4/install/lib/python3.12/signal.py", {st_mode=S_IFREG|0644, st_size=2495, ...}) = 0
3686887 stat("/share/pkg.8/python3/3.12.4/install/lib/python3.12/signal.py", {st_mode=S_IFREG|0644, st_size=2495, ...}) = 0
3686887 openat(AT_FDCWD, "/share/pkg.8/python3/3.12.4/install/lib/python3.12/__pycache__/signal.cpython-312.pyc", O_RDONLY|O_CLOEXEC) = 3
3686887 stat("/share/pkg.8/python3/3.12.4/install/lib/python3.12/site-packages/pyarrow", {st_mode=S_IFDIR|S_ISGID|0755, st_size=8192, ...}) = 0
3686887 stat("/share/pkg.8/python3/3.12.4/install/lib/python3.12/site-packages/pyarrow/util.py", {st_mode=S_IFREG|0644, st_size=7970, ...}) = 0
3686887 stat("/share/pkg.8/python3/3.12.4/install/lib/python3.12/site-packages/pyarrow/util.py", {st_mode=S_IFREG|0644, st_size=7970, ...}) = 0
3686887 openat(AT_FDCWD, "/share/pkg.8/python3/3.12.4/install/lib/python3.12/site-packages/pyarrow/__pycache__/util.cpython-312.pyc", O_RDONLY|O_CLOEXEC) = 3
3686887 stat("/projectnb/rcs-intern/reetom/sif", {st_mode=S_IFDIR|S_ISGID|0755, st_size=4096, ...}) = 0
3686887 stat("/share/pkg.8/python3/3.12.4/install/lib/python3.12", {st_mode=S_IFDIR|S_ISGID|0755, st_size=8192, ...}) = 0
3686887 stat("/share/pkg.8/python3/3.12.4/install/lib/python3.12/socket.py", {st_mode=S_IFREG|0644, st_size=37443, ...}) = 0
3686887 stat("/share/pkg.8/python3/3.12.4/install/lib/python3.12/socket.py", {st_mode=S_IFREG|0644, st_size=37443, ...}) = 0
3686887 openat(AT_FDCWD, "/share/pkg.8/python3/3.12.4/install/lib/python3.12/__pycache__/socket.cpython-312.pyc", O_RDONLY|O_CLOEXEC) = 3
3686887 stat("/projectnb/rcs-intern/reetom/sif", {st_mode=S_IFDIR|S_ISGID|0755, st_size=4096, ...}) = 0
3686887 stat("/share/pkg.8/python3/3.12.4/install/lib/python3.12", {st_mode=S_IFDIR|S_ISGID|0755, st_size=8192, ...}) = 0
3686887 stat("/share/pkg.8/python3/3.12.4/install/lib/python3.12/lib-dynload", {st_mode=S_IFDIR|S_ISGID|0755, st_size=8192, ...}) = 0
3686887 stat("/share/pkg.8/python3/3.12.4/install/lib/python3.12/lib-dynload/_socket.cpython-312-x86_64-linux-gnu.so", {st_mode=S_IFREG|0755, st_size=303696, ...}) = 0
3686887 openat(AT_FDCWD, "/share/pkg.8/python3/3.12.4/install/lib/python3.12/lib-dynload/_socket.cpython-312-x86_64-linux-gnu.so", O_RDONLY|O_CLOEXEC) = 3
3686887 stat("/projectnb/rcs-intern/reetom/sif", {st_mode=S_IFDIR|S_ISGID|0755, st_size=4096, ...}) = 0
3686887 stat("/share/pkg.8/python3/3.12.4/install/lib/python3.12", {st_mode=S_IFDIR|S_ISGID|0755, st_size=8192, ...}) = 0
3686887 stat("/share/pkg.8/python3/3.12.4/install/lib/python3.12/selectors.py", {st_mode=S_IFREG|0644, st_size=19671, ...}) = 0
3686887 stat("/share/pkg.8/python3/3.12.4/install/lib/python3.12/selectors.py", {st_mode=S_IFREG|0644, st_size=19671, ...}) = 0
3686887 openat(AT_FDCWD, "/share/pkg.8/python3/3.12.4/install/lib/python3.12/__pycache__/selectors.cpython-312.pyc", O_RDONLY|O_CLOEXEC) = 3
3686887 stat("/projectnb/rcs-intern/reetom/sif", {st_mode=S_IFDIR|S_ISGID|0755, st_size=4096, ...}) = 0
3686887 stat("/share/pkg.8/python3/3.12.4/install/lib/python3.12", {st_mode=S_IFDIR|S_ISGID|0755, st_size=8192, ...}) = 0
3686887 stat("/share/pkg.8/python3/3.12.4/install/lib/python3.12/lib-dynload", {st_mode=S_IFDIR|S_ISGID|0755, st_size=8192, ...}) = 0
3686887 stat("/share/pkg.8/python3/3.12.4/install/lib/python3.12/lib-dynload/select.cpython-312-x86_64-linux-gnu.so", {st_mode=S_IFREG|0755, st_size=110640, ...}) = 0
3686887 openat(AT_FDCWD, "/share/pkg.8/python3/3.12.4/install/lib/python3.12/lib-dynload/select.cpython-312-x86_64-linux-gnu.so", O_RDONLY|O_CLOEXEC) = 3
3686887 stat("/projectnb/rcs-intern/reetom/sif", {st_mode=S_IFDIR|S_ISGID|0755, st_size=4096, ...}) = 0
3686887 stat("/share/pkg.8/python3/3.12.4/install/lib/python3.12", {st_mode=S_IFDIR|S_ISGID|0755, st_size=8192, ...}) = 0
3686887 stat("/share/pkg.8/python3/3.12.4/install/lib/python3.12/lib-dynload", {st_mode=S_IFDIR|S_ISGID|0755, st_size=8192, ...}) = 0
3686887 stat("/share/pkg.8/python3/3.12.4/install/lib/python3.12/lib-dynload/array.cpython-312-x86_64-linux-gnu.so", {st_mode=S_IFREG|0755, st_size=251504, ...}) = 0
3686887 openat(AT_FDCWD, "/share/pkg.8/python3/3.12.4/install/lib/python3.12/lib-dynload/array.cpython-312-x86_64-linux-gnu.so", O_RDONLY|O_CLOEXEC) = 3
3686887 stat("/projectnb/rcs-intern/reetom/sif", {st_mode=S_IFDIR|S_ISGID|0755, st_size=4096, ...}) = 0
3686887 stat("/share/pkg.8/python3/3.12.4/install/lib/python3.12", {st_mode=S_IFDIR|S_ISGID|0755, st_size=8192, ...}) = 0
3686887 stat("/share/pkg.8/python3/3.12.4/install/lib/python3.12/queue.py", {st_mode=S_IFREG|0644, st_size=11496, ...}) = 0
3686887 stat("/share/pkg.8/python3/3.12.4/install/lib/python3.12/queue.py", {st_mode=S_IFREG|0644, st_size=11496, ...}) = 0
3686887 openat(AT_FDCWD, "/share/pkg.8/python3/3.12.4/install/lib/python3.12/__pycache__/queue.cpython-312.pyc", O_RDONLY|O_CLOEXEC) = 3
3686887 stat("/projectnb/rcs-intern/reetom/sif", {st_mode=S_IFDIR|S_ISGID|0755, st_size=4096, ...}) = 0
3686887 stat("/share/pkg.8/python3/3.12.4/install/lib/python3.12", {st_mode=S_IFDIR|S_ISGID|0755, st_size=8192, ...}) = 0
3686887 stat("/share/pkg.8/python3/3.12.4/install/lib/python3.12/heapq.py", {st_mode=S_IFREG|0644, st_size=23024, ...}) = 0
3686887 stat("/share/pkg.8/python3/3.12.4/install/lib/python3.12/heapq.py", {st_mode=S_IFREG|0644, st_size=23024, ...}) = 0
3686887 openat(AT_FDCWD, "/share/pkg.8/python3/3.12.4/install/lib/python3.12/__pycache__/heapq.cpython-312.pyc", O_RDONLY|O_CLOEXEC) = 3
3686887 stat("/projectnb/rcs-intern/reetom/sif", {st_mode=S_IFDIR|S_ISGID|0755, st_size=4096, ...}) = 0
3686887 stat("/share/pkg.8/python3/3.12.4/install/lib/python3.12", {st_mode=S_IFDIR|S_ISGID|0755, st_size=8192, ...}) = 0
3686887 stat("/share/pkg.8/python3/3.12.4/install/lib/python3.12/lib-dynload", {st_mode=S_IFDIR|S_ISGID|0755, st_size=8192, ...}) = 0
3686887 stat("/share/pkg.8/python3/3.12.4/install/lib/python3.12/lib-dynload/_heapq.cpython-312-x86_64-linux-gnu.so", {st_mode=S_IFREG|0755, st_size=112944, ...}) = 0
3686887 openat(AT_FDCWD, "/share/pkg.8/python3/3.12.4/install/lib/python3.12/lib-dynload/_heapq.cpython-312-x86_64-linux-gnu.so", O_RDONLY|O_CLOEXEC) = 3
3686887 stat("/projectnb/rcs-intern/reetom/sif", {st_mode=S_IFDIR|S_ISGID|0755, st_size=4096, ...}) = 0
3686887 stat("/share/pkg.8/python3/3.12.4/install/lib/python3.12", {st_mode=S_IFDIR|S_ISGID|0755, st_size=8192, ...}) = 0
3686887 stat("/share/pkg.8/python3/3.12.4/install/lib/python3.12/lib-dynload", {st_mode=S_IFDIR|S_ISGID|0755, st_size=8192, ...}) = 0
3686887 stat("/share/pkg.8/python3/3.12.4/install/lib/python3.12/lib-dynload/_queue.cpython-312-x86_64-linux-gnu.so", {st_mode=S_IFREG|0755, st_size=56528, ...}) = 0
3686887 openat(AT_FDCWD, "/share/pkg.8/python3/3.12.4/install/lib/python3.12/lib-dynload/_queue.cpython-312-x86_64-linux-gnu.so", O_RDONLY|O_CLOEXEC) = 3
3686887 stat("/share/pkg.8/python3/3.12.4/install/lib/python3.12/site-packages/pyarrow", {st_mode=S_IFDIR|S_ISGID|0755, st_size=8192, ...}) = 0
3686887 stat("/share/pkg.8/python3/3.12.4/install/lib/python3.12/site-packages/pyarrow/ipc.py", {st_mode=S_IFREG|0644, st_size=10107, ...}) = 0
3686887 stat("/share/pkg.8/python3/3.12.4/install/lib/python3.12/site-packages/pyarrow/ipc.py", {st_mode=S_IFREG|0644, st_size=10107, ...}) = 0
3686887 openat(AT_FDCWD, "/share/pkg.8/python3/3.12.4/install/lib/python3.12/site-packages/pyarrow/__pycache__/ipc.cpython-312.pyc", O_RDONLY|O_CLOEXEC) = 3
3686887 stat("/share/pkg.8/python3/3.12.4/install/lib/python3.12/site-packages/pyarrow", {st_mode=S_IFDIR|S_ISGID|0755, st_size=8192, ...}) = 0
3686887 stat("/share/pkg.8/python3/3.12.4/install/lib/python3.12/site-packages/pyarrow/types.py", {st_mode=S_IFREG|0644, st_size=7240, ...}) = 0
3686887 stat("/share/pkg.8/python3/3.12.4/install/lib/python3.12/site-packages/pyarrow/types.py", {st_mode=S_IFREG|0644, st_size=7240, ...}) = 0
3686887 openat(AT_FDCWD, "/share/pkg.8/python3/3.12.4/install/lib/python3.12/site-packages/pyarrow/__pycache__/types.cpython-312.pyc", O_RDONLY|O_CLOEXEC) = 3
3686887 stat("/share/pkg.8/python3/3.12.4/install/lib/python3.12/site-packages/pandas", {st_mode=S_IFDIR|S_ISGID|0755, st_size=4096, ...}) = 0
3686887 stat("/share/pkg.8/python3/3.12.4/install/lib/python3.12/site-packages/pandas/_config/__init__.cpython-312-x86_64-linux-gnu.so", 0x7ffdb918db70) = -1 ENOENT (No such file or directory)
3686887 stat("/share/pkg.8/python3/3.12.4/install/lib/python3.12/site-packages/pandas/_config/__init__.abi3.so", 0x7ffdb918db70) = -1 ENOENT (No such file or directory)
3686887 stat("/share/pkg.8/python3/3.12.4/install/lib/python3.12/site-packages/pandas/_config/__init__.so", 0x7ffdb918db70) = -1 ENOENT (No such file or directory)
3686887 stat("/share/pkg.8/python3/3.12.4/install/lib/python3.12/site-packages/pandas/_config/__init__.py", {st_mode=S_IFREG|0644, st_size=1437, ...}) = 0
3686887 stat("/share/pkg.8/python3/3.12.4/install/lib/python3.12/site-packages/pandas/_config/__init__.py", {st_mode=S_IFREG|0644, st_size=1437, ...}) = 0
3686887 openat(AT_FDCWD, "/share/pkg.8/python3/3.12.4/install/lib/python3.12/site-packages/pandas/_config/__pycache__/__init__.cpython-312.pyc", O_RDONLY|O_CLOEXEC) = 3
3686887 stat("/share/pkg.8/python3/3.12.4/install/lib/python3.12/site-packages/pandas/_config", {st_mode=S_IFDIR|S_ISGID|0755, st_size=4096, ...}) = 0
3686887 stat("/share/pkg.8/python3/3.12.4/install/lib/python3.12/site-packages/pandas/_config", {st_mode=S_IFDIR|S_ISGID|0755, st_size=4096, ...}) = 0
3686887 stat("/share/pkg.8/python3/3.12.4/install/lib/python3.12/site-packages/pandas/_config", {st_mode=S_IFDIR|S_ISGID|0755, st_size=4096, ...}) = 0
3686887 openat(AT_FDCWD, "/share/pkg.8/python3/3.12.4/install/lib/python3.12/site-packages/pandas/_config", O_RDONLY|O_NONBLOCK|O_CLOEXEC|O_DIRECTORY) = 3
3686887 stat("/share/pkg.8/python3/3.12.4/install/lib/python3.12/site-packages/pandas/_config/config.py", {st_mode=S_IFREG|0644, st_size=25454, ...}) = 0
3686887 stat("/share/pkg.8/python3/3.12.4/install/lib/python3.12/site-packages/pandas/_config/config.py", {st_mode=S_IFREG|0644, st_size=25454, ...}) = 0
3686887 openat(AT_FDCWD, "/share/pkg.8/python3/3.12.4/install/lib/python3.12/site-packages/pandas/_config/__pycache__/config.cpython-312.pyc", O_RDONLY|O_CLOEXEC) = 3
3686887 stat("/share/pkg.8/python3/3.12.4/install/lib/python3.12/site-packages/pandas", {st_mode=S_IFDIR|S_ISGID|0755, st_size=4096, ...}) = 0
3686887 stat("/share/pkg.8/python3/3.12.4/install/lib/python3.12/site-packages/pandas/_typing.py", {st_mode=S_IFREG|0644, st_size=14037, ...}) = 0
3686887 stat("/share/pkg.8/python3/3.12.4/install/lib/python3.12/site-packages/pandas/_typing.py", {st_mode=S_IFREG|0644, st_size=14037, ...}) = 0
3686887 openat(AT_FDCWD, "/share/pkg.8/python3/3.12.4/install/lib/python3.12/site-packages/pandas/__pycache__/_typing.cpython-312.pyc", O_RDONLY|O_CLOEXEC) = 3
3686887 stat("/share/pkg.8/python3/3.12.4/install/lib/python3.12/site-packages/pandas/util", {st_mode=S_IFDIR|S_ISGID|0755, st_size=4096, ...}) = 0
3686887 stat("/share/pkg.8/python3/3.12.4/install/lib/python3.12/site-packages/pandas/util/_exceptions.py", {st_mode=S_IFREG|0644, st_size=2876, ...}) = 0
3686887 stat("/share/pkg.8/python3/3.12.4/install/lib/python3.12/site-packages/pandas/util/_exceptions.py", {st_mode=S_IFREG|0644, st_size=2876, ...}) = 0
3686887 openat(AT_FDCWD, "/share/pkg.8/python3/3.12.4/install/lib/python3.12/site-packages/pandas/util/__pycache__/_exceptions.cpython-312.pyc", O_RDONLY|O_CLOEXEC) = 3
3686887 stat("/share/pkg.8/python3/3.12.4/install/lib/python3.12/site-packages/pandas/_config", {st_mode=S_IFDIR|S_ISGID|0755, st_size=4096, ...}) = 0
3686887 stat("/share/pkg.8/python3/3.12.4/install/lib/python3.12/site-packages/pandas/_config/dates.py", {st_mode=S_IFREG|0644, st_size=668, ...}) = 0
3686887 stat("/share/pkg.8/python3/3.12.4/install/lib/python3.12/site-packages/pandas/_config/dates.py", {st_mode=S_IFREG|0644, st_size=668, ...}) = 0
3686887 openat(AT_FDCWD, "/share/pkg.8/python3/3.12.4/install/lib/python3.12/site-packages/pandas/_config/__pycache__/dates.cpython-312.pyc", O_RDONLY|O_CLOEXEC) = 3
3686887 stat("/share/pkg.8/python3/3.12.4/install/lib/python3.12/site-packages/pandas/_config", {st_mode=S_IFDIR|S_ISGID|0755, st_size=4096, ...}) = 0
3686887 stat("/share/pkg.8/python3/3.12.4/install/lib/python3.12/site-packages/pandas/_config/display.py", {st_mode=S_IFREG|0644, st_size=1804, ...}) = 0
3686887 stat("/share/pkg.8/python3/3.12.4/install/lib/python3.12/site-packages/pandas/_config/display.py", {st_mode=S_IFREG|0644, st_size=1804, ...}) = 0
3686887 openat(AT_FDCWD, "/share/pkg.8/python3/3.12.4/install/lib/python3.12/site-packages/pandas/_config/__pycache__/display.cpython-312.pyc", O_RDONLY|O_CLOEXEC) = 3
3686887 stat("/projectnb/rcs-intern/reetom/sif", {st_mode=S_IFDIR|S_ISGID|0755, st_size=4096, ...}) = 0
3686887 stat("/share/pkg.8/python3/3.12.4/install/lib/python3.12", {st_mode=S_IFDIR|S_ISGID|0755, st_size=8192, ...}) = 0
3686887 stat("/share/pkg.8/python3/3.12.4/install/lib/python3.12/locale.py", {st_mode=S_IFREG|0644, st_size=78599, ...}) = 0
3686887 stat("/share/pkg.8/python3/3.12.4/install/lib/python3.12/locale.py", {st_mode=S_IFREG|0644, st_size=78599, ...}) = 0
3686887 openat(AT_FDCWD, "/share/pkg.8/python3/3.12.4/install/lib/python3.12/__pycache__/locale.cpython-312.pyc", O_RDONLY|O_CLOEXEC) = 3
3686887 stat("/share/pkg.8/python3/3.12.4/install/lib/python3.12/site-packages/pandas", {st_mode=S_IFDIR|S_ISGID|0755, st_size=4096, ...}) = 0
3686887 stat("/share/pkg.8/python3/3.12.4/install/lib/python3.12/site-packages/pandas/core/__init__.cpython-312-x86_64-linux-gnu.so", 0x7ffdb918d670) = -1 ENOENT (No such file or directory)
3686887 stat("/share/pkg.8/python3/3.12.4/install/lib/python3.12/site-packages/pandas/core/__init__.abi3.so", 0x7ffdb918d670) = -1 ENOENT (No such file or directory)
3686887 stat("/share/pkg.8/python3/3.12.4/install/lib/python3.12/site-packages/pandas/core/__init__.so", 0x7ffdb918d670) = -1 ENOENT (No such file or directory)
3686887 stat("/share/pkg.8/python3/3.12.4/install/lib/python3.12/site-packages/pandas/core/__init__.py", {st_mode=S_IFREG|0644, st_size=0, ...}) = 0
3686887 stat("/share/pkg.8/python3/3.12.4/install/lib/python3.12/site-packages/pandas/core/__init__.py", {st_mode=S_IFREG|0644, st_size=0, ...}) = 0
3686887 openat(AT_FDCWD, "/share/pkg.8/python3/3.12.4/install/lib/python3.12/site-packages/pandas/core/__pycache__/__init__.cpython-312.pyc", O_RDONLY|O_CLOEXEC) = 3
3686887 stat("/share/pkg.8/python3/3.12.4/install/lib/python3.12/site-packages/pandas/core", {st_mode=S_IFDIR|S_ISGID|0755, st_size=4096, ...}) = 0
3686887 stat("/share/pkg.8/python3/3.12.4/install/lib/python3.12/site-packages/pandas/core", {st_mode=S_IFDIR|S_ISGID|0755, st_size=4096, ...}) = 0
3686887 stat("/share/pkg.8/python3/3.12.4/install/lib/python3.12/site-packages/pandas/core", {st_mode=S_IFDIR|S_ISGID|0755, st_size=4096, ...}) = 0
3686887 openat(AT_FDCWD, "/share/pkg.8/python3/3.12.4/install/lib/python3.12/site-packages/pandas/core", O_RDONLY|O_NONBLOCK|O_CLOEXEC|O_DIRECTORY) = 3
3686887 stat("/share/pkg.8/python3/3.12.4/install/lib/python3.12/site-packages/pandas/core/config_init.py", {st_mode=S_IFREG|0644, st_size=26460, ...}) = 0
3686887 stat("/share/pkg.8/python3/3.12.4/install/lib/python3.12/site-packages/pandas/core/config_init.py", {st_mode=S_IFREG|0644, st_size=26460, ...}) = 0
3686887 openat(AT_FDCWD, "/share/pkg.8/python3/3.12.4/install/lib/python3.12/site-packages/pandas/core/__pycache__/config_init.cpython-312.pyc", O_RDONLY|O_CLOEXEC) = 3
3686887 stat("/share/pkg.8/python3/3.12.4/install/lib/python3.12/site-packages/pandas/core", {st_mode=S_IFDIR|S_ISGID|0755, st_size=4096, ...}) = 0
3686887 stat("/share/pkg.8/python3/3.12.4/install/lib/python3.12/site-packages/pandas/core/api.py", {st_mode=S_IFREG|0644, st_size=2911, ...}) = 0
3686887 stat("/share/pkg.8/python3/3.12.4/install/lib/python3.12/site-packages/pandas/core/api.py", {st_mode=S_IFREG|0644, st_size=2911, ...}) = 0
3686887 openat(AT_FDCWD, "/share/pkg.8/python3/3.12.4/install/lib/python3.12/site-packages/pandas/core/__pycache__/api.cpython-312.pyc", O_RDONLY|O_CLOEXEC) = 3
3686887 stat("/share/pkg.8/python3/3.12.4/install/lib/python3.12/site-packages/pandas", {st_mode=S_IFDIR|S_ISGID|0755, st_size=4096, ...}) = 0
3686887 stat("/share/pkg.8/python3/3.12.4/install/lib/python3.12/site-packages/pandas/_libs/__init__.cpython-312-x86_64-linux-gnu.so", 0x7ffdb918d450) = -1 ENOENT (No such file or directory)
3686887 stat("/share/pkg.8/python3/3.12.4/install/lib/python3.12/site-packages/pandas/_libs/__init__.abi3.so", 0x7ffdb918d450) = -1 ENOENT (No such file or directory)
3686887 stat("/share/pkg.8/python3/3.12.4/install/lib/python3.12/site-packages/pandas/_libs/__init__.so", 0x7ffdb918d450) = -1 ENOENT (No such file or directory)
3686887 stat("/share/pkg.8/python3/3.12.4/install/lib/python3.12/site-packages/pandas/_libs/__init__.py", {st_mode=S_IFREG|0644, st_size=673, ...}) = 0
3686887 stat("/share/pkg.8/python3/3.12.4/install/lib/python3.12/site-packages/pandas/_libs/__init__.py", {st_mode=S_IFREG|0644, st_size=673, ...}) = 0
3686887 openat(AT_FDCWD, "/share/pkg.8/python3/3.12.4/install/lib/python3.12/site-packages/pandas/_libs/__pycache__/__init__.cpython-312.pyc", O_RDONLY|O_CLOEXEC) = 3
3686887 stat("/share/pkg.8/python3/3.12.4/install/lib/python3.12/site-packages/pandas/_libs", {st_mode=S_IFDIR|S_ISGID|0755, st_size=4096, ...}) = 0
3686887 stat("/share/pkg.8/python3/3.12.4/install/lib/python3.12/site-packages/pandas/_libs", {st_mode=S_IFDIR|S_ISGID|0755, st_size=4096, ...}) = 0
3686887 stat("/share/pkg.8/python3/3.12.4/install/lib/python3.12/site-packages/pandas/_libs", {st_mode=S_IFDIR|S_ISGID|0755, st_size=4096, ...}) = 0
3686887 openat(AT_FDCWD, "/share/pkg.8/python3/3.12.4/install/lib/python3.12/site-packages/pandas/_libs", O_RDONLY|O_NONBLOCK|O_CLOEXEC|O_DIRECTORY) = 3
3686887 stat("/share/pkg.8/python3/3.12.4/install/lib/python3.12/site-packages/pandas/_libs/pandas_parser.cpython-312-x86_64-linux-gnu.so", {st_mode=S_IFREG|0755, st_size=43424, ...}) = 0
3686887 openat(AT_FDCWD, "/share/pkg.8/python3/3.12.4/install/lib/python3.12/site-packages/pandas/_libs/pandas_parser.cpython-312-x86_64-linux-gnu.so", O_RDONLY|O_CLOEXEC) = 3
3686887 stat("/share/pkg.8/python3/3.12.4/install/lib/python3.12/site-packages/pandas/_libs", {st_mode=S_IFDIR|S_ISGID|0755, st_size=4096, ...}) = 0
3686887 stat("/share/pkg.8/python3/3.12.4/install/lib/python3.12/site-packages/pandas/_libs/pandas_datetime.cpython-312-x86_64-linux-gnu.so", {st_mode=S_IFREG|0755, st_size=39264, ...}) = 0
3686887 openat(AT_FDCWD, "/share/pkg.8/python3/3.12.4/install/lib/python3.12/site-packages/pandas/_libs/pandas_datetime.cpython-312-x86_64-linux-gnu.so", O_RDONLY|O_CLOEXEC) = 3
3686887 stat("/share/pkg.8/python3/3.12.4/install/lib/python3.12/site-packages/pandas/_libs", {st_mode=S_IFDIR|S_ISGID|0755, st_size=4096, ...}) = 0
3686887 stat("/share/pkg.8/python3/3.12.4/install/lib/python3.12/site-packages/pandas/_libs/interval.cpython-312-x86_64-linux-gnu.so", {st_mode=S_IFREG|0755, st_size=1454632, ...}) = 0
3686887 openat(AT_FDCWD, "/share/pkg.8/python3/3.12.4/install/lib/python3.12/site-packages/pandas/_libs/interval.cpython-312-x86_64-linux-gnu.so", O_RDONLY|O_CLOEXEC) = 3
3686887 stat("/share/pkg.8/python3/3.12.4/install/lib/python3.12/site-packages/pandas/_libs", {st_mode=S_IFDIR|S_ISGID|0755, st_size=4096, ...}) = 0
3686887 stat("/share/pkg.8/python3/3.12.4/install/lib/python3.12/site-packages/pandas/_libs/hashtable.cpython-312-x86_64-linux-gnu.so", {st_mode=S_IFREG|0755, st_size=2165256, ...}) = 0
3686887 openat(AT_FDCWD, "/share/pkg.8/python3/3.12.4/install/lib/python3.12/site-packages/pandas/_libs/hashtable.cpython-312-x86_64-linux-gnu.so", O_RDONLY|O_CLOEXEC) = 3
3686887 stat("/share/pkg.8/python3/3.12.4/install/lib/python3.12/site-packages/pandas/_libs", {st_mode=S_IFDIR|S_ISGID|0755, st_size=4096, ...}) = 0
3686887 stat("/share/pkg.8/python3/3.12.4/install/lib/python3.12/site-packages/pandas/_libs/missing.cpython-312-x86_64-linux-gnu.so", {st_mode=S_IFREG|0755, st_size=203208, ...}) = 0
3686887 openat(AT_FDCWD, "/share/pkg.8/python3/3.12.4/install/lib/python3.12/site-packages/pandas/_libs/missing.cpython-312-x86_64-linux-gnu.so", O_RDONLY|O_CLOEXEC) = 3
3686887 stat("/share/pkg.8/python3/3.12.4/install/lib/python3.12/site-packages/pandas/_libs", {st_mode=S_IFDIR|S_ISGID|0755, st_size=4096, ...}) = 0
3686887 stat("/share/pkg.8/python3/3.12.4/install/lib/python3.12/site-packages/pandas/_libs/tslibs/__init__.cpython-312-x86_64-linux-gnu.so", 0x7ffdb9181750) = -1 ENOENT (No such file or directory)
3686887 stat("/share/pkg.8/python3/3.12.4/install/lib/python3.12/site-packages/pandas/_libs/tslibs/__init__.abi3.so", 0x7ffdb9181750) = -1 ENOENT (No such file or directory)
3686887 stat("/share/pkg.8/python3/3.12.4/install/lib/python3.12/site-packages/pandas/_libs/tslibs/__init__.so", 0x7ffdb9181750) = -1 ENOENT (No such file or directory)
3686887 stat("/share/pkg.8/python3/3.12.4/install/lib/python3.12/site-packages/pandas/_libs/tslibs/__init__.py", {st_mode=S_IFREG|0644, st_size=2125, ...}) = 0
3686887 stat("/share/pkg.8/python3/3.12.4/install/lib/python3.12/site-packages/pandas/_libs/tslibs/__init__.py", {st_mode=S_IFREG|0644, st_size=2125, ...}) = 0
3686887 openat(AT_FDCWD, "/share/pkg.8/python3/3.12.4/install/lib/python3.12/site-packages/pandas/_libs/tslibs/__pycache__/__init__.cpython-312.pyc", O_RDONLY|O_CLOEXEC) = 3
3686887 stat("/share/pkg.8/python3/3.12.4/install/lib/python3.12/site-packages/pandas/_libs/tslibs", {st_mode=S_IFDIR|S_ISGID|0755, st_size=4096, ...}) = 0
3686887 stat("/share/pkg.8/python3/3.12.4/install/lib/python3.12/site-packages/pandas/_libs/tslibs", {st_mode=S_IFDIR|S_ISGID|0755, st_size=4096, ...}) = 0
3686887 stat("/share/pkg.8/python3/3.12.4/install/lib/python3.12/site-packages/pandas/_libs/tslibs", {st_mode=S_IFDIR|S_ISGID|0755, st_size=4096, ...}) = 0
3686887 openat(AT_FDCWD, "/share/pkg.8/python3/3.12.4/install/lib/python3.12/site-packages/pandas/_libs/tslibs", O_RDONLY|O_NONBLOCK|O_CLOEXEC|O_DIRECTORY) = 3
3686887 stat("/share/pkg.8/python3/3.12.4/install/lib/python3.12/site-packages/pandas/_libs/tslibs/dtypes.cpython-312-x86_64-linux-gnu.so", {st_mode=S_IFREG|0755, st_size=202592, ...}) = 0
3686887 openat(AT_FDCWD, "/share/pkg.8/python3/3.12.4/install/lib/python3.12/site-packages/pandas/_libs/tslibs/dtypes.cpython-312-x86_64-linux-gnu.so", O_RDONLY|O_CLOEXEC) = 3
3686887 stat("/share/pkg.8/python3/3.12.4/install/lib/python3.12/site-packages/pandas/_libs/tslibs", {st_mode=S_IFDIR|S_ISGID|0755, st_size=4096, ...}) = 0
3686887 stat("/share/pkg.8/python3/3.12.4/install/lib/python3.12/site-packages/pandas/_libs/tslibs/ccalendar.cpython-312-x86_64-linux-gnu.so", {st_mode=S_IFREG|0755, st_size=106848, ...}) = 0
3686887 openat(AT_FDCWD, "/share/pkg.8/python3/3.12.4/install/lib/python3.12/site-packages/pandas/_libs/tslibs/ccalendar.cpython-312-x86_64-linux-gnu.so", O_RDONLY|O_CLOEXEC) = 3
3686887 stat("/share/pkg.8/python3/3.12.4/install/lib/python3.12/site-packages/pandas/_libs/tslibs", {st_mode=S_IFDIR|S_ISGID|0755, st_size=4096, ...}) = 0
3686887 stat("/share/pkg.8/python3/3.12.4/install/lib/python3.12/site-packages/pandas/_libs/tslibs/np_datetime.cpython-312-x86_64-linux-gnu.so", {st_mode=S_IFREG|0755, st_size=148064, ...}) = 0
3686887 openat(AT_FDCWD, "/share/pkg.8/python3/3.12.4/install/lib/python3.12/site-packages/pandas/_libs/tslibs/np_datetime.cpython-312-x86_64-linux-gnu.so", O_RDONLY|O_CLOEXEC) = 3
3686887 stat("/share/pkg.8/python3/3.12.4/install/lib/python3.12/site-packages/pandas/_libs/tslibs", {st_mode=S_IFDIR|S_ISGID|0755, st_size=4096, ...}) = 0
3686887 stat("/share/pkg.8/python3/3.12.4/install/lib/python3.12/site-packages/pandas/_libs/tslibs/conversion.cpython-312-x86_64-linux-gnu.so", {st_mode=S_IFREG|0755, st_size=304104, ...}) = 0
3686887 openat(AT_FDCWD, "/share/pkg.8/python3/3.12.4/install/lib/python3.12/site-packages/pandas/_libs/tslibs/conversion.cpython-312-x86_64-linux-gnu.so", O_RDONLY|O_CLOEXEC) = 3
3686887 stat("/share/pkg.8/python3/3.12.4/install/lib/python3.12/site-packages/pandas/_libs/tslibs", {st_mode=S_IFDIR|S_ISGID|0755, st_size=4096, ...}) = 0
3686887 stat("/share/pkg.8/python3/3.12.4/install/lib/python3.12/site-packages/pandas/_libs/tslibs/base.cpython-312-x86_64-linux-gnu.so", {st_mode=S_IFREG|0755, st_size=66368, ...}) = 0
3686887 openat(AT_FDCWD, "/share/pkg.8/python3/3.12.4/install/lib/python3.12/site-packages/pandas/_libs/tslibs/base.cpython-312-x86_64-linux-gnu.so", O_RDONLY|O_CLOEXEC) = 3
3686887 stat("/share/pkg.8/python3/3.12.4/install/lib/python3.12/site-packages/pandas/_libs/tslibs", {st_mode=S_IFDIR|S_ISGID|0755, st_size=4096, ...}) = 0
3686887 stat("/share/pkg.8/python3/3.12.4/install/lib/python3.12/site-packages/pandas/_libs/tslibs/offsets.cpython-312-x86_64-linux-gnu.so", {st_mode=S_IFREG|0755, st_size=1142368, ...}) = 0
3686887 openat(AT_FDCWD, "/share/pkg.8/python3/3.12.4/install/lib/python3.12/site-packages/pandas/_libs/tslibs/offsets.cpython-312-x86_64-linux-gnu.so", O_RDONLY|O_CLOEXEC) = 3
3686887 stat("/share/pkg.8/python3/3.12.4/install/lib/python3.12/site-packages/pandas/_libs/tslibs", {st_mode=S_IFDIR|S_ISGID|0755, st_size=4096, ...}) = 0
3686887 stat("/share/pkg.8/python3/3.12.4/install/lib/python3.12/site-packages/pandas/_libs/tslibs/timestamps.cpython-312-x86_64-linux-gnu.so", {st_mode=S_IFREG|0755, st_size=640328, ...}) = 0
3686887 openat(AT_FDCWD, "/share/pkg.8/python3/3.12.4/install/lib/python3.12/site-packages/pandas/_libs/tslibs/timestamps.cpython-312-x86_64-linux-gnu.so", O_RDONLY|O_CLOEXEC) = 3
3686887 stat("/share/pkg.8/python3/3.12.4/install/lib/python3.12/site-packages/pandas/_libs/tslibs", {st_mode=S_IFDIR|S_ISGID|0755, st_size=4096, ...}) = 0
3686887 stat("/share/pkg.8/python3/3.12.4/install/lib/python3.12/site-packages/pandas/_libs/tslibs/nattype.cpython-312-x86_64-linux-gnu.so", {st_mode=S_IFREG|0755, st_size=224896, ...}) = 0
3686887 openat(AT_FDCWD, "/share/pkg.8/python3/3.12.4/install/lib/python3.12/site-packages/pandas/_libs/tslibs/nattype.cpython-312-x86_64-linux-gnu.so", O_RDONLY|O_CLOEXEC) = 3
3686887 stat("/share/pkg.8/python3/3.12.4/install/lib/python3.12/site-packages/pandas/_libs/tslibs", {st_mode=S_IFDIR|S_ISGID|0755, st_size=4096, ...}) = 0
3686887 stat("/share/pkg.8/python3/3.12.4/install/lib/python3.12/site-packages/pandas/_libs/tslibs/timedeltas.cpython-312-x86_64-linux-gnu.so", {st_mode=S_IFREG|0755, st_size=619176, ...}) = 0
3686887 openat(AT_FDCWD, "/share/pkg.8/python3/3.12.4/install/lib/python3.12/site-packages/pandas/_libs/tslibs/timedeltas.cpython-312-x86_64-linux-gnu.so", O_RDONLY|O_CLOEXEC) = 3
3686887 stat("/share/pkg.8/python3/3.12.4/install/lib/python3.12/site-packages/pandas/_libs/tslibs", {st_mode=S_IFDIR|S_ISGID|0755, st_size=4096, ...}) = 0
3686887 stat("/share/pkg.8/python3/3.12.4/install/lib/python3.12/site-packages/pandas/_libs/tslibs/timezones.cpython-312-x86_64-linux-gnu.so", {st_mode=S_IFREG|0755, st_size=282664, ...}) = 0
3686887 openat(AT_FDCWD, "/share/pkg.8/python3/3.12.4/install/lib/python3.12/site-packages/pandas/_libs/tslibs/timezones.cpython-312-x86_64-linux-gnu.so", O_RDONLY|O_CLOEXEC) = 3
3686887 stat("/share/pkg.8/python3/3.12.4/install/lib/python3.12/site-packages/pandas/compat", {st_mode=S_IFDIR|S_ISGID|0755, st_size=4096, ...}) = 0
3686887 stat("/share/pkg.8/python3/3.12.4/install/lib/python3.12/site-packages/pandas/compat/_optional.py", {st_mode=S_IFREG|0644, st_size=5089, ...}) = 0
3686887 stat("/share/pkg.8/python3/3.12.4/install/lib/python3.12/site-packages/pandas/compat/_optional.py", {st_mode=S_IFREG|0644, st_size=5089, ...}) = 0
3686887 openat(AT_FDCWD, "/share/pkg.8/python3/3.12.4/install/lib/python3.12/site-packages/pandas/compat/__pycache__/_optional.cpython-312.pyc", O_RDONLY|O_CLOEXEC) = 3
3686887 stat("/projectnb/rcs-intern/reetom/sif", {st_mode=S_IFDIR|S_ISGID|0755, st_size=4096, ...}) = 0
3686887 stat("/share/pkg.8/python3/3.12.4/install/lib/python3.12", {st_mode=S_IFDIR|S_ISGID|0755, st_size=8192, ...}) = 0
3686887 stat("/share/pkg.8/python3/3.12.4/install/lib/python3.12/zoneinfo/__init__.cpython-312-x86_64-linux-gnu.so", 0x7ffdb917e750) = -1 ENOENT (No such file or directory)
3686887 stat("/share/pkg.8/python3/3.12.4/install/lib/python3.12/zoneinfo/__init__.abi3.so", 0x7ffdb917e750) = -1 ENOENT (No such file or directory)
3686887 stat("/share/pkg.8/python3/3.12.4/install/lib/python3.12/zoneinfo/__init__.so", 0x7ffdb917e750) = -1 ENOENT (No such file or directory)
3686887 stat("/share/pkg.8/python3/3.12.4/install/lib/python3.12/zoneinfo/__init__.py", {st_mode=S_IFREG|0644, st_size=703, ...}) = 0
3686887 stat("/share/pkg.8/python3/3.12.4/install/lib/python3.12/zoneinfo/__init__.py", {st_mode=S_IFREG|0644, st_size=703, ...}) = 0
3686887 openat(AT_FDCWD, "/share/pkg.8/python3/3.12.4/install/lib/python3.12/zoneinfo/__pycache__/__init__.cpython-312.pyc", O_RDONLY|O_CLOEXEC) = 3
3686887 stat("/share/pkg.8/python3/3.12.4/install/lib/python3.12/zoneinfo", {st_mode=S_IFDIR|S_ISGID|0755, st_size=4096, ...}) = 0
3686887 stat("/share/pkg.8/python3/3.12.4/install/lib/python3.12/zoneinfo", {st_mode=S_IFDIR|S_ISGID|0755, st_size=4096, ...}) = 0
3686887 stat("/share/pkg.8/python3/3.12.4/install/lib/python3.12/zoneinfo", {st_mode=S_IFDIR|S_ISGID|0755, st_size=4096, ...}) = 0
3686887 openat(AT_FDCWD, "/share/pkg.8/python3/3.12.4/install/lib/python3.12/zoneinfo", O_RDONLY|O_NONBLOCK|O_CLOEXEC|O_DIRECTORY) = 3
3686887 stat("/share/pkg.8/python3/3.12.4/install/lib/python3.12/zoneinfo/_tzpath.py", {st_mode=S_IFREG|0644, st_size=5388, ...}) = 0
3686887 stat("/share/pkg.8/python3/3.12.4/install/lib/python3.12/zoneinfo/_tzpath.py", {st_mode=S_IFREG|0644, st_size=5388, ...}) = 0
3686887 openat(AT_FDCWD, "/share/pkg.8/python3/3.12.4/install/lib/python3.12/zoneinfo/__pycache__/_tzpath.cpython-312.pyc", O_RDONLY|O_CLOEXEC) = 3
3686887 stat("/share/pkg.8/python3/3.12.4/install/lib/python3.12/zoneinfo", {st_mode=S_IFDIR|S_ISGID|0755, st_size=4096, ...}) = 0
3686887 stat("/share/pkg.8/python3/3.12.4/install/lib/python3.12/zoneinfo/_common.py", {st_mode=S_IFREG|0644, st_size=5294, ...}) = 0
3686887 stat("/share/pkg.8/python3/3.12.4/install/lib/python3.12/zoneinfo/_common.py", {st_mode=S_IFREG|0644, st_size=5294, ...}) = 0
3686887 openat(AT_FDCWD, "/share/pkg.8/python3/3.12.4/install/lib/python3.12/zoneinfo/__pycache__/_common.cpython-312.pyc", O_RDONLY|O_CLOEXEC) = 3
3686887 stat("/projectnb/rcs-intern/reetom/sif", {st_mode=S_IFDIR|S_ISGID|0755, st_size=4096, ...}) = 0
3686887 stat("/share/pkg.8/python3/3.12.4/install/lib/python3.12", {st_mode=S_IFDIR|S_ISGID|0755, st_size=8192, ...}) = 0
3686887 stat("/share/pkg.8/python3/3.12.4/install/lib/python3.12/lib-dynload", {st_mode=S_IFDIR|S_ISGID|0755, st_size=8192, ...}) = 0
3686887 stat("/share/pkg.8/python3/3.12.4/install/lib/python3.12/lib-dynload/_zoneinfo.cpython-312-x86_64-linux-gnu.so", {st_mode=S_IFREG|0755, st_size=228976, ...}) = 0
3686887 openat(AT_FDCWD, "/share/pkg.8/python3/3.12.4/install/lib/python3.12/lib-dynload/_zoneinfo.cpython-312-x86_64-linux-gnu.so", O_RDONLY|O_CLOEXEC) = 3
3686887 stat("/share/pkg.8/python3/3.12.4/install/lib/python3.12/site-packages/dateutil", {st_mode=S_IFDIR|S_ISGID|0755, st_size=4096, ...}) = 0
3686887 stat("/share/pkg.8/python3/3.12.4/install/lib/python3.12/site-packages/dateutil/tz/__init__.cpython-312-x86_64-linux-gnu.so", 0x7ffdb917e760) = -1 ENOENT (No such file or directory)
3686887 stat("/share/pkg.8/python3/3.12.4/install/lib/python3.12/site-packages/dateutil/tz/__init__.abi3.so", 0x7ffdb917e760) = -1 ENOENT (No such file or directory)
3686887 stat("/share/pkg.8/python3/3.12.4/install/lib/python3.12/site-packages/dateutil/tz/__init__.so", 0x7ffdb917e760) = -1 ENOENT (No such file or directory)
3686887 stat("/share/pkg.8/python3/3.12.4/install/lib/python3.12/site-packages/dateutil/tz/__init__.py", {st_mode=S_IFREG|0644, st_size=444, ...}) = 0
3686887 stat("/share/pkg.8/python3/3.12.4/install/lib/python3.12/site-packages/dateutil/tz/__init__.py", {st_mode=S_IFREG|0644, st_size=444, ...}) = 0
3686887 openat(AT_FDCWD, "/share/pkg.8/python3/3.12.4/install/lib/python3.12/site-packages/dateutil/tz/__pycache__/__init__.cpython-312.pyc", O_RDONLY|O_CLOEXEC) = 3
3686887 stat("/share/pkg.8/python3/3.12.4/install/lib/python3.12/site-packages/dateutil/tz", {st_mode=S_IFDIR|S_ISGID|0755, st_size=4096, ...}) = 0
3686887 stat("/share/pkg.8/python3/3.12.4/install/lib/python3.12/site-packages/dateutil/tz", {st_mode=S_IFDIR|S_ISGID|0755, st_size=4096, ...}) = 0
3686887 stat("/share/pkg.8/python3/3.12.4/install/lib/python3.12/site-packages/dateutil/tz", {st_mode=S_IFDIR|S_ISGID|0755, st_size=4096, ...}) = 0
3686887 openat(AT_FDCWD, "/share/pkg.8/python3/3.12.4/install/lib/python3.12/site-packages/dateutil/tz", O_RDONLY|O_NONBLOCK|O_CLOEXEC|O_DIRECTORY) = 3
3686887 stat("/share/pkg.8/python3/3.12.4/install/lib/python3.12/site-packages/dateutil/tz/tz.py", {st_mode=S_IFREG|0644, st_size=62857, ...}) = 0
3686887 stat("/share/pkg.8/python3/3.12.4/install/lib/python3.12/site-packages/dateutil/tz/tz.py", {st_mode=S_IFREG|0644, st_size=62857, ...}) = 0
3686887 openat(AT_FDCWD, "/share/pkg.8/python3/3.12.4/install/lib/python3.12/site-packages/dateutil/tz/__pycache__/tz.cpython-312.pyc", O_RDONLY|O_CLOEXEC) = 3
3686887 stat("/projectnb/rcs-intern/reetom/sif", {st_mode=S_IFDIR|S_ISGID|0755, st_size=4096, ...}) = 0
3686887 stat("/share/pkg.8/python3/3.12.4/install/lib/python3.12", {st_mode=S_IFDIR|S_ISGID|0755, st_size=8192, ...}) = 0
3686887 stat("/share/pkg.8/python3/3.12.4/install/lib/python3.12/lib-dynload", {st_mode=S_IFDIR|S_ISGID|0755, st_size=8192, ...}) = 0
3686887 stat("/share/pkg.8/python3/3.12.4/install/lib/python3.12/site-packages", {st_mode=S_IFDIR|S_ISGID|0755, st_size=131072, ...}) = 0
3686887 stat("/share/pkg.8/python3/3.12.4/install/lib/python3.12/site-packages/six.py", {st_mode=S_IFREG|0644, st_size=34549, ...}) = 0
3686887 stat("/share/pkg.8/python3/3.12.4/install/lib/python3.12/site-packages/six.py", {st_mode=S_IFREG|0644, st_size=34549, ...}) = 0
3686887 openat(AT_FDCWD, "/share/pkg.8/python3/3.12.4/install/lib/python3.12/site-packages/__pycache__/six.cpython-312.pyc", O_RDONLY|O_CLOEXEC) = 3
3686887 stat("/share/pkg.8/python3/3.12.4/install/lib/python3.12/site-packages/dateutil/tz", {st_mode=S_IFDIR|S_ISGID|0755, st_size=4096, ...}) = 0
3686887 stat("/share/pkg.8/python3/3.12.4/install/lib/python3.12/site-packages/dateutil/tz/_common.py", {st_mode=S_IFREG|0644, st_size=12977, ...}) = 0
3686887 stat("/share/pkg.8/python3/3.12.4/install/lib/python3.12/site-packages/dateutil/tz/_common.py", {st_mode=S_IFREG|0644, st_size=12977, ...}) = 0
3686887 openat(AT_FDCWD, "/share/pkg.8/python3/3.12.4/install/lib/python3.12/site-packages/dateutil/tz/__pycache__/_common.cpython-312.pyc", O_RDONLY|O_CLOEXEC) = 3
3686887 stat("/share/pkg.8/python3/3.12.4/install/lib/python3.12/site-packages/dateutil/tz", {st_mode=S_IFDIR|S_ISGID|0755, st_size=4096, ...}) = 0
3686887 stat("/share/pkg.8/python3/3.12.4/install/lib/python3.12/site-packages/dateutil/tz/_factories.py", {st_mode=S_IFREG|0644, st_size=2569, ...}) = 0
3686887 stat("/share/pkg.8/python3/3.12.4/install/lib/python3.12/site-packages/dateutil/tz/_factories.py", {st_mode=S_IFREG|0644, st_size=2569, ...}) = 0
3686887 openat(AT_FDCWD, "/share/pkg.8/python3/3.12.4/install/lib/python3.12/site-packages/dateutil/tz/__pycache__/_factories.cpython-312.pyc", O_RDONLY|O_CLOEXEC) = 3
3686887 stat("/share/pkg.8/python3/3.12.4/install/lib/python3.12/site-packages/dateutil/tz", {st_mode=S_IFDIR|S_ISGID|0755, st_size=4096, ...}) = 0
3686887 stat("/share/pkg.8/python3/3.12.4/install/lib/python3.12/site-packages/dateutil/tz/win.py", {st_mode=S_IFREG|0644, st_size=12935, ...}) = 0
3686887 stat("/share/pkg.8/python3/3.12.4/install/lib/python3.12/site-packages/dateutil/tz/win.py", {st_mode=S_IFREG|0644, st_size=12935, ...}) = 0
3686887 openat(AT_FDCWD, "/share/pkg.8/python3/3.12.4/install/lib/python3.12/site-packages/dateutil/tz/__pycache__/win.cpython-312.pyc", O_RDONLY|O_CLOEXEC) = 3
3686887 stat("/usr/share/zoneinfo/UTC", {st_mode=S_IFREG|0644, st_size=127, ...}) = 0
3686887 openat(AT_FDCWD, "/usr/share/zoneinfo/UTC", O_RDONLY|O_CLOEXEC) = 3
3686887 stat("/share/pkg.8/python3/3.12.4/install/lib/python3.12/site-packages/pandas/_libs/tslibs", {st_mode=S_IFDIR|S_ISGID|0755, st_size=4096, ...}) = 0
3686887 stat("/share/pkg.8/python3/3.12.4/install/lib/python3.12/site-packages/pandas/_libs/tslibs/fields.cpython-312-x86_64-linux-gnu.so", {st_mode=S_IFREG|0755, st_size=328712, ...}) = 0
3686887 openat(AT_FDCWD, "/share/pkg.8/python3/3.12.4/install/lib/python3.12/site-packages/pandas/_libs/tslibs/fields.cpython-312-x86_64-linux-gnu.so", O_RDONLY|O_CLOEXEC) = 3
3686887 stat("/projectnb/rcs-intern/reetom/sif", {st_mode=S_IFDIR|S_ISGID|0755, st_size=4096, ...}) = 0
3686887 stat("/share/pkg.8/python3/3.12.4/install/lib/python3.12", {st_mode=S_IFDIR|S_ISGID|0755, st_size=8192, ...}) = 0
3686887 stat("/share/pkg.8/python3/3.12.4/install/lib/python3.12/_strptime.py", {st_mode=S_IFREG|0644, st_size=24615, ...}) = 0
3686887 stat("/share/pkg.8/python3/3.12.4/install/lib/python3.12/_strptime.py", {st_mode=S_IFREG|0644, st_size=24615, ...}) = 0
3686887 openat(AT_FDCWD, "/share/pkg.8/python3/3.12.4/install/lib/python3.12/__pycache__/_strptime.cpython-312.pyc", O_RDONLY|O_CLOEXEC) = 3
3686887 stat("/projectnb/rcs-intern/reetom/sif", {st_mode=S_IFDIR|S_ISGID|0755, st_size=4096, ...}) = 0
3686887 stat("/share/pkg.8/python3/3.12.4/install/lib/python3.12", {st_mode=S_IFDIR|S_ISGID|0755, st_size=8192, ...}) = 0
3686887 stat("/share/pkg.8/python3/3.12.4/install/lib/python3.12/calendar.py", {st_mode=S_IFREG|0644, st_size=25418, ...}) = 0
3686887 stat("/share/pkg.8/python3/3.12.4/install/lib/python3.12/calendar.py", {st_mode=S_IFREG|0644, st_size=25418, ...}) = 0
3686887 openat(AT_FDCWD, "/share/pkg.8/python3/3.12.4/install/lib/python3.12/__pycache__/calendar.cpython-312.pyc", O_RDONLY|O_CLOEXEC) = 3
3686887 stat("/etc/localtime", {st_mode=S_IFREG|0644, st_size=3561, ...}) = 0
3686887 stat("/share/pkg.8/python3/3.12.4/install/lib/python3.12/site-packages/pandas/_config", {st_mode=S_IFDIR|S_ISGID|0755, st_size=4096, ...}) = 0
3686887 stat("/share/pkg.8/python3/3.12.4/install/lib/python3.12/site-packages/pandas/_config/localization.py", {st_mode=S_IFREG|0644, st_size=5190, ...}) = 0
3686887 stat("/share/pkg.8/python3/3.12.4/install/lib/python3.12/site-packages/pandas/_config/localization.py", {st_mode=S_IFREG|0644, st_size=5190, ...}) = 0
3686887 openat(AT_FDCWD, "/share/pkg.8/python3/3.12.4/install/lib/python3.12/site-packages/pandas/_config/__pycache__/localization.cpython-312.pyc", O_RDONLY|O_CLOEXEC) = 3
3686887 stat("/projectnb/rcs-intern/reetom/sif", {st_mode=S_IFDIR|S_ISGID|0755, st_size=4096, ...}) = 0
3686887 stat("/share/pkg.8/python3/3.12.4/install/lib/python3.12", {st_mode=S_IFDIR|S_ISGID|0755, st_size=8192, ...}) = 0
3686887 stat("/share/pkg.8/python3/3.12.4/install/lib/python3.12/subprocess.py", {st_mode=S_IFREG|0644, st_size=88725, ...}) = 0
3686887 stat("/share/pkg.8/python3/3.12.4/install/lib/python3.12/subprocess.py", {st_mode=S_IFREG|0644, st_size=88725, ...}) = 0
3686887 openat(AT_FDCWD, "/share/pkg.8/python3/3.12.4/install/lib/python3.12/__pycache__/subprocess.cpython-312.pyc", O_RDONLY|O_CLOEXEC) = 3
3686887 stat("/projectnb/rcs-intern/reetom/sif", {st_mode=S_IFDIR|S_ISGID|0755, st_size=4096, ...}) = 0
3686887 stat("/share/pkg.8/python3/3.12.4/install/lib/python3.12", {st_mode=S_IFDIR|S_ISGID|0755, st_size=8192, ...}) = 0
3686887 stat("/share/pkg.8/python3/3.12.4/install/lib/python3.12/lib-dynload", {st_mode=S_IFDIR|S_ISGID|0755, st_size=8192, ...}) = 0
3686887 stat("/share/pkg.8/python3/3.12.4/install/lib/python3.12/lib-dynload/fcntl.cpython-312-x86_64-linux-gnu.so", {st_mode=S_IFREG|0755, st_size=52200, ...}) = 0
3686887 openat(AT_FDCWD, "/share/pkg.8/python3/3.12.4/install/lib/python3.12/lib-dynload/fcntl.cpython-312-x86_64-linux-gnu.so", O_RDONLY|O_CLOEXEC) = 3
3686887 stat("/projectnb/rcs-intern/reetom/sif", {st_mode=S_IFDIR|S_ISGID|0755, st_size=4096, ...}) = 0
3686887 stat("/share/pkg.8/python3/3.12.4/install/lib/python3.12", {st_mode=S_IFDIR|S_ISGID|0755, st_size=8192, ...}) = 0
3686887 stat("/share/pkg.8/python3/3.12.4/install/lib/python3.12/lib-dynload", {st_mode=S_IFDIR|S_ISGID|0755, st_size=8192, ...}) = 0
3686887 stat("/share/pkg.8/python3/3.12.4/install/lib/python3.12/site-packages", {st_mode=S_IFDIR|S_ISGID|0755, st_size=131072, ...}) = 0
3686887 stat("/projectnb/rcs-intern/reetom/sif", {st_mode=S_IFDIR|S_ISGID|0755, st_size=4096, ...}) = 0
3686887 stat("/share/pkg.8/python3/3.12.4/install/lib/python3.12", {st_mode=S_IFDIR|S_ISGID|0755, st_size=8192, ...}) = 0
3686887 stat("/share/pkg.8/python3/3.12.4/install/lib/python3.12/lib-dynload", {st_mode=S_IFDIR|S_ISGID|0755, st_size=8192, ...}) = 0
3686887 stat("/share/pkg.8/python3/3.12.4/install/lib/python3.12/lib-dynload/_posixsubprocess.cpython-312-x86_64-linux-gnu.so", {st_mode=S_IFREG|0755, st_size=169864, ...}) = 0
3686887 openat(AT_FDCWD, "/share/pkg.8/python3/3.12.4/install/lib/python3.12/lib-dynload/_posixsubprocess.cpython-312-x86_64-linux-gnu.so", O_RDONLY|O_CLOEXEC) = 3
3686887 stat("/share/pkg.8/python3/3.12.4/install/lib/python3.12/site-packages/pandas/_libs/tslibs", {st_mode=S_IFDIR|S_ISGID|0755, st_size=4096, ...}) = 0
3686887 stat("/share/pkg.8/python3/3.12.4/install/lib/python3.12/site-packages/pandas/_libs/tslibs/tzconversion.cpython-312-x86_64-linux-gnu.so", {st_mode=S_IFREG|0755, st_size=332680, ...}) = 0
3686887 openat(AT_FDCWD, "/share/pkg.8/python3/3.12.4/install/lib/python3.12/site-packages/pandas/_libs/tslibs/tzconversion.cpython-312-x86_64-linux-gnu.so", O_RDONLY|O_CLOEXEC) = 3
3686887 stat("/projectnb/rcs-intern/reetom/sif", {st_mode=S_IFDIR|S_ISGID|0755, st_size=4096, ...}) = 0
3686887 stat("/share/pkg.8/python3/3.12.4/install/lib/python3.12", {st_mode=S_IFDIR|S_ISGID|0755, st_size=8192, ...}) = 0
3686887 stat("/share/pkg.8/python3/3.12.4/install/lib/python3.12/lib-dynload", {st_mode=S_IFDIR|S_ISGID|0755, st_size=8192, ...}) = 0
3686887 stat("/share/pkg.8/python3/3.12.4/install/lib/python3.12/site-packages", {st_mode=S_IFDIR|S_ISGID|0755, st_size=131072, ...}) = 0
3686887 stat("/projectnb/rcs-intern/reetom/sif", {st_mode=S_IFDIR|S_ISGID|0755, st_size=4096, ...}) = 0
3686887 stat("/share/pkg.8/python3/3.12.4/install/lib/python3.12", {st_mode=S_IFDIR|S_ISGID|0755, st_size=8192, ...}) = 0
3686887 stat("/share/pkg.8/python3/3.12.4/install/lib/python3.12/lib-dynload", {st_mode=S_IFDIR|S_ISGID|0755, st_size=8192, ...}) = 0
3686887 stat("/share/pkg.8/python3/3.12.4/install/lib/python3.12/site-packages", {st_mode=S_IFDIR|S_ISGID|0755, st_size=131072, ...}) = 0
3686887 stat("/share/pkg.8/python3/3.12.4/install/lib/python3.12/site-packages/pandas/_libs", {st_mode=S_IFDIR|S_ISGID|0755, st_size=4096, ...}) = 0
3686887 stat("/share/pkg.8/python3/3.12.4/install/lib/python3.12/site-packages/pandas/_libs/properties.cpython-312-x86_64-linux-gnu.so", {st_mode=S_IFREG|0755, st_size=96000, ...}) = 0
3686887 openat(AT_FDCWD, "/share/pkg.8/python3/3.12.4/install/lib/python3.12/site-packages/pandas/_libs/properties.cpython-312-x86_64-linux-gnu.so", O_RDONLY|O_CLOEXEC) = 3
3686887 stat("/share/pkg.8/python3/3.12.4/install/lib/python3.12/site-packages/pandas/_libs/tslibs", {st_mode=S_IFDIR|S_ISGID|0755, st_size=4096, ...}) = 0
3686887 stat("/share/pkg.8/python3/3.12.4/install/lib/python3.12/site-packages/pandas/_libs/tslibs/parsing.cpython-312-x86_64-linux-gnu.so", {st_mode=S_IFREG|0755, st_size=448808, ...}) = 0
3686887 openat(AT_FDCWD, "/share/pkg.8/python3/3.12.4/install/lib/python3.12/site-packages/pandas/_libs/tslibs/parsing.cpython-312-x86_64-linux-gnu.so", O_RDONLY|O_CLOEXEC) = 3
3686887 stat("/projectnb/rcs-intern/reetom/sif", {st_mode=S_IFDIR|S_ISGID|0755, st_size=4096, ...}) = 0
3686887 stat("/share/pkg.8/python3/3.12.4/install/lib/python3.12", {st_mode=S_IFDIR|S_ISGID|0755, st_size=8192, ...}) = 0
3686887 stat("/share/pkg.8/python3/3.12.4/install/lib/python3.12/lib-dynload", {st_mode=S_IFDIR|S_ISGID|0755, st_size=8192, ...}) = 0
3686887 stat("/share/pkg.8/python3/3.12.4/install/lib/python3.12/site-packages", {st_mode=S_IFDIR|S_ISGID|0755, st_size=131072, ...}) = 0
3686887 stat("/share/pkg.8/python3/3.12.4/install/lib/python3.12/site-packages/dateutil", {st_mode=S_IFDIR|S_ISGID|0755, st_size=4096, ...}) = 0
3686887 stat("/share/pkg.8/python3/3.12.4/install/lib/python3.12/site-packages/dateutil/parser/__init__.cpython-312-x86_64-linux-gnu.so", 0x7ffdb91801b0) = -1 ENOENT (No such file or directory)
3686887 stat("/share/pkg.8/python3/3.12.4/install/lib/python3.12/site-packages/dateutil/parser/__init__.abi3.so", 0x7ffdb91801b0) = -1 ENOENT (No such file or directory)
3686887 stat("/share/pkg.8/python3/3.12.4/install/lib/python3.12/site-packages/dateutil/parser/__init__.so", 0x7ffdb91801b0) = -1 ENOENT (No such file or directory)
3686887 stat("/share/pkg.8/python3/3.12.4/install/lib/python3.12/site-packages/dateutil/parser/__init__.py", {st_mode=S_IFREG|0644, st_size=1766, ...}) = 0
3686887 stat("/share/pkg.8/python3/3.12.4/install/lib/python3.12/site-packages/dateutil/parser/__init__.py", {st_mode=S_IFREG|0644, st_size=1766, ...}) = 0
3686887 openat(AT_FDCWD, "/share/pkg.8/python3/3.12.4/install/lib/python3.12/site-packages/dateutil/parser/__pycache__/__init__.cpython-312.pyc", O_RDONLY|O_CLOEXEC) = 3
3686887 stat("/share/pkg.8/python3/3.12.4/install/lib/python3.12/site-packages/dateutil/parser", {st_mode=S_IFDIR|S_ISGID|0755, st_size=4096, ...}) = 0
3686887 stat("/share/pkg.8/python3/3.12.4/install/lib/python3.12/site-packages/dateutil/parser", {st_mode=S_IFDIR|S_ISGID|0755, st_size=4096, ...}) = 0
3686887 stat("/share/pkg.8/python3/3.12.4/install/lib/python3.12/site-packages/dateutil/parser", {st_mode=S_IFDIR|S_ISGID|0755, st_size=4096, ...}) = 0
3686887 openat(AT_FDCWD, "/share/pkg.8/python3/3.12.4/install/lib/python3.12/site-packages/dateutil/parser", O_RDONLY|O_NONBLOCK|O_CLOEXEC|O_DIRECTORY) = 3
3686887 stat("/share/pkg.8/python3/3.12.4/install/lib/python3.12/site-packages/dateutil/parser/_parser.py", {st_mode=S_IFREG|0644, st_size=58796, ...}) = 0
3686887 stat("/share/pkg.8/python3/3.12.4/install/lib/python3.12/site-packages/dateutil/parser/_parser.py", {st_mode=S_IFREG|0644, st_size=58796, ...}) = 0
3686887 openat(AT_FDCWD, "/share/pkg.8/python3/3.12.4/install/lib/python3.12/site-packages/dateutil/parser/__pycache__/_parser.cpython-312.pyc", O_RDONLY|O_CLOEXEC) = 3
3686887 stat("/share/pkg.8/python3/3.12.4/install/lib/python3.12/site-packages/dateutil", {st_mode=S_IFDIR|S_ISGID|0755, st_size=4096, ...}) = 0
3686887 stat("/share/pkg.8/python3/3.12.4/install/lib/python3.12/site-packages/dateutil/relativedelta.py", {st_mode=S_IFREG|0644, st_size=24904, ...}) = 0
3686887 stat("/share/pkg.8/python3/3.12.4/install/lib/python3.12/site-packages/dateutil/relativedelta.py", {st_mode=S_IFREG|0644, st_size=24904, ...}) = 0
3686887 openat(AT_FDCWD, "/share/pkg.8/python3/3.12.4/install/lib/python3.12/site-packages/dateutil/__pycache__/relativedelta.cpython-312.pyc", O_RDONLY|O_CLOEXEC) = 3
3686887 stat("/share/pkg.8/python3/3.12.4/install/lib/python3.12/site-packages/dateutil", {st_mode=S_IFDIR|S_ISGID|0755, st_size=4096, ...}) = 0
3686887 stat("/share/pkg.8/python3/3.12.4/install/lib/python3.12/site-packages/dateutil/_common.py", {st_mode=S_IFREG|0644, st_size=932, ...}) = 0
3686887 stat("/share/pkg.8/python3/3.12.4/install/lib/python3.12/site-packages/dateutil/_common.py", {st_mode=S_IFREG|0644, st_size=932, ...}) = 0
3686887 openat(AT_FDCWD, "/share/pkg.8/python3/3.12.4/install/lib/python3.12/site-packages/dateutil/__pycache__/_common.cpython-312.pyc", O_RDONLY|O_CLOEXEC) = 3
3686887 stat("/share/pkg.8/python3/3.12.4/install/lib/python3.12/site-packages/dateutil/parser", {st_mode=S_IFDIR|S_ISGID|0755, st_size=4096, ...}) = 0
3686887 stat("/share/pkg.8/python3/3.12.4/install/lib/python3.12/site-packages/dateutil/parser/isoparser.py", {st_mode=S_IFREG|0644, st_size=13247, ...}) = 0
3686887 stat("/share/pkg.8/python3/3.12.4/install/lib/python3.12/site-packages/dateutil/parser/isoparser.py", {st_mode=S_IFREG|0644, st_size=13247, ...}) = 0
3686887 openat(AT_FDCWD, "/share/pkg.8/python3/3.12.4/install/lib/python3.12/site-packages/dateutil/parser/__pycache__/isoparser.cpython-312.pyc", O_RDONLY|O_CLOEXEC) = 3
3686887 stat("/share/pkg.8/python3/3.12.4/install/lib/python3.12/site-packages/pandas/_libs/tslibs", {st_mode=S_IFDIR|S_ISGID|0755, st_size=4096, ...}) = 0
3686887 stat("/share/pkg.8/python3/3.12.4/install/lib/python3.12/site-packages/pandas/_libs/tslibs/strptime.cpython-312-x86_64-linux-gnu.so", {st_mode=S_IFREG|0755, st_size=394056, ...}) = 0
3686887 openat(AT_FDCWD, "/share/pkg.8/python3/3.12.4/install/lib/python3.12/site-packages/pandas/_libs/tslibs/strptime.cpython-312-x86_64-linux-gnu.so", O_RDONLY|O_CLOEXEC) = 3
3686887 stat("/etc/localtime", {st_mode=S_IFREG|0644, st_size=3561, ...}) = 0
3686887 stat("/share/pkg.8/python3/3.12.4/install/lib/python3.12/site-packages/pandas/_libs/tslibs", {st_mode=S_IFDIR|S_ISGID|0755, st_size=4096, ...}) = 0
3686887 stat("/share/pkg.8/python3/3.12.4/install/lib/python3.12/site-packages/pandas/_libs/tslibs/period.cpython-312-x86_64-linux-gnu.so", {st_mode=S_IFREG|0755, st_size=519912, ...}) = 0
3686887 openat(AT_FDCWD, "/share/pkg.8/python3/3.12.4/install/lib/python3.12/site-packages/pandas/_libs/tslibs/period.cpython-312-x86_64-linux-gnu.so", O_RDONLY|O_CLOEXEC) = 3
3686887 stat("/share/pkg.8/python3/3.12.4/install/lib/python3.12/site-packages/pandas/_libs/tslibs", {st_mode=S_IFDIR|S_ISGID|0755, st_size=4096, ...}) = 0
3686887 stat("/share/pkg.8/python3/3.12.4/install/lib/python3.12/site-packages/pandas/_libs/tslibs/vectorized.cpython-312-x86_64-linux-gnu.so", {st_mode=S_IFREG|0755, st_size=241576, ...}) = 0
3686887 openat(AT_FDCWD, "/share/pkg.8/python3/3.12.4/install/lib/python3.12/site-packages/pandas/_libs/tslibs/vectorized.cpython-312-x86_64-linux-gnu.so", O_RDONLY|O_CLOEXEC) = 3
3686887 stat("/share/pkg.8/python3/3.12.4/install/lib/python3.12/site-packages/pandas/_libs", {st_mode=S_IFDIR|S_ISGID|0755, st_size=4096, ...}) = 0
3686887 stat("/share/pkg.8/python3/3.12.4/install/lib/python3.12/site-packages/pandas/_libs/ops_dispatch.cpython-312-x86_64-linux-gnu.so", {st_mode=S_IFREG|0755, st_size=65760, ...}) = 0
3686887 openat(AT_FDCWD, "/share/pkg.8/python3/3.12.4/install/lib/python3.12/site-packages/pandas/_libs/ops_dispatch.cpython-312-x86_64-linux-gnu.so", O_RDONLY|O_CLOEXEC) = 3
3686887 stat("/share/pkg.8/python3/3.12.4/install/lib/python3.12/site-packages/pandas/_libs", {st_mode=S_IFDIR|S_ISGID|0755, st_size=4096, ...}) = 0
3686887 stat("/share/pkg.8/python3/3.12.4/install/lib/python3.12/site-packages/pandas/_libs/algos.cpython-312-x86_64-linux-gnu.so", {st_mode=S_IFREG|0755, st_size=2120328, ...}) = 0
3686887 openat(AT_FDCWD, "/share/pkg.8/python3/3.12.4/install/lib/python3.12/site-packages/pandas/_libs/algos.cpython-312-x86_64-linux-gnu.so", O_RDONLY|O_CLOEXEC) = 3
3686887 stat("/share/pkg.8/python3/3.12.4/install/lib/python3.12/site-packages/pandas/core", {st_mode=S_IFDIR|S_ISGID|0755, st_size=4096, ...}) = 0
3686887 stat("/share/pkg.8/python3/3.12.4/install/lib/python3.12/site-packages/pandas/core/dtypes/__init__.cpython-312-x86_64-linux-gnu.so", 0x7ffdb918cf50) = -1 ENOENT (No such file or directory)
3686887 stat("/share/pkg.8/python3/3.12.4/install/lib/python3.12/site-packages/pandas/core/dtypes/__init__.abi3.so", 0x7ffdb918cf50) = -1 ENOENT (No such file or directory)
3686887 stat("/share/pkg.8/python3/3.12.4/install/lib/python3.12/site-packages/pandas/core/dtypes/__init__.so", 0x7ffdb918cf50) = -1 ENOENT (No such file or directory)
3686887 stat("/share/pkg.8/python3/3.12.4/install/lib/python3.12/site-packages/pandas/core/dtypes/__init__.py", {st_mode=S_IFREG|0644, st_size=0, ...}) = 0
3686887 stat("/share/pkg.8/python3/3.12.4/install/lib/python3.12/site-packages/pandas/core/dtypes/__init__.py", {st_mode=S_IFREG|0644, st_size=0, ...}) = 0
3686887 openat(AT_FDCWD, "/share/pkg.8/python3/3.12.4/install/lib/python3.12/site-packages/pandas/core/dtypes/__pycache__/__init__.cpython-312.pyc", O_RDONLY|O_CLOEXEC) = 3
3686887 stat("/share/pkg.8/python3/3.12.4/install/lib/python3.12/site-packages/pandas/core/dtypes", {st_mode=S_IFDIR|S_ISGID|0755, st_size=4096, ...}) = 0
3686887 stat("/share/pkg.8/python3/3.12.4/install/lib/python3.12/site-packages/pandas/core/dtypes", {st_mode=S_IFDIR|S_ISGID|0755, st_size=4096, ...}) = 0
3686887 stat("/share/pkg.8/python3/3.12.4/install/lib/python3.12/site-packages/pandas/core/dtypes", {st_mode=S_IFDIR|S_ISGID|0755, st_size=4096, ...}) = 0
3686887 openat(AT_FDCWD, "/share/pkg.8/python3/3.12.4/install/lib/python3.12/site-packages/pandas/core/dtypes", O_RDONLY|O_NONBLOCK|O_CLOEXEC|O_DIRECTORY) = 3
3686887 stat("/share/pkg.8/python3/3.12.4/install/lib/python3.12/site-packages/pandas/core/dtypes/dtypes.py", {st_mode=S_IFREG|0644, st_size=76035, ...}) = 0
3686887 stat("/share/pkg.8/python3/3.12.4/install/lib/python3.12/site-packages/pandas/core/dtypes/dtypes.py", {st_mode=S_IFREG|0644, st_size=76035, ...}) = 0
3686887 openat(AT_FDCWD, "/share/pkg.8/python3/3.12.4/install/lib/python3.12/site-packages/pandas/core/dtypes/__pycache__/dtypes.cpython-312.pyc", O_RDONLY|O_CLOEXEC) = 3
3686887 stat("/share/pkg.8/python3/3.12.4/install/lib/python3.12/site-packages/pandas/_libs", {st_mode=S_IFDIR|S_ISGID|0755, st_size=4096, ...}) = 0
3686887 stat("/share/pkg.8/python3/3.12.4/install/lib/python3.12/site-packages/pandas/_libs/lib.cpython-312-x86_64-linux-gnu.so", {st_mode=S_IFREG|0755, st_size=896648, ...}) = 0
3686887 openat(AT_FDCWD, "/share/pkg.8/python3/3.12.4/install/lib/python3.12/site-packages/pandas/_libs/lib.cpython-312-x86_64-linux-gnu.so", O_RDONLY|O_CLOEXEC) = 3
3686887 stat("/share/pkg.8/python3/3.12.4/install/lib/python3.12/site-packages/pandas", {st_mode=S_IFDIR|S_ISGID|0755, st_size=4096, ...}) = 0
3686887 stat("/share/pkg.8/python3/3.12.4/install/lib/python3.12/site-packages/pandas/errors/__init__.cpython-312-x86_64-linux-gnu.so", 0x7ffdb918cd30) = -1 ENOENT (No such file or directory)
3686887 stat("/share/pkg.8/python3/3.12.4/install/lib/python3.12/site-packages/pandas/errors/__init__.abi3.so", 0x7ffdb918cd30) = -1 ENOENT (No such file or directory)
3686887 stat("/share/pkg.8/python3/3.12.4/install/lib/python3.12/site-packages/pandas/errors/__init__.so", 0x7ffdb918cd30) = -1 ENOENT (No such file or directory)
3686887 stat("/share/pkg.8/python3/3.12.4/install/lib/python3.12/site-packages/pandas/errors/__init__.py", {st_mode=S_IFREG|0644, st_size=27164, ...}) = 0
3686887 stat("/share/pkg.8/python3/3.12.4/install/lib/python3.12/site-packages/pandas/errors/__init__.py", {st_mode=S_IFREG|0644, st_size=27164, ...}) = 0
3686887 openat(AT_FDCWD, "/share/pkg.8/python3/3.12.4/install/lib/python3.12/site-packages/pandas/errors/__pycache__/__init__.cpython-312.pyc", O_RDONLY|O_CLOEXEC) = 3
3686887 stat("/share/pkg.8/python3/3.12.4/install/lib/python3.12/site-packages/pandas/core/dtypes", {st_mode=S_IFDIR|S_ISGID|0755, st_size=4096, ...}) = 0
3686887 stat("/share/pkg.8/python3/3.12.4/install/lib/python3.12/site-packages/pandas/core/dtypes/base.py", {st_mode=S_IFREG|0644, st_size=17042, ...}) = 0
3686887 stat("/share/pkg.8/python3/3.12.4/install/lib/python3.12/site-packages/pandas/core/dtypes/base.py", {st_mode=S_IFREG|0644, st_size=17042, ...}) = 0
3686887 openat(AT_FDCWD, "/share/pkg.8/python3/3.12.4/install/lib/python3.12/site-packages/pandas/core/dtypes/__pycache__/base.cpython-312.pyc", O_RDONLY|O_CLOEXEC) = 3
3686887 stat("/share/pkg.8/python3/3.12.4/install/lib/python3.12/site-packages/pandas/core/dtypes", {st_mode=S_IFDIR|S_ISGID|0755, st_size=4096, ...}) = 0
3686887 stat("/share/pkg.8/python3/3.12.4/install/lib/python3.12/site-packages/pandas/core/dtypes/generic.py", {st_mode=S_IFREG|0644, st_size=4122, ...}) = 0
3686887 stat("/share/pkg.8/python3/3.12.4/install/lib/python3.12/site-packages/pandas/core/dtypes/generic.py", {st_mode=S_IFREG|0644, st_size=4122, ...}) = 0
3686887 openat(AT_FDCWD, "/share/pkg.8/python3/3.12.4/install/lib/python3.12/site-packages/pandas/core/dtypes/__pycache__/generic.cpython-312.pyc", O_RDONLY|O_CLOEXEC) = 3
3686887 stat("/share/pkg.8/python3/3.12.4/install/lib/python3.12/site-packages/pandas/core/dtypes", {st_mode=S_IFDIR|S_ISGID|0755, st_size=4096, ...}) = 0
3686887 stat("/share/pkg.8/python3/3.12.4/install/lib/python3.12/site-packages/pandas/core/dtypes/inference.py", {st_mode=S_IFREG|0644, st_size=9012, ...}) = 0
3686887 stat("/share/pkg.8/python3/3.12.4/install/lib/python3.12/site-packages/pandas/core/dtypes/inference.py", {st_mode=S_IFREG|0644, st_size=9012, ...}) = 0
3686887 openat(AT_FDCWD, "/share/pkg.8/python3/3.12.4/install/lib/python3.12/site-packages/pandas/core/dtypes/__pycache__/inference.cpython-312.pyc", O_RDONLY|O_CLOEXEC) = 3
3686887 stat("/share/pkg.8/python3/3.12.4/install/lib/python3.12/site-packages/pandas/core/dtypes", {st_mode=S_IFDIR|S_ISGID|0755, st_size=4096, ...}) = 0
3686887 stat("/share/pkg.8/python3/3.12.4/install/lib/python3.12/site-packages/pandas/core/dtypes/missing.py", {st_mode=S_IFREG|0644, st_size=23632, ...}) = 0
3686887 stat("/share/pkg.8/python3/3.12.4/install/lib/python3.12/site-packages/pandas/core/dtypes/missing.py", {st_mode=S_IFREG|0644, st_size=23632, ...}) = 0
3686887 openat(AT_FDCWD, "/share/pkg.8/python3/3.12.4/install/lib/python3.12/site-packages/pandas/core/dtypes/__pycache__/missing.cpython-312.pyc", O_RDONLY|O_CLOEXEC) = 3
3686887 stat("/share/pkg.8/python3/3.12.4/install/lib/python3.12/site-packages/pandas/core/dtypes", {st_mode=S_IFDIR|S_ISGID|0755, st_size=4096, ...}) = 0
3686887 stat("/share/pkg.8/python3/3.12.4/install/lib/python3.12/site-packages/pandas/core/dtypes/common.py", {st_mode=S_IFREG|0644, st_size=47319, ...}) = 0
3686887 stat("/share/pkg.8/python3/3.12.4/install/lib/python3.12/site-packages/pandas/core/dtypes/common.py", {st_mode=S_IFREG|0644, st_size=47319, ...}) = 0
3686887 openat(AT_FDCWD, "/share/pkg.8/python3/3.12.4/install/lib/python3.12/site-packages/pandas/core/dtypes/__pycache__/common.cpython-312.pyc", O_RDONLY|O_CLOEXEC) = 3
3686887 stat("/share/pkg.8/python3/3.12.4/install/lib/python3.12/site-packages/pandas/core", {st_mode=S_IFDIR|S_ISGID|0755, st_size=4096, ...}) = 0
3686887 stat("/share/pkg.8/python3/3.12.4/install/lib/python3.12/site-packages/pandas/core/algorithms.py", {st_mode=S_IFREG|0644, st_size=55181, ...}) = 0
3686887 stat("/share/pkg.8/python3/3.12.4/install/lib/python3.12/site-packages/pandas/core/algorithms.py", {st_mode=S_IFREG|0644, st_size=55181, ...}) = 0
3686887 openat(AT_FDCWD, "/share/pkg.8/python3/3.12.4/install/lib/python3.12/site-packages/pandas/core/__pycache__/algorithms.cpython-312.pyc", O_RDONLY|O_CLOEXEC) = 3
3686887 stat("/share/pkg.8/python3/3.12.4/install/lib/python3.12/site-packages/pandas/util", {st_mode=S_IFDIR|S_ISGID|0755, st_size=4096, ...}) = 0
3686887 stat("/share/pkg.8/python3/3.12.4/install/lib/python3.12/site-packages/pandas/util/_decorators.py", {st_mode=S_IFREG|0644, st_size=17106, ...}) = 0
3686887 stat("/share/pkg.8/python3/3.12.4/install/lib/python3.12/site-packages/pandas/util/_decorators.py", {st_mode=S_IFREG|0644, st_size=17106, ...}) = 0
3686887 openat(AT_FDCWD, "/share/pkg.8/python3/3.12.4/install/lib/python3.12/site-packages/pandas/util/__pycache__/_decorators.cpython-312.pyc", O_RDONLY|O_CLOEXEC) = 3
3686887 stat("/share/pkg.8/python3/3.12.4/install/lib/python3.12/site-packages/pandas/core/dtypes", {st_mode=S_IFDIR|S_ISGID|0755, st_size=4096, ...}) = 0
3686887 stat("/share/pkg.8/python3/3.12.4/install/lib/python3.12/site-packages/pandas/core/dtypes/cast.py", {st_mode=S_IFREG|0644, st_size=62297, ...}) = 0
3686887 stat("/share/pkg.8/python3/3.12.4/install/lib/python3.12/site-packages/pandas/core/dtypes/cast.py", {st_mode=S_IFREG|0644, st_size=62297, ...}) = 0
3686887 openat(AT_FDCWD, "/share/pkg.8/python3/3.12.4/install/lib/python3.12/site-packages/pandas/core/dtypes/__pycache__/cast.cpython-312.pyc", O_RDONLY|O_CLOEXEC) = 3
3686887 stat("/share/pkg.8/python3/3.12.4/install/lib/python3.12/site-packages/pandas", {st_mode=S_IFDIR|S_ISGID|0755, st_size=4096, ...}) = 0
3686887 stat("/share/pkg.8/python3/3.12.4/install/lib/python3.12/site-packages/pandas/io/__init__.cpython-312-x86_64-linux-gnu.so", 0x7ffdb918c110) = -1 ENOENT (No such file or directory)
3686887 stat("/share/pkg.8/python3/3.12.4/install/lib/python3.12/site-packages/pandas/io/__init__.abi3.so", 0x7ffdb918c110) = -1 ENOENT (No such file or directory)
3686887 stat("/share/pkg.8/python3/3.12.4/install/lib/python3.12/site-packages/pandas/io/__init__.so", 0x7ffdb918c110) = -1 ENOENT (No such file or directory)
3686887 stat("/share/pkg.8/python3/3.12.4/install/lib/python3.12/site-packages/pandas/io/__init__.py", {st_mode=S_IFREG|0644, st_size=293, ...}) = 0
3686887 stat("/share/pkg.8/python3/3.12.4/install/lib/python3.12/site-packages/pandas/io/__init__.py", {st_mode=S_IFREG|0644, st_size=293, ...}) = 0
3686887 openat(AT_FDCWD, "/share/pkg.8/python3/3.12.4/install/lib/python3.12/site-packages/pandas/io/__pycache__/__init__.cpython-312.pyc", O_RDONLY|O_CLOEXEC) = 3
3686887 stat("/share/pkg.8/python3/3.12.4/install/lib/python3.12/site-packages/pandas/io", {st_mode=S_IFDIR|S_ISGID|0755, st_size=4096, ...}) = 0
3686887 stat("/share/pkg.8/python3/3.12.4/install/lib/python3.12/site-packages/pandas/io", {st_mode=S_IFDIR|S_ISGID|0755, st_size=4096, ...}) = 0
3686887 stat("/share/pkg.8/python3/3.12.4/install/lib/python3.12/site-packages/pandas/io", {st_mode=S_IFDIR|S_ISGID|0755, st_size=4096, ...}) = 0
3686887 openat(AT_FDCWD, "/share/pkg.8/python3/3.12.4/install/lib/python3.12/site-packages/pandas/io", O_RDONLY|O_NONBLOCK|O_CLOEXEC|O_DIRECTORY) = 3
3686887 stat("/share/pkg.8/python3/3.12.4/install/lib/python3.12/site-packages/pandas/io/_util.py", {st_mode=S_IFREG|0644, st_size=961, ...}) = 0
3686887 stat("/share/pkg.8/python3/3.12.4/install/lib/python3.12/site-packages/pandas/io/_util.py", {st_mode=S_IFREG|0644, st_size=961, ...}) = 0
3686887 openat(AT_FDCWD, "/share/pkg.8/python3/3.12.4/install/lib/python3.12/site-packages/pandas/io/__pycache__/_util.cpython-312.pyc", O_RDONLY|O_CLOEXEC) = 3
3686887 stat("/share/pkg.8/python3/3.12.4/install/lib/python3.12/site-packages/pandas/core/dtypes", {st_mode=S_IFDIR|S_ISGID|0755, st_size=4096, ...}) = 0
3686887 stat("/share/pkg.8/python3/3.12.4/install/lib/python3.12/site-packages/pandas/core/dtypes/concat.py", {st_mode=S_IFREG|0644, st_size=12579, ...}) = 0
3686887 stat("/share/pkg.8/python3/3.12.4/install/lib/python3.12/site-packages/pandas/core/dtypes/concat.py", {st_mode=S_IFREG|0644, st_size=12579, ...}) = 0
3686887 openat(AT_FDCWD, "/share/pkg.8/python3/3.12.4/install/lib/python3.12/site-packages/pandas/core/dtypes/__pycache__/concat.cpython-312.pyc", O_RDONLY|O_CLOEXEC) = 3
3686887 stat("/share/pkg.8/python3/3.12.4/install/lib/python3.12/site-packages/pandas/core/dtypes", {st_mode=S_IFDIR|S_ISGID|0755, st_size=4096, ...}) = 0
3686887 stat("/share/pkg.8/python3/3.12.4/install/lib/python3.12/site-packages/pandas/core/dtypes/astype.py", {st_mode=S_IFREG|0644, st_size=9207, ...}) = 0
3686887 stat("/share/pkg.8/python3/3.12.4/install/lib/python3.12/site-packages/pandas/core/dtypes/astype.py", {st_mode=S_IFREG|0644, st_size=9207, ...}) = 0
3686887 openat(AT_FDCWD, "/share/pkg.8/python3/3.12.4/install/lib/python3.12/site-packages/pandas/core/dtypes/__pycache__/astype.cpython-312.pyc", O_RDONLY|O_CLOEXEC) = 3
3686887 stat("/share/pkg.8/python3/3.12.4/install/lib/python3.12/site-packages/pandas/core", {st_mode=S_IFDIR|S_ISGID|0755, st_size=4096, ...}) = 0
3686887 stat("/share/pkg.8/python3/3.12.4/install/lib/python3.12/site-packages/pandas/core/array_algos/__init__.cpython-312-x86_64-linux-gnu.so", 0x7ffdb918c830) = -1 ENOENT (No such file or directory)
3686887 stat("/share/pkg.8/python3/3.12.4/install/lib/python3.12/site-packages/pandas/core/array_algos/__init__.abi3.so", 0x7ffdb918c830) = -1 ENOENT (No such file or directory)
3686887 stat("/share/pkg.8/python3/3.12.4/install/lib/python3.12/site-packages/pandas/core/array_algos/__init__.so", 0x7ffdb918c830) = -1 ENOENT (No such file or directory)
3686887 stat("/share/pkg.8/python3/3.12.4/install/lib/python3.12/site-packages/pandas/core/array_algos/__init__.py", {st_mode=S_IFREG|0644, st_size=408, ...}) = 0
3686887 stat("/share/pkg.8/python3/3.12.4/install/lib/python3.12/site-packages/pandas/core/array_algos/__init__.py", {st_mode=S_IFREG|0644, st_size=408, ...}) = 0
3686887 openat(AT_FDCWD, "/share/pkg.8/python3/3.12.4/install/lib/python3.12/site-packages/pandas/core/array_algos/__pycache__/__init__.cpython-312.pyc", O_RDONLY|O_CLOEXEC) = 3
3686887 stat("/share/pkg.8/python3/3.12.4/install/lib/python3.12/site-packages/pandas/core/array_algos", {st_mode=S_IFDIR|S_ISGID|0755, st_size=4096, ...}) = 0
3686887 stat("/share/pkg.8/python3/3.12.4/install/lib/python3.12/site-packages/pandas/core/array_algos", {st_mode=S_IFDIR|S_ISGID|0755, st_size=4096, ...}) = 0
3686887 stat("/share/pkg.8/python3/3.12.4/install/lib/python3.12/site-packages/pandas/core/array_algos", {st_mode=S_IFDIR|S_ISGID|0755, st_size=4096, ...}) = 0
3686887 openat(AT_FDCWD, "/share/pkg.8/python3/3.12.4/install/lib/python3.12/site-packages/pandas/core/array_algos", O_RDONLY|O_NONBLOCK|O_CLOEXEC|O_DIRECTORY) = 3
3686887 stat("/share/pkg.8/python3/3.12.4/install/lib/python3.12/site-packages/pandas/core/array_algos/take.py", {st_mode=S_IFREG|0644, st_size=20815, ...}) = 0
3686887 stat("/share/pkg.8/python3/3.12.4/install/lib/python3.12/site-packages/pandas/core/array_algos/take.py", {st_mode=S_IFREG|0644, st_size=20815, ...}) = 0
3686887 openat(AT_FDCWD, "/share/pkg.8/python3/3.12.4/install/lib/python3.12/site-packages/pandas/core/array_algos/__pycache__/take.cpython-312.pyc", O_RDONLY|O_CLOEXEC) = 3
3686887 stat("/share/pkg.8/python3/3.12.4/install/lib/python3.12/site-packages/pandas/core", {st_mode=S_IFDIR|S_ISGID|0755, st_size=4096, ...}) = 0
3686887 stat("/share/pkg.8/python3/3.12.4/install/lib/python3.12/site-packages/pandas/core/construction.py", {st_mode=S_IFREG|0644, st_size=26339, ...}) = 0
3686887 stat("/share/pkg.8/python3/3.12.4/install/lib/python3.12/site-packages/pandas/core/construction.py", {st_mode=S_IFREG|0644, st_size=26339, ...}) = 0
3686887 openat(AT_FDCWD, "/share/pkg.8/python3/3.12.4/install/lib/python3.12/site-packages/pandas/core/__pycache__/construction.cpython-312.pyc", O_RDONLY|O_CLOEXEC) = 3
3686887 stat("/share/pkg.8/python3/3.12.4/install/lib/python3.12/site-packages/pandas/core", {st_mode=S_IFDIR|S_ISGID|0755, st_size=4096, ...}) = 0
3686887 stat("/share/pkg.8/python3/3.12.4/install/lib/python3.12/site-packages/pandas/core/common.py", {st_mode=S_IFREG|0644, st_size=17449, ...}) = 0
3686887 stat("/share/pkg.8/python3/3.12.4/install/lib/python3.12/site-packages/pandas/core/common.py", {st_mode=S_IFREG|0644, st_size=17449, ...}) = 0
3686887 openat(AT_FDCWD, "/share/pkg.8/python3/3.12.4/install/lib/python3.12/site-packages/pandas/core/__pycache__/common.cpython-312.pyc", O_RDONLY|O_CLOEXEC) = 3
3686887 stat("/share/pkg.8/python3/3.12.4/install/lib/python3.12/site-packages/pandas/core", {st_mode=S_IFDIR|S_ISGID|0755, st_size=4096, ...}) = 0
3686887 stat("/share/pkg.8/python3/3.12.4/install/lib/python3.12/site-packages/pandas/core/indexers/__init__.cpython-312-x86_64-linux-gnu.so", 0x7ffdb918cd30) = -1 ENOENT (No such file or directory)
3686887 stat("/share/pkg.8/python3/3.12.4/install/lib/python3.12/site-packages/pandas/core/indexers/__init__.abi3.so", 0x7ffdb918cd30) = -1 ENOENT (No such file or directory)
3686887 stat("/share/pkg.8/python3/3.12.4/install/lib/python3.12/site-packages/pandas/core/indexers/__init__.so", 0x7ffdb918cd30) = -1 ENOENT (No such file or directory)
3686887 stat("/share/pkg.8/python3/3.12.4/install/lib/python3.12/site-packages/pandas/core/indexers/__init__.py", {st_mode=S_IFREG|0644, st_size=736, ...}) = 0
3686887 stat("/share/pkg.8/python3/3.12.4/install/lib/python3.12/site-packages/pandas/core/indexers/__init__.py", {st_mode=S_IFREG|0644, st_size=736, ...}) = 0
3686887 openat(AT_FDCWD, "/share/pkg.8/python3/3.12.4/install/lib/python3.12/site-packages/pandas/core/indexers/__pycache__/__init__.cpython-312.pyc", O_RDONLY|O_CLOEXEC) = 3
3686887 stat("/share/pkg.8/python3/3.12.4/install/lib/python3.12/site-packages/pandas/core/indexers", {st_mode=S_IFDIR|S_ISGID|0755, st_size=4096, ...}) = 0
3686887 stat("/share/pkg.8/python3/3.12.4/install/lib/python3.12/site-packages/pandas/core/indexers", {st_mode=S_IFDIR|S_ISGID|0755, st_size=4096, ...}) = 0
3686887 stat("/share/pkg.8/python3/3.12.4/install/lib/python3.12/site-packages/pandas/core/indexers", {st_mode=S_IFDIR|S_ISGID|0755, st_size=4096, ...}) = 0
3686887 openat(AT_FDCWD, "/share/pkg.8/python3/3.12.4/install/lib/python3.12/site-packages/pandas/core/indexers", O_RDONLY|O_NONBLOCK|O_CLOEXEC|O_DIRECTORY) = 3
3686887 stat("/share/pkg.8/python3/3.12.4/install/lib/python3.12/site-packages/pandas/core/indexers/utils.py", {st_mode=S_IFREG|0644, st_size=16069, ...}) = 0
3686887 stat("/share/pkg.8/python3/3.12.4/install/lib/python3.12/site-packages/pandas/core/indexers/utils.py", {st_mode=S_IFREG|0644, st_size=16069, ...}) = 0
3686887 openat(AT_FDCWD, "/share/pkg.8/python3/3.12.4/install/lib/python3.12/site-packages/pandas/core/indexers/__pycache__/utils.cpython-312.pyc", O_RDONLY|O_CLOEXEC) = 3
3686887 stat("/share/pkg.8/python3/3.12.4/install/lib/python3.12/site-packages/pandas/core", {st_mode=S_IFDIR|S_ISGID|0755, st_size=4096, ...}) = 0
3686887 stat("/share/pkg.8/python3/3.12.4/install/lib/python3.12/site-packages/pandas/core/arrays/__init__.cpython-312-x86_64-linux-gnu.so", 0x7ffdb918d450) = -1 ENOENT (No such file or directory)
3686887 stat("/share/pkg.8/python3/3.12.4/install/lib/python3.12/site-packages/pandas/core/arrays/__init__.abi3.so", 0x7ffdb918d450) = -1 ENOENT (No such file or directory)
3686887 stat("/share/pkg.8/python3/3.12.4/install/lib/python3.12/site-packages/pandas/core/arrays/__init__.so", 0x7ffdb918d450) = -1 ENOENT (No such file or directory)
3686887 stat("/share/pkg.8/python3/3.12.4/install/lib/python3.12/site-packages/pandas/core/arrays/__init__.py", {st_mode=S_IFREG|0644, st_size=1314, ...}) = 0
3686887 stat("/share/pkg.8/python3/3.12.4/install/lib/python3.12/site-packages/pandas/core/arrays/__init__.py", {st_mode=S_IFREG|0644, st_size=1314, ...}) = 0
3686887 openat(AT_FDCWD, "/share/pkg.8/python3/3.12.4/install/lib/python3.12/site-packages/pandas/core/arrays/__pycache__/__init__.cpython-312.pyc", O_RDONLY|O_CLOEXEC) = 3
3686887 stat("/share/pkg.8/python3/3.12.4/install/lib/python3.12/site-packages/pandas/core/arrays", {st_mode=S_IFDIR|S_ISGID|0755, st_size=4096, ...}) = 0
3686887 stat("/share/pkg.8/python3/3.12.4/install/lib/python3.12/site-packages/pandas/core/arrays", {st_mode=S_IFDIR|S_ISGID|0755, st_size=4096, ...}) = 0
3686887 stat("/share/pkg.8/python3/3.12.4/install/lib/python3.12/site-packages/pandas/core/arrays", {st_mode=S_IFDIR|S_ISGID|0755, st_size=4096, ...}) = 0
3686887 openat(AT_FDCWD, "/share/pkg.8/python3/3.12.4/install/lib/python3.12/site-packages/pandas/core/arrays", O_RDONLY|O_NONBLOCK|O_CLOEXEC|O_DIRECTORY) = 3
3686887 stat("/share/pkg.8/python3/3.12.4/install/lib/python3.12/site-packages/pandas/core/arrays/arrow/__init__.cpython-312-x86_64-linux-gnu.so", 0x7ffdb918cd30) = -1 ENOENT (No such file or directory)
3686887 stat("/share/pkg.8/python3/3.12.4/install/lib/python3.12/site-packages/pandas/core/arrays/arrow/__init__.abi3.so", 0x7ffdb918cd30) = -1 ENOENT (No such file or directory)
3686887 stat("/share/pkg.8/python3/3.12.4/install/lib/python3.12/site-packages/pandas/core/arrays/arrow/__init__.so", 0x7ffdb918cd30) = -1 ENOENT (No such file or directory)
3686887 stat("/share/pkg.8/python3/3.12.4/install/lib/python3.12/site-packages/pandas/core/arrays/arrow/__init__.py", {st_mode=S_IFREG|0644, st_size=221, ...}) = 0
3686887 stat("/share/pkg.8/python3/3.12.4/install/lib/python3.12/site-packages/pandas/core/arrays/arrow/__init__.py", {st_mode=S_IFREG|0644, st_size=221, ...}) = 0
3686887 openat(AT_FDCWD, "/share/pkg.8/python3/3.12.4/install/lib/python3.12/site-packages/pandas/core/arrays/arrow/__pycache__/__init__.cpython-312.pyc", O_RDONLY|O_CLOEXEC) = 3
3686887 stat("/share/pkg.8/python3/3.12.4/install/lib/python3.12/site-packages/pandas/core/arrays/arrow", {st_mode=S_IFDIR|S_ISGID|0755, st_size=4096, ...}) = 0
3686887 stat("/share/pkg.8/python3/3.12.4/install/lib/python3.12/site-packages/pandas/core/arrays/arrow", {st_mode=S_IFDIR|S_ISGID|0755, st_size=4096, ...}) = 0
3686887 stat("/share/pkg.8/python3/3.12.4/install/lib/python3.12/site-packages/pandas/core/arrays/arrow", {st_mode=S_IFDIR|S_ISGID|0755, st_size=4096, ...}) = 0
3686887 openat(AT_FDCWD, "/share/pkg.8/python3/3.12.4/install/lib/python3.12/site-packages/pandas/core/arrays/arrow", O_RDONLY|O_NONBLOCK|O_CLOEXEC|O_DIRECTORY) = 3
3686887 stat("/share/pkg.8/python3/3.12.4/install/lib/python3.12/site-packages/pandas/core/arrays/arrow/accessors.py", {st_mode=S_IFREG|0644, st_size=13863, ...}) = 0
3686887 stat("/share/pkg.8/python3/3.12.4/install/lib/python3.12/site-packages/pandas/core/arrays/arrow/accessors.py", {st_mode=S_IFREG|0644, st_size=13863, ...}) = 0
3686887 openat(AT_FDCWD, "/share/pkg.8/python3/3.12.4/install/lib/python3.12/site-packages/pandas/core/arrays/arrow/__pycache__/accessors.cpython-312.pyc", O_RDONLY|O_CLOEXEC) = 3
3686887 stat("/share/pkg.8/python3/3.12.4/install/lib/python3.12/site-packages/pyarrow", {st_mode=S_IFDIR|S_ISGID|0755, st_size=8192, ...}) = 0
3686887 stat("/share/pkg.8/python3/3.12.4/install/lib/python3.12/site-packages/pyarrow/compute.py", {st_mode=S_IFREG|0644, st_size=23157, ...}) = 0
3686887 stat("/share/pkg.8/python3/3.12.4/install/lib/python3.12/site-packages/pyarrow/compute.py", {st_mode=S_IFREG|0644, st_size=23157, ...}) = 0
3686887 openat(AT_FDCWD, "/share/pkg.8/python3/3.12.4/install/lib/python3.12/site-packages/pyarrow/__pycache__/compute.cpython-312.pyc", O_RDONLY|O_CLOEXEC) = 3
3686887 stat("/share/pkg.8/python3/3.12.4/install/lib/python3.12/site-packages/pyarrow", {st_mode=S_IFDIR|S_ISGID|0755, st_size=8192, ...}) = 0
3686887 stat("/share/pkg.8/python3/3.12.4/install/lib/python3.12/site-packages/pyarrow/_compute.cpython-312-x86_64-linux-gnu.so", {st_mode=S_IFREG|0755, st_size=1383904, ...}) = 0
3686887 openat(AT_FDCWD, "/share/pkg.8/python3/3.12.4/install/lib/python3.12/site-packages/pyarrow/_compute.cpython-312-x86_64-linux-gnu.so", O_RDONLY|O_CLOEXEC) = 3
3686887 openat(AT_FDCWD, "/proc/cpuinfo", O_RDONLY) = 3
3686887 openat(AT_FDCWD, "/sys/devices/system/cpu/online", O_RDONLY|O_CLOEXEC) = 3
3686887 stat("/share/pkg.8/python3/3.12.4/install/lib/python3.12/site-packages/pyarrow", {st_mode=S_IFDIR|S_ISGID|0755, st_size=8192, ...}) = 0
3686887 stat("/share/pkg.8/python3/3.12.4/install/lib/python3.12/site-packages/pyarrow/_compute_docstrings.py", {st_mode=S_IFREG|0644, st_size=1707, ...}) = 0
3686887 stat("/share/pkg.8/python3/3.12.4/install/lib/python3.12/site-packages/pyarrow/_compute_docstrings.py", {st_mode=S_IFREG|0644, st_size=1707, ...}) = 0
3686887 openat(AT_FDCWD, "/share/pkg.8/python3/3.12.4/install/lib/python3.12/site-packages/pyarrow/__pycache__/_compute_docstrings.cpython-312.pyc", O_RDONLY|O_CLOEXEC) = 3
3686887 stat("/share/pkg.8/python3/3.12.4/install/lib/python3.12/site-packages/pyarrow", {st_mode=S_IFDIR|S_ISGID|0755, st_size=8192, ...}) = 0
3686887 stat("/share/pkg.8/python3/3.12.4/install/lib/python3.12/site-packages/pyarrow/vendored/__init__.cpython-312-x86_64-linux-gnu.so", 0x7ffdb918b7d0) = -1 ENOENT (No such file or directory)
3686887 stat("/share/pkg.8/python3/3.12.4/install/lib/python3.12/site-packages/pyarrow/vendored/__init__.abi3.so", 0x7ffdb918b7d0) = -1 ENOENT (No such file or directory)
3686887 stat("/share/pkg.8/python3/3.12.4/install/lib/python3.12/site-packages/pyarrow/vendored/__init__.so", 0x7ffdb918b7d0) = -1 ENOENT (No such file or directory)
3686887 stat("/share/pkg.8/python3/3.12.4/install/lib/python3.12/site-packages/pyarrow/vendored/__init__.py", {st_mode=S_IFREG|0644, st_size=785, ...}) = 0
3686887 stat("/share/pkg.8/python3/3.12.4/install/lib/python3.12/site-packages/pyarrow/vendored/__init__.py", {st_mode=S_IFREG|0644, st_size=785, ...}) = 0
3686887 openat(AT_FDCWD, "/share/pkg.8/python3/3.12.4/install/lib/python3.12/site-packages/pyarrow/vendored/__pycache__/__init__.cpython-312.pyc", O_RDONLY|O_CLOEXEC) = 3
3686887 stat("/share/pkg.8/python3/3.12.4/install/lib/python3.12/site-packages/pyarrow/vendored", {st_mode=S_IFDIR|S_ISGID|0755, st_size=4096, ...}) = 0
3686887 stat("/share/pkg.8/python3/3.12.4/install/lib/python3.12/site-packages/pyarrow/vendored", {st_mode=S_IFDIR|S_ISGID|0755, st_size=4096, ...}) = 0
3686887 stat("/share/pkg.8/python3/3.12.4/install/lib/python3.12/site-packages/pyarrow/vendored", {st_mode=S_IFDIR|S_ISGID|0755, st_size=4096, ...}) = 0
3686887 openat(AT_FDCWD, "/share/pkg.8/python3/3.12.4/install/lib/python3.12/site-packages/pyarrow/vendored", O_RDONLY|O_NONBLOCK|O_CLOEXEC|O_DIRECTORY) = 3
3686887 stat("/share/pkg.8/python3/3.12.4/install/lib/python3.12/site-packages/pyarrow/vendored/docscrape.py", {st_mode=S_IFREG|0644, st_size=22975, ...}) = 0
3686887 stat("/share/pkg.8/python3/3.12.4/install/lib/python3.12/site-packages/pyarrow/vendored/docscrape.py", {st_mode=S_IFREG|0644, st_size=22975, ...}) = 0
3686887 openat(AT_FDCWD, "/share/pkg.8/python3/3.12.4/install/lib/python3.12/site-packages/pyarrow/vendored/__pycache__/docscrape.cpython-312.pyc", O_RDONLY|O_CLOEXEC) = 3
3686887 stat("/projectnb/rcs-intern/reetom/sif", {st_mode=S_IFDIR|S_ISGID|0755, st_size=4096, ...}) = 0
3686887 stat("/share/pkg.8/python3/3.12.4/install/lib/python3.12", {st_mode=S_IFDIR|S_ISGID|0755, st_size=8192, ...}) = 0
3686887 stat("/share/pkg.8/python3/3.12.4/install/lib/python3.12/pydoc.py", {st_mode=S_IFREG|0755, st_size=112795, ...}) = 0
3686887 stat("/share/pkg.8/python3/3.12.4/install/lib/python3.12/pydoc.py", {st_mode=S_IFREG|0755, st_size=112795, ...}) = 0
3686887 openat(AT_FDCWD, "/share/pkg.8/python3/3.12.4/install/lib/python3.12/__pycache__/pydoc.cpython-312.pyc", O_RDONLY|O_CLOEXEC) = 3
3686887 stat("/projectnb/rcs-intern/reetom/sif", {st_mode=S_IFDIR|S_ISGID|0755, st_size=4096, ...}) = 0
3686887 stat("/share/pkg.8/python3/3.12.4/install/lib/python3.12", {st_mode=S_IFDIR|S_ISGID|0755, st_size=8192, ...}) = 0
3686887 stat("/share/pkg.8/python3/3.12.4/install/lib/python3.12/pkgutil.py", {st_mode=S_IFREG|0644, st_size=18281, ...}) = 0
3686887 stat("/share/pkg.8/python3/3.12.4/install/lib/python3.12/pkgutil.py", {st_mode=S_IFREG|0644, st_size=18281, ...}) = 0
3686887 openat(AT_FDCWD, "/share/pkg.8/python3/3.12.4/install/lib/python3.12/__pycache__/pkgutil.cpython-312.pyc", O_RDONLY|O_CLOEXEC) = 3
3686887 stat("/share/pkg.8/python3/3.12.4/install/lib/python3.12/site-packages/pandas/core/arrays/arrow", {st_mode=S_IFDIR|S_ISGID|0755, st_size=4096, ...}) = 0
3686887 stat("/share/pkg.8/python3/3.12.4/install/lib/python3.12/site-packages/pandas/core/arrays/arrow/array.py", {st_mode=S_IFREG|0644, st_size=102796, ...}) = 0
3686887 stat("/share/pkg.8/python3/3.12.4/install/lib/python3.12/site-packages/pandas/core/arrays/arrow/array.py", {st_mode=S_IFREG|0644, st_size=102796, ...}) = 0
3686887 openat(AT_FDCWD, "/share/pkg.8/python3/3.12.4/install/lib/python3.12/site-packages/pandas/core/arrays/arrow/__pycache__/array.cpython-312.pyc", O_RDONLY|O_CLOEXEC) = 3
3686887 stat("/projectnb/rcs-intern/reetom/sif", {st_mode=S_IFDIR|S_ISGID|0755, st_size=4096, ...}) = 0
3686887 stat("/share/pkg.8/python3/3.12.4/install/lib/python3.12", {st_mode=S_IFDIR|S_ISGID|0755, st_size=8192, ...}) = 0
3686887 stat("/share/pkg.8/python3/3.12.4/install/lib/python3.12/lib-dynload", {st_mode=S_IFDIR|S_ISGID|0755, st_size=8192, ...}) = 0
3686887 stat("/share/pkg.8/python3/3.12.4/install/lib/python3.12/lib-dynload/unicodedata.cpython-312-x86_64-linux-gnu.so", {st_mode=S_IFREG|0755, st_size=1235456, ...}) = 0
3686887 openat(AT_FDCWD, "/share/pkg.8/python3/3.12.4/install/lib/python3.12/lib-dynload/unicodedata.cpython-312-x86_64-linux-gnu.so", O_RDONLY|O_CLOEXEC) = 3
3686887 stat("/share/pkg.8/python3/3.12.4/install/lib/python3.12/site-packages/pandas/util", {st_mode=S_IFDIR|S_ISGID|0755, st_size=4096, ...}) = 0
3686887 stat("/share/pkg.8/python3/3.12.4/install/lib/python3.12/site-packages/pandas/util/_validators.py", {st_mode=S_IFREG|0644, st_size=14300, ...}) = 0
3686887 stat("/share/pkg.8/python3/3.12.4/install/lib/python3.12/site-packages/pandas/util/_validators.py", {st_mode=S_IFREG|0644, st_size=14300, ...}) = 0
3686887 openat(AT_FDCWD, "/share/pkg.8/python3/3.12.4/install/lib/python3.12/site-packages/pandas/util/__pycache__/_validators.cpython-312.pyc", O_RDONLY|O_CLOEXEC) = 3
3686887 stat("/share/pkg.8/python3/3.12.4/install/lib/python3.12/site-packages/pandas/core", {st_mode=S_IFDIR|S_ISGID|0755, st_size=4096, ...}) = 0
3686887 stat("/share/pkg.8/python3/3.12.4/install/lib/python3.12/site-packages/pandas/core/missing.py", {st_mode=S_IFREG|0644, st_size=35270, ...}) = 0
3686887 stat("/share/pkg.8/python3/3.12.4/install/lib/python3.12/site-packages/pandas/core/missing.py", {st_mode=S_IFREG|0644, st_size=35270, ...}) = 0
3686887 openat(AT_FDCWD, "/share/pkg.8/python3/3.12.4/install/lib/python3.12/site-packages/pandas/core/__pycache__/missing.cpython-312.pyc", O_RDONLY|O_CLOEXEC) = 3
3686887 stat("/share/pkg.8/python3/3.12.4/install/lib/python3.12/site-packages/pandas/core", {st_mode=S_IFDIR|S_ISGID|0755, st_size=4096, ...}) = 0
3686887 stat("/share/pkg.8/python3/3.12.4/install/lib/python3.12/site-packages/pandas/core/ops/__init__.cpython-312-x86_64-linux-gnu.so", 0x7ffdb918b9f0) = -1 ENOENT (No such file or directory)
3686887 stat("/share/pkg.8/python3/3.12.4/install/lib/python3.12/site-packages/pandas/core/ops/__init__.abi3.so", 0x7ffdb918b9f0) = -1 ENOENT (No such file or directory)
3686887 stat("/share/pkg.8/python3/3.12.4/install/lib/python3.12/site-packages/pandas/core/ops/__init__.so", 0x7ffdb918b9f0) = -1 ENOENT (No such file or directory)
3686887 stat("/share/pkg.8/python3/3.12.4/install/lib/python3.12/site-packages/pandas/core/ops/__init__.py", {st_mode=S_IFREG|0644, st_size=1620, ...}) = 0
3686887 stat("/share/pkg.8/python3/3.12.4/install/lib/python3.12/site-packages/pandas/core/ops/__init__.py", {st_mode=S_IFREG|0644, st_size=1620, ...}) = 0
3686887 openat(AT_FDCWD, "/share/pkg.8/python3/3.12.4/install/lib/python3.12/site-packages/pandas/core/ops/__pycache__/__init__.cpython-312.pyc", O_RDONLY|O_CLOEXEC) = 3
3686887 stat("/share/pkg.8/python3/3.12.4/install/lib/python3.12/site-packages/pandas/core/ops", {st_mode=S_IFDIR|S_ISGID|0755, st_size=4096, ...}) = 0
3686887 stat("/share/pkg.8/python3/3.12.4/install/lib/python3.12/site-packages/pandas/core/ops", {st_mode=S_IFDIR|S_ISGID|0755, st_size=4096, ...}) = 0
3686887 stat("/share/pkg.8/python3/3.12.4/install/lib/python3.12/site-packages/pandas/core/ops", {st_mode=S_IFDIR|S_ISGID|0755, st_size=4096, ...}) = 0
3686887 openat(AT_FDCWD, "/share/pkg.8/python3/3.12.4/install/lib/python3.12/site-packages/pandas/core/ops", O_RDONLY|O_NONBLOCK|O_CLOEXEC|O_DIRECTORY) = 3
3686887 stat("/share/pkg.8/python3/3.12.4/install/lib/python3.12/site-packages/pandas/core/ops/array_ops.py", {st_mode=S_IFREG|0644, st_size=19079, ...}) = 0
3686887 stat("/share/pkg.8/python3/3.12.4/install/lib/python3.12/site-packages/pandas/core/ops/array_ops.py", {st_mode=S_IFREG|0644, st_size=19079, ...}) = 0
3686887 openat(AT_FDCWD, "/share/pkg.8/python3/3.12.4/install/lib/python3.12/site-packages/pandas/core/ops/__pycache__/array_ops.cpython-312.pyc", O_RDONLY|O_CLOEXEC) = 3
3686887 stat("/share/pkg.8/python3/3.12.4/install/lib/python3.12/site-packages/pandas/_libs", {st_mode=S_IFDIR|S_ISGID|0755, st_size=4096, ...}) = 0
3686887 stat("/share/pkg.8/python3/3.12.4/install/lib/python3.12/site-packages/pandas/_libs/ops.cpython-312-x86_64-linux-gnu.so", {st_mode=S_IFREG|0755, st_size=258184, ...}) = 0
3686887 openat(AT_FDCWD, "/share/pkg.8/python3/3.12.4/install/lib/python3.12/site-packages/pandas/_libs/ops.cpython-312-x86_64-linux-gnu.so", O_RDONLY|O_CLOEXEC) = 3
3686887 stat("/share/pkg.8/python3/3.12.4/install/lib/python3.12/site-packages/pandas/core", {st_mode=S_IFDIR|S_ISGID|0755, st_size=4096, ...}) = 0
3686887 stat("/share/pkg.8/python3/3.12.4/install/lib/python3.12/site-packages/pandas/core/roperator.py", {st_mode=S_IFREG|0644, st_size=1114, ...}) = 0
3686887 stat("/share/pkg.8/python3/3.12.4/install/lib/python3.12/site-packages/pandas/core/roperator.py", {st_mode=S_IFREG|0644, st_size=1114, ...}) = 0
3686887 openat(AT_FDCWD, "/share/pkg.8/python3/3.12.4/install/lib/python3.12/site-packages/pandas/core/__pycache__/roperator.cpython-312.pyc", O_RDONLY|O_CLOEXEC) = 3
3686887 stat("/share/pkg.8/python3/3.12.4/install/lib/python3.12/site-packages/pandas/core", {st_mode=S_IFDIR|S_ISGID|0755, st_size=4096, ...}) = 0
3686887 stat("/share/pkg.8/python3/3.12.4/install/lib/python3.12/site-packages/pandas/core/computation/__init__.cpython-312-x86_64-linux-gnu.so", 0x7ffdb918abb0) = -1 ENOENT (No such file or directory)
3686887 stat("/share/pkg.8/python3/3.12.4/install/lib/python3.12/site-packages/pandas/core/computation/__init__.abi3.so", 0x7ffdb918abb0) = -1 ENOENT (No such file or directory)
3686887 stat("/share/pkg.8/python3/3.12.4/install/lib/python3.12/site-packages/pandas/core/computation/__init__.so", 0x7ffdb918abb0) = -1 ENOENT (No such file or directory)
3686887 stat("/share/pkg.8/python3/3.12.4/install/lib/python3.12/site-packages/pandas/core/computation/__init__.py", {st_mode=S_IFREG|0644, st_size=0, ...}) = 0
3686887 stat("/share/pkg.8/python3/3.12.4/install/lib/python3.12/site-packages/pandas/core/computation/__init__.py", {st_mode=S_IFREG|0644, st_size=0, ...}) = 0
3686887 openat(AT_FDCWD, "/share/pkg.8/python3/3.12.4/install/lib/python3.12/site-packages/pandas/core/computation/__pycache__/__init__.cpython-312.pyc", O_RDONLY|O_CLOEXEC) = 3
3686887 stat("/share/pkg.8/python3/3.12.4/install/lib/python3.12/site-packages/pandas/core/computation", {st_mode=S_IFDIR|S_ISGID|0755, st_size=4096, ...}) = 0
3686887 stat("/share/pkg.8/python3/3.12.4/install/lib/python3.12/site-packages/pandas/core/computation", {st_mode=S_IFDIR|S_ISGID|0755, st_size=4096, ...}) = 0
3686887 stat("/share/pkg.8/python3/3.12.4/install/lib/python3.12/site-packages/pandas/core/computation", {st_mode=S_IFDIR|S_ISGID|0755, st_size=4096, ...}) = 0
3686887 openat(AT_FDCWD, "/share/pkg.8/python3/3.12.4/install/lib/python3.12/site-packages/pandas/core/computation", O_RDONLY|O_NONBLOCK|O_CLOEXEC|O_DIRECTORY) = 3
3686887 stat("/share/pkg.8/python3/3.12.4/install/lib/python3.12/site-packages/pandas/core/computation/expressions.py", {st_mode=S_IFREG|0644, st_size=7503, ...}) = 0
3686887 stat("/share/pkg.8/python3/3.12.4/install/lib/python3.12/site-packages/pandas/core/computation/expressions.py", {st_mode=S_IFREG|0644, st_size=7503, ...}) = 0
3686887 openat(AT_FDCWD, "/share/pkg.8/python3/3.12.4/install/lib/python3.12/site-packages/pandas/core/computation/__pycache__/expressions.cpython-312.pyc", O_RDONLY|O_CLOEXEC) = 3
3686887 stat("/share/pkg.8/python3/3.12.4/install/lib/python3.12/site-packages/pandas/core/computation", {st_mode=S_IFDIR|S_ISGID|0755, st_size=4096, ...}) = 0
3686887 stat("/share/pkg.8/python3/3.12.4/install/lib/python3.12/site-packages/pandas/core/computation/check.py", {st_mode=S_IFREG|0644, st_size=226, ...}) = 0
3686887 stat("/share/pkg.8/python3/3.12.4/install/lib/python3.12/site-packages/pandas/core/computation/check.py", {st_mode=S_IFREG|0644, st_size=226, ...}) = 0
3686887 openat(AT_FDCWD, "/share/pkg.8/python3/3.12.4/install/lib/python3.12/site-packages/pandas/core/computation/__pycache__/check.cpython-312.pyc", O_RDONLY|O_CLOEXEC) = 3
3686887 stat("/projectnb/rcs-intern/reetom/sif", {st_mode=S_IFDIR|S_ISGID|0755, st_size=4096, ...}) = 0
3686887 stat("/share/pkg.8/python3/3.12.4/install/lib/python3.12", {st_mode=S_IFDIR|S_ISGID|0755, st_size=8192, ...}) = 0
3686887 stat("/share/pkg.8/python3/3.12.4/install/lib/python3.12/lib-dynload", {st_mode=S_IFDIR|S_ISGID|0755, st_size=8192, ...}) = 0
3686887 stat("/share/pkg.8/python3/3.12.4/install/lib/python3.12/site-packages", {st_mode=S_IFDIR|S_ISGID|0755, st_size=131072, ...}) = 0
3686887 stat("/share/pkg.8/python3/3.12.4/install/lib/python3.12/site-packages/numexpr/__init__.cpython-312-x86_64-linux-gnu.so", 0x7ffdb9189c90) = -1 ENOENT (No such file or directory)
3686887 stat("/share/pkg.8/python3/3.12.4/install/lib/python3.12/site-packages/numexpr/__init__.abi3.so", 0x7ffdb9189c90) = -1 ENOENT (No such file or directory)
3686887 stat("/share/pkg.8/python3/3.12.4/install/lib/python3.12/site-packages/numexpr/__init__.so", 0x7ffdb9189c90) = -1 ENOENT (No such file or directory)
3686887 stat("/share/pkg.8/python3/3.12.4/install/lib/python3.12/site-packages/numexpr/__init__.py", {st_mode=S_IFREG|0644, st_size=2244, ...}) = 0
3686887 stat("/share/pkg.8/python3/3.12.4/install/lib/python3.12/site-packages/numexpr/__init__.py", {st_mode=S_IFREG|0644, st_size=2244, ...}) = 0
3686887 openat(AT_FDCWD, "/share/pkg.8/python3/3.12.4/install/lib/python3.12/site-packages/numexpr/__pycache__/__init__.cpython-312.pyc", O_RDONLY|O_CLOEXEC) = 3
3686887 stat("/share/pkg.8/python3/3.12.4/install/lib/python3.12/site-packages/numexpr", {st_mode=S_IFDIR|S_ISGID|0755, st_size=4096, ...}) = 0
3686887 stat("/share/pkg.8/python3/3.12.4/install/lib/python3.12/site-packages/numexpr", {st_mode=S_IFDIR|S_ISGID|0755, st_size=4096, ...}) = 0
3686887 stat("/share/pkg.8/python3/3.12.4/install/lib/python3.12/site-packages/numexpr", {st_mode=S_IFDIR|S_ISGID|0755, st_size=4096, ...}) = 0
3686887 openat(AT_FDCWD, "/share/pkg.8/python3/3.12.4/install/lib/python3.12/site-packages/numexpr", O_RDONLY|O_NONBLOCK|O_CLOEXEC|O_DIRECTORY) = 3
3686887 stat("/share/pkg.8/python3/3.12.4/install/lib/python3.12/site-packages/numexpr/interpreter.cpython-312-x86_64-linux-gnu.so", {st_mode=S_IFREG|0755, st_size=1107760, ...}) = 0
3686887 openat(AT_FDCWD, "/share/pkg.8/python3/3.12.4/install/lib/python3.12/site-packages/numexpr/interpreter.cpython-312-x86_64-linux-gnu.so", O_RDONLY|O_CLOEXEC) = 3
3686887 stat("/share/pkg.8/python3/3.12.4/install/lib/python3.12/site-packages/numexpr", {st_mode=S_IFDIR|S_ISGID|0755, st_size=4096, ...}) = 0
3686887 stat("/share/pkg.8/python3/3.12.4/install/lib/python3.12/site-packages/numexpr/expressions.py", {st_mode=S_IFREG|0644, st_size=16138, ...}) = 0
3686887 stat("/share/pkg.8/python3/3.12.4/install/lib/python3.12/site-packages/numexpr/expressions.py", {st_mode=S_IFREG|0644, st_size=16138, ...}) = 0
3686887 openat(AT_FDCWD, "/share/pkg.8/python3/3.12.4/install/lib/python3.12/site-packages/numexpr/__pycache__/expressions.cpython-312.pyc", O_RDONLY|O_CLOEXEC) = 3
3686887 stat("/share/pkg.8/python3/3.12.4/install/lib/python3.12/site-packages/numexpr", {st_mode=S_IFDIR|S_ISGID|0755, st_size=4096, ...}) = 0
3686887 stat("/share/pkg.8/python3/3.12.4/install/lib/python3.12/site-packages/numexpr/necompiler.py", {st_mode=S_IFREG|0644, st_size=34878, ...}) = 0
3686887 stat("/share/pkg.8/python3/3.12.4/install/lib/python3.12/site-packages/numexpr/necompiler.py", {st_mode=S_IFREG|0644, st_size=34878, ...}) = 0
3686887 openat(AT_FDCWD, "/share/pkg.8/python3/3.12.4/install/lib/python3.12/site-packages/numexpr/__pycache__/necompiler.cpython-312.pyc", O_RDONLY|O_CLOEXEC) = 3
3686887 stat("/share/pkg.8/python3/3.12.4/install/lib/python3.12/site-packages/numexpr", {st_mode=S_IFDIR|S_ISGID|0755, st_size=4096, ...}) = 0
3686887 stat("/share/pkg.8/python3/3.12.4/install/lib/python3.12/site-packages/numexpr/utils.py", {st_mode=S_IFREG|0644, st_size=7797, ...}) = 0
3686887 stat("/share/pkg.8/python3/3.12.4/install/lib/python3.12/site-packages/numexpr/utils.py", {st_mode=S_IFREG|0644, st_size=7797, ...}) = 0
3686887 openat(AT_FDCWD, "/share/pkg.8/python3/3.12.4/install/lib/python3.12/site-packages/numexpr/__pycache__/utils.cpython-312.pyc", O_RDONLY|O_CLOEXEC) = 3
3686887 stat("/share/pkg.8/python3/3.12.4/install/lib/python3.12/site-packages/numexpr", {st_mode=S_IFDIR|S_ISGID|0755, st_size=4096, ...}) = 0
3686887 stat("/share/pkg.8/python3/3.12.4/install/lib/python3.12/site-packages/numexpr/version.py", {st_mode=S_IFREG|0644, st_size=139, ...}) = 0
3686887 stat("/share/pkg.8/python3/3.12.4/install/lib/python3.12/site-packages/numexpr/version.py", {st_mode=S_IFREG|0644, st_size=139, ...}) = 0
3686887 openat(AT_FDCWD, "/share/pkg.8/python3/3.12.4/install/lib/python3.12/site-packages/numexpr/__pycache__/version.cpython-312.pyc", O_RDONLY|O_CLOEXEC) = 3
3686887 stat("/share/pkg.8/python3/3.12.4/install/lib/python3.12/site-packages/pandas/core/ops", {st_mode=S_IFDIR|S_ISGID|0755, st_size=4096, ...}) = 0
3686887 stat("/share/pkg.8/python3/3.12.4/install/lib/python3.12/site-packages/pandas/core/ops/missing.py", {st_mode=S_IFREG|0644, st_size=5140, ...}) = 0
3686887 stat("/share/pkg.8/python3/3.12.4/install/lib/python3.12/site-packages/pandas/core/ops/missing.py", {st_mode=S_IFREG|0644, st_size=5140, ...}) = 0
3686887 openat(AT_FDCWD, "/share/pkg.8/python3/3.12.4/install/lib/python3.12/site-packages/pandas/core/ops/__pycache__/missing.cpython-312.pyc", O_RDONLY|O_CLOEXEC) = 3
3686887 stat("/share/pkg.8/python3/3.12.4/install/lib/python3.12/site-packages/pandas/core/ops", {st_mode=S_IFDIR|S_ISGID|0755, st_size=4096, ...}) = 0
3686887 stat("/share/pkg.8/python3/3.12.4/install/lib/python3.12/site-packages/pandas/core/ops/dispatch.py", {st_mode=S_IFREG|0644, st_size=635, ...}) = 0
3686887 stat("/share/pkg.8/python3/3.12.4/install/lib/python3.12/site-packages/pandas/core/ops/dispatch.py", {st_mode=S_IFREG|0644, st_size=635, ...}) = 0
3686887 openat(AT_FDCWD, "/share/pkg.8/python3/3.12.4/install/lib/python3.12/site-packages/pandas/core/ops/__pycache__/dispatch.cpython-312.pyc", O_RDONLY|O_CLOEXEC) = 3
3686887 stat("/share/pkg.8/python3/3.12.4/install/lib/python3.12/site-packages/pandas/core/ops", {st_mode=S_IFDIR|S_ISGID|0755, st_size=4096, ...}) = 0
3686887 stat("/share/pkg.8/python3/3.12.4/install/lib/python3.12/site-packages/pandas/core/ops/invalid.py", {st_mode=S_IFREG|0644, st_size=1433, ...}) = 0
3686887 stat("/share/pkg.8/python3/3.12.4/install/lib/python3.12/site-packages/pandas/core/ops/invalid.py", {st_mode=S_IFREG|0644, st_size=1433, ...}) = 0
3686887 openat(AT_FDCWD, "/share/pkg.8/python3/3.12.4/install/lib/python3.12/site-packages/pandas/core/ops/__pycache__/invalid.cpython-312.pyc", O_RDONLY|O_CLOEXEC) = 3
3686887 stat("/share/pkg.8/python3/3.12.4/install/lib/python3.12/site-packages/pandas/core/ops", {st_mode=S_IFDIR|S_ISGID|0755, st_size=4096, ...}) = 0
3686887 stat("/share/pkg.8/python3/3.12.4/install/lib/python3.12/site-packages/pandas/core/ops/common.py", {st_mode=S_IFREG|0644, st_size=3500, ...}) = 0
3686887 stat("/share/pkg.8/python3/3.12.4/install/lib/python3.12/site-packages/pandas/core/ops/common.py", {st_mode=S_IFREG|0644, st_size=3500, ...}) = 0
3686887 openat(AT_FDCWD, "/share/pkg.8/python3/3.12.4/install/lib/python3.12/site-packages/pandas/core/ops/__pycache__/common.cpython-312.pyc", O_RDONLY|O_CLOEXEC) = 3
3686887 stat("/share/pkg.8/python3/3.12.4/install/lib/python3.12/site-packages/pandas/core/ops", {st_mode=S_IFDIR|S_ISGID|0755, st_size=4096, ...}) = 0
3686887 stat("/share/pkg.8/python3/3.12.4/install/lib/python3.12/site-packages/pandas/core/ops/docstrings.py", {st_mode=S_IFREG|0644, st_size=18448, ...}) = 0
3686887 stat("/share/pkg.8/python3/3.12.4/install/lib/python3.12/site-packages/pandas/core/ops/docstrings.py", {st_mode=S_IFREG|0644, st_size=18448, ...}) = 0
3686887 openat(AT_FDCWD, "/share/pkg.8/python3/3.12.4/install/lib/python3.12/site-packages/pandas/core/ops/__pycache__/docstrings.cpython-312.pyc", O_RDONLY|O_CLOEXEC) = 3
3686887 stat("/share/pkg.8/python3/3.12.4/install/lib/python3.12/site-packages/pandas/core/ops", {st_mode=S_IFDIR|S_ISGID|0755, st_size=4096, ...}) = 0
3686887 stat("/share/pkg.8/python3/3.12.4/install/lib/python3.12/site-packages/pandas/core/ops/mask_ops.py", {st_mode=S_IFREG|0644, st_size=5409, ...}) = 0
3686887 stat("/share/pkg.8/python3/3.12.4/install/lib/python3.12/site-packages/pandas/core/ops/mask_ops.py", {st_mode=S_IFREG|0644, st_size=5409, ...}) = 0
3686887 openat(AT_FDCWD, "/share/pkg.8/python3/3.12.4/install/lib/python3.12/site-packages/pandas/core/ops/__pycache__/mask_ops.cpython-312.pyc", O_RDONLY|O_CLOEXEC) = 3
3686887 stat("/share/pkg.8/python3/3.12.4/install/lib/python3.12/site-packages/pandas/core", {st_mode=S_IFDIR|S_ISGID|0755, st_size=4096, ...}) = 0
3686887 stat("/share/pkg.8/python3/3.12.4/install/lib/python3.12/site-packages/pandas/core/arraylike.py", {st_mode=S_IFREG|0644, st_size=17655, ...}) = 0
3686887 stat("/share/pkg.8/python3/3.12.4/install/lib/python3.12/site-packages/pandas/core/arraylike.py", {st_mode=S_IFREG|0644, st_size=17655, ...}) = 0
3686887 openat(AT_FDCWD, "/share/pkg.8/python3/3.12.4/install/lib/python3.12/site-packages/pandas/core/__pycache__/arraylike.cpython-312.pyc", O_RDONLY|O_CLOEXEC) = 3
3686887 stat("/share/pkg.8/python3/3.12.4/install/lib/python3.12/site-packages/pandas/core/arrays", {st_mode=S_IFDIR|S_ISGID|0755, st_size=4096, ...}) = 0
3686887 stat("/share/pkg.8/python3/3.12.4/install/lib/python3.12/site-packages/pandas/core/arrays/_arrow_string_mixins.py", {st_mode=S_IFREG|0644, st_size=2608, ...}) = 0
3686887 stat("/share/pkg.8/python3/3.12.4/install/lib/python3.12/site-packages/pandas/core/arrays/_arrow_string_mixins.py", {st_mode=S_IFREG|0644, st_size=2608, ...}) = 0
3686887 openat(AT_FDCWD, "/share/pkg.8/python3/3.12.4/install/lib/python3.12/site-packages/pandas/core/arrays/__pycache__/_arrow_string_mixins.cpython-312.pyc", O_RDONLY|O_CLOEXEC) = 3
3686887 stat("/share/pkg.8/python3/3.12.4/install/lib/python3.12/site-packages/pandas/core/arrays", {st_mode=S_IFDIR|S_ISGID|0755, st_size=4096, ...}) = 0
3686887 stat("/share/pkg.8/python3/3.12.4/install/lib/python3.12/site-packages/pandas/core/arrays/_utils.py", {st_mode=S_IFREG|0644, st_size=1901, ...}) = 0
3686887 stat("/share/pkg.8/python3/3.12.4/install/lib/python3.12/site-packages/pandas/core/arrays/_utils.py", {st_mode=S_IFREG|0644, st_size=1901, ...}) = 0
3686887 openat(AT_FDCWD, "/share/pkg.8/python3/3.12.4/install/lib/python3.12/site-packages/pandas/core/arrays/__pycache__/_utils.cpython-312.pyc", O_RDONLY|O_CLOEXEC) = 3
3686887 stat("/share/pkg.8/python3/3.12.4/install/lib/python3.12/site-packages/pandas/core/arrays", {st_mode=S_IFDIR|S_ISGID|0755, st_size=4096, ...}) = 0
3686887 stat("/share/pkg.8/python3/3.12.4/install/lib/python3.12/site-packages/pandas/core/arrays/base.py", {st_mode=S_IFREG|0644, st_size=85047, ...}) = 0
3686887 stat("/share/pkg.8/python3/3.12.4/install/lib/python3.12/site-packages/pandas/core/arrays/base.py", {st_mode=S_IFREG|0644, st_size=85047, ...}) = 0
3686887 openat(AT_FDCWD, "/share/pkg.8/python3/3.12.4/install/lib/python3.12/site-packages/pandas/core/arrays/__pycache__/base.cpython-312.pyc", O_RDONLY|O_CLOEXEC) = 3
3686887 stat("/share/pkg.8/python3/3.12.4/install/lib/python3.12/site-packages/pandas/compat/numpy", {st_mode=S_IFDIR|S_ISGID|0755, st_size=4096, ...}) = 0
3686887 stat("/share/pkg.8/python3/3.12.4/install/lib/python3.12/site-packages/pandas/compat/numpy", {st_mode=S_IFDIR|S_ISGID|0755, st_size=4096, ...}) = 0
3686887 stat("/share/pkg.8/python3/3.12.4/install/lib/python3.12/site-packages/pandas/compat/numpy", {st_mode=S_IFDIR|S_ISGID|0755, st_size=4096, ...}) = 0
3686887 openat(AT_FDCWD, "/share/pkg.8/python3/3.12.4/install/lib/python3.12/site-packages/pandas/compat/numpy", O_RDONLY|O_NONBLOCK|O_CLOEXEC|O_DIRECTORY) = 3
3686887 stat("/share/pkg.8/python3/3.12.4/install/lib/python3.12/site-packages/pandas/compat/numpy/function.py", {st_mode=S_IFREG|0644, st_size=13291, ...}) = 0
3686887 stat("/share/pkg.8/python3/3.12.4/install/lib/python3.12/site-packages/pandas/compat/numpy/function.py", {st_mode=S_IFREG|0644, st_size=13291, ...}) = 0
3686887 openat(AT_FDCWD, "/share/pkg.8/python3/3.12.4/install/lib/python3.12/site-packages/pandas/compat/numpy/__pycache__/function.cpython-312.pyc", O_RDONLY|O_CLOEXEC) = 3
3686887 stat("/share/pkg.8/python3/3.12.4/install/lib/python3.12/site-packages/pandas/core/array_algos", {st_mode=S_IFDIR|S_ISGID|0755, st_size=4096, ...}) = 0
3686887 stat("/share/pkg.8/python3/3.12.4/install/lib/python3.12/site-packages/pandas/core/array_algos/quantile.py", {st_mode=S_IFREG|0644, st_size=6548, ...}) = 0
3686887 stat("/share/pkg.8/python3/3.12.4/install/lib/python3.12/site-packages/pandas/core/array_algos/quantile.py", {st_mode=S_IFREG|0644, st_size=6548, ...}) = 0
3686887 openat(AT_FDCWD, "/share/pkg.8/python3/3.12.4/install/lib/python3.12/site-packages/pandas/core/array_algos/__pycache__/quantile.cpython-312.pyc", O_RDONLY|O_CLOEXEC) = 3
3686887 stat("/share/pkg.8/python3/3.12.4/install/lib/python3.12/site-packages/pandas/core", {st_mode=S_IFDIR|S_ISGID|0755, st_size=4096, ...}) = 0
3686887 stat("/share/pkg.8/python3/3.12.4/install/lib/python3.12/site-packages/pandas/core/sorting.py", {st_mode=S_IFREG|0644, st_size=22976, ...}) = 0
3686887 stat("/share/pkg.8/python3/3.12.4/install/lib/python3.12/site-packages/pandas/core/sorting.py", {st_mode=S_IFREG|0644, st_size=22976, ...}) = 0
3686887 openat(AT_FDCWD, "/share/pkg.8/python3/3.12.4/install/lib/python3.12/site-packages/pandas/core/__pycache__/sorting.cpython-312.pyc", O_RDONLY|O_CLOEXEC) = 3
3686887 stat("/share/pkg.8/python3/3.12.4/install/lib/python3.12/site-packages/pandas/core/arrays", {st_mode=S_IFDIR|S_ISGID|0755, st_size=4096, ...}) = 0
3686887 stat("/share/pkg.8/python3/3.12.4/install/lib/python3.12/site-packages/pandas/core/arrays/masked.py", {st_mode=S_IFREG|0644, st_size=55634, ...}) = 0
3686887 stat("/share/pkg.8/python3/3.12.4/install/lib/python3.12/site-packages/pandas/core/arrays/masked.py", {st_mode=S_IFREG|0644, st_size=55634, ...}) = 0
3686887 openat(AT_FDCWD, "/share/pkg.8/python3/3.12.4/install/lib/python3.12/site-packages/pandas/core/arrays/__pycache__/masked.cpython-312.pyc", O_RDONLY|O_CLOEXEC) = 3
3686887 stat("/share/pkg.8/python3/3.12.4/install/lib/python3.12/site-packages/pandas/core", {st_mode=S_IFDIR|S_ISGID|0755, st_size=4096, ...}) = 0
3686887 stat("/share/pkg.8/python3/3.12.4/install/lib/python3.12/site-packages/pandas/core/nanops.py", {st_mode=S_IFREG|0644, st_size=50984, ...}) = 0
3686887 stat("/share/pkg.8/python3/3.12.4/install/lib/python3.12/site-packages/pandas/core/nanops.py", {st_mode=S_IFREG|0644, st_size=50984, ...}) = 0
3686887 openat(AT_FDCWD, "/share/pkg.8/python3/3.12.4/install/lib/python3.12/site-packages/pandas/core/__pycache__/nanops.cpython-312.pyc", O_RDONLY|O_CLOEXEC) = 3
3686887 stat("/projectnb/rcs-intern/reetom/sif", {st_mode=S_IFDIR|S_ISGID|0755, st_size=4096, ...}) = 0
3686887 stat("/share/pkg.8/python3/3.12.4/install/lib/python3.12", {st_mode=S_IFDIR|S_ISGID|0755, st_size=8192, ...}) = 0
3686887 stat("/share/pkg.8/python3/3.12.4/install/lib/python3.12/lib-dynload", {st_mode=S_IFDIR|S_ISGID|0755, st_size=8192, ...}) = 0
3686887 stat("/share/pkg.8/python3/3.12.4/install/lib/python3.12/site-packages", {st_mode=S_IFDIR|S_ISGID|0755, st_size=131072, ...}) = 0
3686887 stat("/share/pkg.8/python3/3.12.4/install/lib/python3.12/site-packages/bottleneck/__init__.cpython-312-x86_64-linux-gnu.so", 0x7ffdb918afd0) = -1 ENOENT (No such file or directory)
3686887 stat("/share/pkg.8/python3/3.12.4/install/lib/python3.12/site-packages/bottleneck/__init__.abi3.so", 0x7ffdb918afd0) = -1 ENOENT (No such file or directory)
3686887 stat("/share/pkg.8/python3/3.12.4/install/lib/python3.12/site-packages/bottleneck/__init__.so", 0x7ffdb918afd0) = -1 ENOENT (No such file or directory)
3686887 stat("/share/pkg.8/python3/3.12.4/install/lib/python3.12/site-packages/bottleneck/__init__.py", {st_mode=S_IFREG|0644, st_size=889, ...}) = 0
3686887 stat("/share/pkg.8/python3/3.12.4/install/lib/python3.12/site-packages/bottleneck/__init__.py", {st_mode=S_IFREG|0644, st_size=889, ...}) = 0
3686887 openat(AT_FDCWD, "/share/pkg.8/python3/3.12.4/install/lib/python3.12/site-packages/bottleneck/__pycache__/__init__.cpython-312.pyc", O_RDONLY|O_CLOEXEC) = 3
3686887 stat("/share/pkg.8/python3/3.12.4/install/lib/python3.12/site-packages/bottleneck", {st_mode=S_IFDIR|S_ISGID|0755, st_size=4096, ...}) = 0
3686887 stat("/share/pkg.8/python3/3.12.4/install/lib/python3.12/site-packages/bottleneck", {st_mode=S_IFDIR|S_ISGID|0755, st_size=4096, ...}) = 0
3686887 stat("/share/pkg.8/python3/3.12.4/install/lib/python3.12/site-packages/bottleneck", {st_mode=S_IFDIR|S_ISGID|0755, st_size=4096, ...}) = 0
3686887 openat(AT_FDCWD, "/share/pkg.8/python3/3.12.4/install/lib/python3.12/site-packages/bottleneck", O_RDONLY|O_NONBLOCK|O_CLOEXEC|O_DIRECTORY) = 3
3686887 stat("/share/pkg.8/python3/3.12.4/install/lib/python3.12/site-packages/bottleneck/benchmark/__init__.cpython-312-x86_64-linux-gnu.so", 0x7ffdb918a3b0) = -1 ENOENT (No such file or directory)
3686887 stat("/share/pkg.8/python3/3.12.4/install/lib/python3.12/site-packages/bottleneck/benchmark/__init__.abi3.so", 0x7ffdb918a3b0) = -1 ENOENT (No such file or directory)
3686887 stat("/share/pkg.8/python3/3.12.4/install/lib/python3.12/site-packages/bottleneck/benchmark/__init__.so", 0x7ffdb918a3b0) = -1 ENOENT (No such file or directory)
3686887 stat("/share/pkg.8/python3/3.12.4/install/lib/python3.12/site-packages/bottleneck/benchmark/__init__.py", {st_mode=S_IFREG|0644, st_size=0, ...}) = 0
3686887 stat("/share/pkg.8/python3/3.12.4/install/lib/python3.12/site-packages/bottleneck/benchmark/__init__.py", {st_mode=S_IFREG|0644, st_size=0, ...}) = 0
3686887 openat(AT_FDCWD, "/share/pkg.8/python3/3.12.4/install/lib/python3.12/site-packages/bottleneck/benchmark/__pycache__/__init__.cpython-312.pyc", O_RDONLY|O_CLOEXEC) = 3
3686887 stat("/share/pkg.8/python3/3.12.4/install/lib/python3.12/site-packages/bottleneck/benchmark", {st_mode=S_IFDIR|S_ISGID|0755, st_size=4096, ...}) = 0
3686887 stat("/share/pkg.8/python3/3.12.4/install/lib/python3.12/site-packages/bottleneck/benchmark", {st_mode=S_IFDIR|S_ISGID|0755, st_size=4096, ...}) = 0
3686887 stat("/share/pkg.8/python3/3.12.4/install/lib/python3.12/site-packages/bottleneck/benchmark", {st_mode=S_IFDIR|S_ISGID|0755, st_size=4096, ...}) = 0
3686887 openat(AT_FDCWD, "/share/pkg.8/python3/3.12.4/install/lib/python3.12/site-packages/bottleneck/benchmark", O_RDONLY|O_NONBLOCK|O_CLOEXEC|O_DIRECTORY) = 3
3686887 stat("/share/pkg.8/python3/3.12.4/install/lib/python3.12/site-packages/bottleneck/benchmark/bench.py", {st_mode=S_IFREG|0644, st_size=6887, ...}) = 0
3686887 stat("/share/pkg.8/python3/3.12.4/install/lib/python3.12/site-packages/bottleneck/benchmark/bench.py", {st_mode=S_IFREG|0644, st_size=6887, ...}) = 0
3686887 openat(AT_FDCWD, "/share/pkg.8/python3/3.12.4/install/lib/python3.12/site-packages/bottleneck/benchmark/__pycache__/bench.cpython-312.pyc", O_RDONLY|O_CLOEXEC) = 3
3686887 stat("/share/pkg.8/python3/3.12.4/install/lib/python3.12/site-packages/bottleneck/benchmark", {st_mode=S_IFDIR|S_ISGID|0755, st_size=4096, ...}) = 0
3686887 stat("/share/pkg.8/python3/3.12.4/install/lib/python3.12/site-packages/bottleneck/benchmark/autotimeit.py", {st_mode=S_IFREG|0644, st_size=504, ...}) = 0
3686887 stat("/share/pkg.8/python3/3.12.4/install/lib/python3.12/site-packages/bottleneck/benchmark/autotimeit.py", {st_mode=S_IFREG|0644, st_size=504, ...}) = 0
3686887 openat(AT_FDCWD, "/share/pkg.8/python3/3.12.4/install/lib/python3.12/site-packages/bottleneck/benchmark/__pycache__/autotimeit.cpython-312.pyc", O_RDONLY|O_CLOEXEC) = 3
3686887 stat("/projectnb/rcs-intern/reetom/sif", {st_mode=S_IFDIR|S_ISGID|0755, st_size=4096, ...}) = 0
3686887 stat("/share/pkg.8/python3/3.12.4/install/lib/python3.12", {st_mode=S_IFDIR|S_ISGID|0755, st_size=8192, ...}) = 0
3686887 stat("/share/pkg.8/python3/3.12.4/install/lib/python3.12/timeit.py", {st_mode=S_IFREG|0755, st_size=13464, ...}) = 0
3686887 stat("/share/pkg.8/python3/3.12.4/install/lib/python3.12/timeit.py", {st_mode=S_IFREG|0755, st_size=13464, ...}) = 0
3686887 openat(AT_FDCWD, "/share/pkg.8/python3/3.12.4/install/lib/python3.12/__pycache__/timeit.cpython-312.pyc", O_RDONLY|O_CLOEXEC) = 3
3686887 stat("/share/pkg.8/python3/3.12.4/install/lib/python3.12/site-packages/bottleneck/benchmark", {st_mode=S_IFDIR|S_ISGID|0755, st_size=4096, ...}) = 0
3686887 stat("/share/pkg.8/python3/3.12.4/install/lib/python3.12/site-packages/bottleneck/benchmark/bench_detailed.py", {st_mode=S_IFREG|0644, st_size=5958, ...}) = 0
3686887 stat("/share/pkg.8/python3/3.12.4/install/lib/python3.12/site-packages/bottleneck/benchmark/bench_detailed.py", {st_mode=S_IFREG|0644, st_size=5958, ...}) = 0
3686887 openat(AT_FDCWD, "/share/pkg.8/python3/3.12.4/install/lib/python3.12/site-packages/bottleneck/benchmark/__pycache__/bench_detailed.cpython-312.pyc", O_RDONLY|O_CLOEXEC) = 3
3686887 stat("/share/pkg.8/python3/3.12.4/install/lib/python3.12/site-packages/bottleneck", {st_mode=S_IFDIR|S_ISGID|0755, st_size=4096, ...}) = 0
3686887 stat("/share/pkg.8/python3/3.12.4/install/lib/python3.12/site-packages/bottleneck/tests/__init__.cpython-312-x86_64-linux-gnu.so", 0x7ffdb918a3b0) = -1 ENOENT (No such file or directory)
3686887 stat("/share/pkg.8/python3/3.12.4/install/lib/python3.12/site-packages/bottleneck/tests/__init__.abi3.so", 0x7ffdb918a3b0) = -1 ENOENT (No such file or directory)
3686887 stat("/share/pkg.8/python3/3.12.4/install/lib/python3.12/site-packages/bottleneck/tests/__init__.so", 0x7ffdb918a3b0) = -1 ENOENT (No such file or directory)
3686887 stat("/share/pkg.8/python3/3.12.4/install/lib/python3.12/site-packages/bottleneck/tests/__init__.py", {st_mode=S_IFREG|0644, st_size=0, ...}) = 0
3686887 stat("/share/pkg.8/python3/3.12.4/install/lib/python3.12/site-packages/bottleneck/tests/__init__.py", {st_mode=S_IFREG|0644, st_size=0, ...}) = 0
3686887 openat(AT_FDCWD, "/share/pkg.8/python3/3.12.4/install/lib/python3.12/site-packages/bottleneck/tests/__pycache__/__init__.cpython-312.pyc", O_RDONLY|O_CLOEXEC) = 3
3686887 stat("/share/pkg.8/python3/3.12.4/install/lib/python3.12/site-packages/bottleneck/tests", {st_mode=S_IFDIR|S_ISGID|0755, st_size=4096, ...}) = 0
3686887 stat("/share/pkg.8/python3/3.12.4/install/lib/python3.12/site-packages/bottleneck/tests", {st_mode=S_IFDIR|S_ISGID|0755, st_size=4096, ...}) = 0
3686887 stat("/share/pkg.8/python3/3.12.4/install/lib/python3.12/site-packages/bottleneck/tests", {st_mode=S_IFDIR|S_ISGID|0755, st_size=4096, ...}) = 0
3686887 openat(AT_FDCWD, "/share/pkg.8/python3/3.12.4/install/lib/python3.12/site-packages/bottleneck/tests", O_RDONLY|O_NONBLOCK|O_CLOEXEC|O_DIRECTORY) = 3
3686887 stat("/share/pkg.8/python3/3.12.4/install/lib/python3.12/site-packages/bottleneck/tests/util.py", {st_mode=S_IFREG|0644, st_size=6207, ...}) = 0
3686887 stat("/share/pkg.8/python3/3.12.4/install/lib/python3.12/site-packages/bottleneck/tests/util.py", {st_mode=S_IFREG|0644, st_size=6207, ...}) = 0
3686887 openat(AT_FDCWD, "/share/pkg.8/python3/3.12.4/install/lib/python3.12/site-packages/bottleneck/tests/__pycache__/util.cpython-312.pyc", O_RDONLY|O_CLOEXEC) = 3
3686887 stat("/share/pkg.8/python3/3.12.4/install/lib/python3.12/site-packages/bottleneck", {st_mode=S_IFDIR|S_ISGID|0755, st_size=4096, ...}) = 0
3686887 stat("/share/pkg.8/python3/3.12.4/install/lib/python3.12/site-packages/bottleneck/slow/__init__.cpython-312-x86_64-linux-gnu.so", 0x7ffdb918a3b0) = -1 ENOENT (No such file or directory)
3686887 stat("/share/pkg.8/python3/3.12.4/install/lib/python3.12/site-packages/bottleneck/slow/__init__.abi3.so", 0x7ffdb918a3b0) = -1 ENOENT (No such file or directory)
3686887 stat("/share/pkg.8/python3/3.12.4/install/lib/python3.12/site-packages/bottleneck/slow/__init__.so", 0x7ffdb918a3b0) = -1 ENOENT (No such file or directory)
3686887 stat("/share/pkg.8/python3/3.12.4/install/lib/python3.12/site-packages/bottleneck/slow/__init__.py", {st_mode=S_IFREG|0644, st_size=173, ...}) = 0
3686887 stat("/share/pkg.8/python3/3.12.4/install/lib/python3.12/site-packages/bottleneck/slow/__init__.py", {st_mode=S_IFREG|0644, st_size=173, ...}) = 0
3686887 openat(AT_FDCWD, "/share/pkg.8/python3/3.12.4/install/lib/python3.12/site-packages/bottleneck/slow/__pycache__/__init__.cpython-312.pyc", O_RDONLY|O_CLOEXEC) = 3
3686887 stat("/share/pkg.8/python3/3.12.4/install/lib/python3.12/site-packages/bottleneck/slow", {st_mode=S_IFDIR|S_ISGID|0755, st_size=4096, ...}) = 0
3686887 stat("/share/pkg.8/python3/3.12.4/install/lib/python3.12/site-packages/bottleneck/slow", {st_mode=S_IFDIR|S_ISGID|0755, st_size=4096, ...}) = 0
3686887 stat("/share/pkg.8/python3/3.12.4/install/lib/python3.12/site-packages/bottleneck/slow", {st_mode=S_IFDIR|S_ISGID|0755, st_size=4096, ...}) = 0
3686887 openat(AT_FDCWD, "/share/pkg.8/python3/3.12.4/install/lib/python3.12/site-packages/bottleneck/slow", O_RDONLY|O_NONBLOCK|O_CLOEXEC|O_DIRECTORY) = 3
3686887 stat("/share/pkg.8/python3/3.12.4/install/lib/python3.12/site-packages/bottleneck/slow/reduce.py", {st_mode=S_IFREG|0644, st_size=2337, ...}) = 0
3686887 stat("/share/pkg.8/python3/3.12.4/install/lib/python3.12/site-packages/bottleneck/slow/reduce.py", {st_mode=S_IFREG|0644, st_size=2337, ...}) = 0
3686887 openat(AT_FDCWD, "/share/pkg.8/python3/3.12.4/install/lib/python3.12/site-packages/bottleneck/slow/__pycache__/reduce.cpython-312.pyc", O_RDONLY|O_CLOEXEC) = 3
3686887 stat("/share/pkg.8/python3/3.12.4/install/lib/python3.12/site-packages/bottleneck/slow", {st_mode=S_IFDIR|S_ISGID|0755, st_size=4096, ...}) = 0
3686887 stat("/share/pkg.8/python3/3.12.4/install/lib/python3.12/site-packages/bottleneck/slow/nonreduce.py", {st_mode=S_IFREG|0644, st_size=648, ...}) = 0
3686887 stat("/share/pkg.8/python3/3.12.4/install/lib/python3.12/site-packages/bottleneck/slow/nonreduce.py", {st_mode=S_IFREG|0644, st_size=648, ...}) = 0
3686887 openat(AT_FDCWD, "/share/pkg.8/python3/3.12.4/install/lib/python3.12/site-packages/bottleneck/slow/__pycache__/nonreduce.cpython-312.pyc", O_RDONLY|O_CLOEXEC) = 3
3686887 stat("/share/pkg.8/python3/3.12.4/install/lib/python3.12/site-packages/bottleneck/slow", {st_mode=S_IFDIR|S_ISGID|0755, st_size=4096, ...}) = 0
3686887 stat("/share/pkg.8/python3/3.12.4/install/lib/python3.12/site-packages/bottleneck/slow/nonreduce_axis.py", {st_mode=S_IFREG|0644, st_size=5015, ...}) = 0
3686887 stat("/share/pkg.8/python3/3.12.4/install/lib/python3.12/site-packages/bottleneck/slow/nonreduce_axis.py", {st_mode=S_IFREG|0644, st_size=5015, ...}) = 0
3686887 openat(AT_FDCWD, "/share/pkg.8/python3/3.12.4/install/lib/python3.12/site-packages/bottleneck/slow/__pycache__/nonreduce_axis.cpython-312.pyc", O_RDONLY|O_CLOEXEC) = 3
3686887 stat("/share/pkg.8/python3/3.12.4/install/lib/python3.12/site-packages/bottleneck/slow", {st_mode=S_IFDIR|S_ISGID|0755, st_size=4096, ...}) = 0
3686887 stat("/share/pkg.8/python3/3.12.4/install/lib/python3.12/site-packages/bottleneck/slow/move.py", {st_mode=S_IFREG|0644, st_size=7759, ...}) = 0
3686887 stat("/share/pkg.8/python3/3.12.4/install/lib/python3.12/site-packages/bottleneck/slow/move.py", {st_mode=S_IFREG|0644, st_size=7759, ...}) = 0
3686887 openat(AT_FDCWD, "/share/pkg.8/python3/3.12.4/install/lib/python3.12/site-packages/bottleneck/slow/__pycache__/move.cpython-312.pyc", O_RDONLY|O_CLOEXEC) = 3
3686887 stat("/share/pkg.8/python3/3.12.4/install/lib/python3.12/site-packages/bottleneck", {st_mode=S_IFDIR|S_ISGID|0755, st_size=4096, ...}) = 0
3686887 stat("/share/pkg.8/python3/3.12.4/install/lib/python3.12/site-packages/bottleneck/_pytesttester.py", {st_mode=S_IFREG|0644, st_size=2069, ...}) = 0
3686887 stat("/share/pkg.8/python3/3.12.4/install/lib/python3.12/site-packages/bottleneck/_pytesttester.py", {st_mode=S_IFREG|0644, st_size=2069, ...}) = 0
3686887 openat(AT_FDCWD, "/share/pkg.8/python3/3.12.4/install/lib/python3.12/site-packages/bottleneck/__pycache__/_pytesttester.cpython-312.pyc", O_RDONLY|O_CLOEXEC) = 3
3686887 stat("/share/pkg.8/python3/3.12.4/install/lib/python3.12/site-packages/bottleneck", {st_mode=S_IFDIR|S_ISGID|0755, st_size=4096, ...}) = 0
3686887 stat("/share/pkg.8/python3/3.12.4/install/lib/python3.12/site-packages/bottleneck/move.cpython-312-x86_64-linux-gnu.so", {st_mode=S_IFREG|0755, st_size=402344, ...}) = 0
3686887 openat(AT_FDCWD, "/share/pkg.8/python3/3.12.4/install/lib/python3.12/site-packages/bottleneck/move.cpython-312-x86_64-linux-gnu.so", O_RDONLY|O_CLOEXEC) = 3
3686887 stat("/share/pkg.8/python3/3.12.4/install/lib/python3.12/site-packages/bottleneck", {st_mode=S_IFDIR|S_ISGID|0755, st_size=4096, ...}) = 0
3686887 stat("/share/pkg.8/python3/3.12.4/install/lib/python3.12/site-packages/bottleneck/nonreduce.cpython-312-x86_64-linux-gnu.so", {st_mode=S_IFREG|0755, st_size=84720, ...}) = 0
3686887 openat(AT_FDCWD, "/share/pkg.8/python3/3.12.4/install/lib/python3.12/site-packages/bottleneck/nonreduce.cpython-312-x86_64-linux-gnu.so", O_RDONLY|O_CLOEXEC) = 3
3686887 stat("/share/pkg.8/python3/3.12.4/install/lib/python3.12/site-packages/bottleneck", {st_mode=S_IFDIR|S_ISGID|0755, st_size=4096, ...}) = 0
3686887 stat("/share/pkg.8/python3/3.12.4/install/lib/python3.12/site-packages/bottleneck/nonreduce_axis.cpython-312-x86_64-linux-gnu.so", {st_mode=S_IFREG|0755, st_size=179856, ...}) = 0
3686887 openat(AT_FDCWD, "/share/pkg.8/python3/3.12.4/install/lib/python3.12/site-packages/bottleneck/nonreduce_axis.cpython-312-x86_64-linux-gnu.so", O_RDONLY|O_CLOEXEC) = 3
3686887 stat("/share/pkg.8/python3/3.12.4/install/lib/python3.12/site-packages/bottleneck", {st_mode=S_IFDIR|S_ISGID|0755, st_size=4096, ...}) = 0
3686887 stat("/share/pkg.8/python3/3.12.4/install/lib/python3.12/site-packages/bottleneck/reduce.cpython-312-x86_64-linux-gnu.so", {st_mode=S_IFREG|0755, st_size=508648, ...}) = 0
3686887 openat(AT_FDCWD, "/share/pkg.8/python3/3.12.4/install/lib/python3.12/site-packages/bottleneck/reduce.cpython-312-x86_64-linux-gnu.so", O_RDONLY|O_CLOEXEC) = 3
3686887 stat("/share/pkg.8/python3/3.12.4/install/lib/python3.12/site-packages/bottleneck", {st_mode=S_IFDIR|S_ISGID|0755, st_size=4096, ...}) = 0
3686887 stat("/share/pkg.8/python3/3.12.4/install/lib/python3.12/site-packages/bottleneck/_version.py", {st_mode=S_IFREG|0644, st_size=497, ...}) = 0
3686887 stat("/share/pkg.8/python3/3.12.4/install/lib/python3.12/site-packages/bottleneck/_version.py", {st_mode=S_IFREG|0644, st_size=497, ...}) = 0
3686887 openat(AT_FDCWD, "/share/pkg.8/python3/3.12.4/install/lib/python3.12/site-packages/bottleneck/__pycache__/_version.cpython-312.pyc", O_RDONLY|O_CLOEXEC) = 3
3686887 stat("/projectnb/rcs-intern/reetom/sif", {st_mode=S_IFDIR|S_ISGID|0755, st_size=4096, ...}) = 0
3686887 stat("/share/pkg.8/python3/3.12.4/install/lib/python3.12", {st_mode=S_IFDIR|S_ISGID|0755, st_size=8192, ...}) = 0
3686887 stat("/share/pkg.8/python3/3.12.4/install/lib/python3.12/json/__init__.cpython-312-x86_64-linux-gnu.so", 0x7ffdb918a190) = -1 ENOENT (No such file or directory)
3686887 stat("/share/pkg.8/python3/3.12.4/install/lib/python3.12/json/__init__.abi3.so", 0x7ffdb918a190) = -1 ENOENT (No such file or directory)
3686887 stat("/share/pkg.8/python3/3.12.4/install/lib/python3.12/json/__init__.so", 0x7ffdb918a190) = -1 ENOENT (No such file or directory)
3686887 stat("/share/pkg.8/python3/3.12.4/install/lib/python3.12/json/__init__.py", {st_mode=S_IFREG|0644, st_size=14020, ...}) = 0
3686887 stat("/share/pkg.8/python3/3.12.4/install/lib/python3.12/json/__init__.py", {st_mode=S_IFREG|0644, st_size=14020, ...}) = 0
3686887 openat(AT_FDCWD, "/share/pkg.8/python3/3.12.4/install/lib/python3.12/json/__pycache__/__init__.cpython-312.pyc", O_RDONLY|O_CLOEXEC) = 3
3686887 stat("/share/pkg.8/python3/3.12.4/install/lib/python3.12/json", {st_mode=S_IFDIR|S_ISGID|0755, st_size=4096, ...}) = 0
3686887 stat("/share/pkg.8/python3/3.12.4/install/lib/python3.12/json", {st_mode=S_IFDIR|S_ISGID|0755, st_size=4096, ...}) = 0
3686887 stat("/share/pkg.8/python3/3.12.4/install/lib/python3.12/json", {st_mode=S_IFDIR|S_ISGID|0755, st_size=4096, ...}) = 0
3686887 openat(AT_FDCWD, "/share/pkg.8/python3/3.12.4/install/lib/python3.12/json", O_RDONLY|O_NONBLOCK|O_CLOEXEC|O_DIRECTORY) = 3
3686887 stat("/share/pkg.8/python3/3.12.4/install/lib/python3.12/json/decoder.py", {st_mode=S_IFREG|0644, st_size=12473, ...}) = 0
3686887 stat("/share/pkg.8/python3/3.12.4/install/lib/python3.12/json/decoder.py", {st_mode=S_IFREG|0644, st_size=12473, ...}) = 0
3686887 openat(AT_FDCWD, "/share/pkg.8/python3/3.12.4/install/lib/python3.12/json/__pycache__/decoder.cpython-312.pyc", O_RDONLY|O_CLOEXEC) = 3
3686887 stat("/share/pkg.8/python3/3.12.4/install/lib/python3.12/json", {st_mode=S_IFDIR|S_ISGID|0755, st_size=4096, ...}) = 0
3686887 stat("/share/pkg.8/python3/3.12.4/install/lib/python3.12/json/scanner.py", {st_mode=S_IFREG|0644, st_size=2425, ...}) = 0
3686887 stat("/share/pkg.8/python3/3.12.4/install/lib/python3.12/json/scanner.py", {st_mode=S_IFREG|0644, st_size=2425, ...}) = 0
3686887 openat(AT_FDCWD, "/share/pkg.8/python3/3.12.4/install/lib/python3.12/json/__pycache__/scanner.cpython-312.pyc", O_RDONLY|O_CLOEXEC) = 3
3686887 stat("/projectnb/rcs-intern/reetom/sif", {st_mode=S_IFDIR|S_ISGID|0755, st_size=4096, ...}) = 0
3686887 stat("/share/pkg.8/python3/3.12.4/install/lib/python3.12", {st_mode=S_IFDIR|S_ISGID|0755, st_size=8192, ...}) = 0
3686887 stat("/share/pkg.8/python3/3.12.4/install/lib/python3.12/lib-dynload", {st_mode=S_IFDIR|S_ISGID|0755, st_size=8192, ...}) = 0
3686887 stat("/share/pkg.8/python3/3.12.4/install/lib/python3.12/lib-dynload/_json.cpython-312-x86_64-linux-gnu.so", {st_mode=S_IFREG|0755, st_size=292088, ...}) = 0
3686887 openat(AT_FDCWD, "/share/pkg.8/python3/3.12.4/install/lib/python3.12/lib-dynload/_json.cpython-312-x86_64-linux-gnu.so", O_RDONLY|O_CLOEXEC) = 3
3686887 stat("/share/pkg.8/python3/3.12.4/install/lib/python3.12/json", {st_mode=S_IFDIR|S_ISGID|0755, st_size=4096, ...}) = 0
3686887 stat("/share/pkg.8/python3/3.12.4/install/lib/python3.12/json/encoder.py", {st_mode=S_IFREG|0644, st_size=16070, ...}) = 0
3686887 stat("/share/pkg.8/python3/3.12.4/install/lib/python3.12/json/encoder.py", {st_mode=S_IFREG|0644, st_size=16070, ...}) = 0
3686887 openat(AT_FDCWD, "/share/pkg.8/python3/3.12.4/install/lib/python3.12/json/__pycache__/encoder.cpython-312.pyc", O_RDONLY|O_CLOEXEC) = 3
3686887 stat("/share/pkg.8/python3/3.12.4/install/lib/python3.12/site-packages/pandas/core/array_algos", {st_mode=S_IFDIR|S_ISGID|0755, st_size=4096, ...}) = 0
3686887 stat("/share/pkg.8/python3/3.12.4/install/lib/python3.12/site-packages/pandas/core/array_algos/masked_accumulations.py", {st_mode=S_IFREG|0644, st_size=2618, ...}) = 0
3686887 stat("/share/pkg.8/python3/3.12.4/install/lib/python3.12/site-packages/pandas/core/array_algos/masked_accumulations.py", {st_mode=S_IFREG|0644, st_size=2618, ...}) = 0
3686887 openat(AT_FDCWD, "/share/pkg.8/python3/3.12.4/install/lib/python3.12/site-packages/pandas/core/array_algos/__pycache__/masked_accumulations.cpython-312.pyc", O_RDONLY|O_CLOEXEC) = 3
3686887 stat("/share/pkg.8/python3/3.12.4/install/lib/python3.12/site-packages/pandas/core/array_algos", {st_mode=S_IFDIR|S_ISGID|0755, st_size=4096, ...}) = 0
3686887 stat("/share/pkg.8/python3/3.12.4/install/lib/python3.12/site-packages/pandas/core/array_algos/masked_reductions.py", {st_mode=S_IFREG|0644, st_size=4855, ...}) = 0
3686887 stat("/share/pkg.8/python3/3.12.4/install/lib/python3.12/site-packages/pandas/core/array_algos/masked_reductions.py", {st_mode=S_IFREG|0644, st_size=4855, ...}) = 0
3686887 openat(AT_FDCWD, "/share/pkg.8/python3/3.12.4/install/lib/python3.12/site-packages/pandas/core/array_algos/__pycache__/masked_reductions.cpython-312.pyc", O_RDONLY|O_CLOEXEC) = 3
3686887 stat("/share/pkg.8/python3/3.12.4/install/lib/python3.12/site-packages/pandas/core", {st_mode=S_IFDIR|S_ISGID|0755, st_size=4096, ...}) = 0
3686887 stat("/share/pkg.8/python3/3.12.4/install/lib/python3.12/site-packages/pandas/core/util/__init__.cpython-312-x86_64-linux-gnu.so", 0x7ffdb918b2d0) = -1 ENOENT (No such file or directory)
3686887 stat("/share/pkg.8/python3/3.12.4/install/lib/python3.12/site-packages/pandas/core/util/__init__.abi3.so", 0x7ffdb918b2d0) = -1 ENOENT (No such file or directory)
3686887 stat("/share/pkg.8/python3/3.12.4/install/lib/python3.12/site-packages/pandas/core/util/__init__.so", 0x7ffdb918b2d0) = -1 ENOENT (No such file or directory)
3686887 stat("/share/pkg.8/python3/3.12.4/install/lib/python3.12/site-packages/pandas/core/util/__init__.py", {st_mode=S_IFREG|0644, st_size=0, ...}) = 0
3686887 stat("/share/pkg.8/python3/3.12.4/install/lib/python3.12/site-packages/pandas/core/util/__init__.py", {st_mode=S_IFREG|0644, st_size=0, ...}) = 0
3686887 openat(AT_FDCWD, "/share/pkg.8/python3/3.12.4/install/lib/python3.12/site-packages/pandas/core/util/__pycache__/__init__.cpython-312.pyc", O_RDONLY|O_CLOEXEC) = 3
3686887 stat("/share/pkg.8/python3/3.12.4/install/lib/python3.12/site-packages/pandas/core/util", {st_mode=S_IFDIR|S_ISGID|0755, st_size=4096, ...}) = 0
3686887 stat("/share/pkg.8/python3/3.12.4/install/lib/python3.12/site-packages/pandas/core/util", {st_mode=S_IFDIR|S_ISGID|0755, st_size=4096, ...}) = 0
3686887 stat("/share/pkg.8/python3/3.12.4/install/lib/python3.12/site-packages/pandas/core/util", {st_mode=S_IFDIR|S_ISGID|0755, st_size=4096, ...}) = 0
3686887 openat(AT_FDCWD, "/share/pkg.8/python3/3.12.4/install/lib/python3.12/site-packages/pandas/core/util", O_RDONLY|O_NONBLOCK|O_CLOEXEC|O_DIRECTORY) = 3
3686887 stat("/share/pkg.8/python3/3.12.4/install/lib/python3.12/site-packages/pandas/core/util/hashing.py", {st_mode=S_IFREG|0644, st_size=9657, ...}) = 0
3686887 stat("/share/pkg.8/python3/3.12.4/install/lib/python3.12/site-packages/pandas/core/util/hashing.py", {st_mode=S_IFREG|0644, st_size=9657, ...}) = 0
3686887 openat(AT_FDCWD, "/share/pkg.8/python3/3.12.4/install/lib/python3.12/site-packages/pandas/core/util/__pycache__/hashing.cpython-312.pyc", O_RDONLY|O_CLOEXEC) = 3
3686887 stat("/share/pkg.8/python3/3.12.4/install/lib/python3.12/site-packages/pandas/_libs", {st_mode=S_IFDIR|S_ISGID|0755, st_size=4096, ...}) = 0
3686887 stat("/share/pkg.8/python3/3.12.4/install/lib/python3.12/site-packages/pandas/_libs/hashing.cpython-312-x86_64-linux-gnu.so", {st_mode=S_IFREG|0755, st_size=213000, ...}) = 0
3686887 openat(AT_FDCWD, "/share/pkg.8/python3/3.12.4/install/lib/python3.12/site-packages/pandas/_libs/hashing.cpython-312-x86_64-linux-gnu.so", O_RDONLY|O_CLOEXEC) = 3
3686887 stat("/share/pkg.8/python3/3.12.4/install/lib/python3.12/site-packages/pandas/core/arrays", {st_mode=S_IFDIR|S_ISGID|0755, st_size=4096, ...}) = 0
3686887 stat("/share/pkg.8/python3/3.12.4/install/lib/python3.12/site-packages/pandas/core/arrays/string_.py", {st_mode=S_IFREG|0644, st_size=21814, ...}) = 0
3686887 stat("/share/pkg.8/python3/3.12.4/install/lib/python3.12/site-packages/pandas/core/arrays/string_.py", {st_mode=S_IFREG|0644, st_size=21814, ...}) = 0
3686887 openat(AT_FDCWD, "/share/pkg.8/python3/3.12.4/install/lib/python3.12/site-packages/pandas/core/arrays/__pycache__/string_.cpython-312.pyc", O_RDONLY|O_CLOEXEC) = 3
3686887 stat("/share/pkg.8/python3/3.12.4/install/lib/python3.12/site-packages/pandas/_libs", {st_mode=S_IFDIR|S_ISGID|0755, st_size=4096, ...}) = 0
3686887 stat("/share/pkg.8/python3/3.12.4/install/lib/python3.12/site-packages/pandas/_libs/arrays.cpython-312-x86_64-linux-gnu.so", {st_mode=S_IFREG|0755, st_size=133152, ...}) = 0
3686887 openat(AT_FDCWD, "/share/pkg.8/python3/3.12.4/install/lib/python3.12/site-packages/pandas/_libs/arrays.cpython-312-x86_64-linux-gnu.so", O_RDONLY|O_CLOEXEC) = 3
3686887 stat("/share/pkg.8/python3/3.12.4/install/lib/python3.12/site-packages/pandas/core/arrays", {st_mode=S_IFDIR|S_ISGID|0755, st_size=4096, ...}) = 0
3686887 stat("/share/pkg.8/python3/3.12.4/install/lib/python3.12/site-packages/pandas/core/arrays/floating.py", {st_mode=S_IFREG|0644, st_size=4286, ...}) = 0
3686887 stat("/share/pkg.8/python3/3.12.4/install/lib/python3.12/site-packages/pandas/core/arrays/floating.py", {st_mode=S_IFREG|0644, st_size=4286, ...}) = 0
3686887 openat(AT_FDCWD, "/share/pkg.8/python3/3.12.4/install/lib/python3.12/site-packages/pandas/core/arrays/__pycache__/floating.cpython-312.pyc", O_RDONLY|O_CLOEXEC) = 3
3686887 stat("/share/pkg.8/python3/3.12.4/install/lib/python3.12/site-packages/pandas/core/arrays", {st_mode=S_IFDIR|S_ISGID|0755, st_size=4096, ...}) = 0
3686887 stat("/share/pkg.8/python3/3.12.4/install/lib/python3.12/site-packages/pandas/core/arrays/numeric.py", {st_mode=S_IFREG|0644, st_size=9165, ...}) = 0
3686887 stat("/share/pkg.8/python3/3.12.4/install/lib/python3.12/site-packages/pandas/core/arrays/numeric.py", {st_mode=S_IFREG|0644, st_size=9165, ...}) = 0
3686887 openat(AT_FDCWD, "/share/pkg.8/python3/3.12.4/install/lib/python3.12/site-packages/pandas/core/arrays/__pycache__/numeric.cpython-312.pyc", O_RDONLY|O_CLOEXEC) = 3
3686887 stat("/share/pkg.8/python3/3.12.4/install/lib/python3.12/site-packages/pandas/core/arrays", {st_mode=S_IFDIR|S_ISGID|0755, st_size=4096, ...}) = 0
3686887 stat("/share/pkg.8/python3/3.12.4/install/lib/python3.12/site-packages/pandas/core/arrays/integer.py", {st_mode=S_IFREG|0644, st_size=6470, ...}) = 0
3686887 stat("/share/pkg.8/python3/3.12.4/install/lib/python3.12/site-packages/pandas/core/arrays/integer.py", {st_mode=S_IFREG|0644, st_size=6470, ...}) = 0
3686887 openat(AT_FDCWD, "/share/pkg.8/python3/3.12.4/install/lib/python3.12/site-packages/pandas/core/arrays/__pycache__/integer.cpython-312.pyc", O_RDONLY|O_CLOEXEC) = 3
3686887 stat("/share/pkg.8/python3/3.12.4/install/lib/python3.12/site-packages/pandas/core/arrays", {st_mode=S_IFDIR|S_ISGID|0755, st_size=4096, ...}) = 0
3686887 stat("/share/pkg.8/python3/3.12.4/install/lib/python3.12/site-packages/pandas/core/arrays/numpy_.py", {st_mode=S_IFREG|0644, st_size=17493, ...}) = 0
3686887 stat("/share/pkg.8/python3/3.12.4/install/lib/python3.12/site-packages/pandas/core/arrays/numpy_.py", {st_mode=S_IFREG|0644, st_size=17493, ...}) = 0
3686887 openat(AT_FDCWD, "/share/pkg.8/python3/3.12.4/install/lib/python3.12/site-packages/pandas/core/arrays/__pycache__/numpy_.cpython-312.pyc", O_RDONLY|O_CLOEXEC) = 3
3686887 stat("/share/pkg.8/python3/3.12.4/install/lib/python3.12/site-packages/pandas/core/arrays", {st_mode=S_IFDIR|S_ISGID|0755, st_size=4096, ...}) = 0
3686887 stat("/share/pkg.8/python3/3.12.4/install/lib/python3.12/site-packages/pandas/core/arrays/_mixins.py", {st_mode=S_IFREG|0644, st_size=17396, ...}) = 0
3686887 stat("/share/pkg.8/python3/3.12.4/install/lib/python3.12/site-packages/pandas/core/arrays/_mixins.py", {st_mode=S_IFREG|0644, st_size=17396, ...}) = 0
3686887 openat(AT_FDCWD, "/share/pkg.8/python3/3.12.4/install/lib/python3.12/site-packages/pandas/core/arrays/__pycache__/_mixins.cpython-312.pyc", O_RDONLY|O_CLOEXEC) = 3
3686887 stat("/share/pkg.8/python3/3.12.4/install/lib/python3.12/site-packages/pandas/core/array_algos", {st_mode=S_IFDIR|S_ISGID|0755, st_size=4096, ...}) = 0
3686887 stat("/share/pkg.8/python3/3.12.4/install/lib/python3.12/site-packages/pandas/core/array_algos/transforms.py", {st_mode=S_IFREG|0644, st_size=1104, ...}) = 0
3686887 stat("/share/pkg.8/python3/3.12.4/install/lib/python3.12/site-packages/pandas/core/array_algos/transforms.py", {st_mode=S_IFREG|0644, st_size=1104, ...}) = 0
3686887 openat(AT_FDCWD, "/share/pkg.8/python3/3.12.4/install/lib/python3.12/site-packages/pandas/core/array_algos/__pycache__/transforms.cpython-312.pyc", O_RDONLY|O_CLOEXEC) = 3
3686887 stat("/share/pkg.8/python3/3.12.4/install/lib/python3.12/site-packages/pandas/core", {st_mode=S_IFDIR|S_ISGID|0755, st_size=4096, ...}) = 0
3686887 stat("/share/pkg.8/python3/3.12.4/install/lib/python3.12/site-packages/pandas/core/strings/__init__.cpython-312-x86_64-linux-gnu.so", 0x7ffdb918abb0) = -1 ENOENT (No such file or directory)
3686887 stat("/share/pkg.8/python3/3.12.4/install/lib/python3.12/site-packages/pandas/core/strings/__init__.abi3.so", 0x7ffdb918abb0) = -1 ENOENT (No such file or directory)
3686887 stat("/share/pkg.8/python3/3.12.4/install/lib/python3.12/site-packages/pandas/core/strings/__init__.so", 0x7ffdb918abb0) = -1 ENOENT (No such file or directory)
3686887 stat("/share/pkg.8/python3/3.12.4/install/lib/python3.12/site-packages/pandas/core/strings/__init__.py", {st_mode=S_IFREG|0644, st_size=1087, ...}) = 0
3686887 stat("/share/pkg.8/python3/3.12.4/install/lib/python3.12/site-packages/pandas/core/strings/__init__.py", {st_mode=S_IFREG|0644, st_size=1087, ...}) = 0
3686887 openat(AT_FDCWD, "/share/pkg.8/python3/3.12.4/install/lib/python3.12/site-packages/pandas/core/strings/__pycache__/__init__.cpython-312.pyc", O_RDONLY|O_CLOEXEC) = 3
3686887 stat("/share/pkg.8/python3/3.12.4/install/lib/python3.12/site-packages/pandas/core/strings", {st_mode=S_IFDIR|S_ISGID|0755, st_size=4096, ...}) = 0
3686887 stat("/share/pkg.8/python3/3.12.4/install/lib/python3.12/site-packages/pandas/core/strings", {st_mode=S_IFDIR|S_ISGID|0755, st_size=4096, ...}) = 0
3686887 stat("/share/pkg.8/python3/3.12.4/install/lib/python3.12/site-packages/pandas/core/strings", {st_mode=S_IFDIR|S_ISGID|0755, st_size=4096, ...}) = 0
3686887 openat(AT_FDCWD, "/share/pkg.8/python3/3.12.4/install/lib/python3.12/site-packages/pandas/core/strings", O_RDONLY|O_NONBLOCK|O_CLOEXEC|O_DIRECTORY) = 3
3686887 stat("/share/pkg.8/python3/3.12.4/install/lib/python3.12/site-packages/pandas/core/strings/object_array.py", {st_mode=S_IFREG|0644, st_size=15438, ...}) = 0
3686887 stat("/share/pkg.8/python3/3.12.4/install/lib/python3.12/site-packages/pandas/core/strings/object_array.py", {st_mode=S_IFREG|0644, st_size=15438, ...}) = 0
3686887 openat(AT_FDCWD, "/share/pkg.8/python3/3.12.4/install/lib/python3.12/site-packages/pandas/core/strings/__pycache__/object_array.cpython-312.pyc", O_RDONLY|O_CLOEXEC) = 3
3686887 stat("/share/pkg.8/python3/3.12.4/install/lib/python3.12/site-packages/pandas/core/strings", {st_mode=S_IFDIR|S_ISGID|0755, st_size=4096, ...}) = 0
3686887 stat("/share/pkg.8/python3/3.12.4/install/lib/python3.12/site-packages/pandas/core/strings/base.py", {st_mode=S_IFREG|0644, st_size=5528, ...}) = 0
3686887 stat("/share/pkg.8/python3/3.12.4/install/lib/python3.12/site-packages/pandas/core/strings/base.py", {st_mode=S_IFREG|0644, st_size=5528, ...}) = 0
3686887 openat(AT_FDCWD, "/share/pkg.8/python3/3.12.4/install/lib/python3.12/site-packages/pandas/core/strings/__pycache__/base.cpython-312.pyc", O_RDONLY|O_CLOEXEC) = 3
3686887 stat("/share/pkg.8/python3/3.12.4/install/lib/python3.12/site-packages/pandas", {st_mode=S_IFDIR|S_ISGID|0755, st_size=4096, ...}) = 0
3686887 stat("/share/pkg.8/python3/3.12.4/install/lib/python3.12/site-packages/pandas/tseries/__init__.cpython-312-x86_64-linux-gnu.so", 0x7ffdb918b9f0) = -1 ENOENT (No such file or directory)
3686887 stat("/share/pkg.8/python3/3.12.4/install/lib/python3.12/site-packages/pandas/tseries/__init__.abi3.so", 0x7ffdb918b9f0) = -1 ENOENT (No such file or directory)
3686887 stat("/share/pkg.8/python3/3.12.4/install/lib/python3.12/site-packages/pandas/tseries/__init__.so", 0x7ffdb918b9f0) = -1 ENOENT (No such file or directory)
3686887 stat("/share/pkg.8/python3/3.12.4/install/lib/python3.12/site-packages/pandas/tseries/__init__.py", {st_mode=S_IFREG|0644, st_size=293, ...}) = 0
3686887 stat("/share/pkg.8/python3/3.12.4/install/lib/python3.12/site-packages/pandas/tseries/__init__.py", {st_mode=S_IFREG|0644, st_size=293, ...}) = 0
3686887 openat(AT_FDCWD, "/share/pkg.8/python3/3.12.4/install/lib/python3.12/site-packages/pandas/tseries/__pycache__/__init__.cpython-312.pyc", O_RDONLY|O_CLOEXEC) = 3
3686887 stat("/share/pkg.8/python3/3.12.4/install/lib/python3.12/site-packages/pandas/tseries", {st_mode=S_IFDIR|S_ISGID|0755, st_size=4096, ...}) = 0
3686887 stat("/share/pkg.8/python3/3.12.4/install/lib/python3.12/site-packages/pandas/tseries", {st_mode=S_IFDIR|S_ISGID|0755, st_size=4096, ...}) = 0
3686887 stat("/share/pkg.8/python3/3.12.4/install/lib/python3.12/site-packages/pandas/tseries", {st_mode=S_IFDIR|S_ISGID|0755, st_size=4096, ...}) = 0
3686887 openat(AT_FDCWD, "/share/pkg.8/python3/3.12.4/install/lib/python3.12/site-packages/pandas/tseries", O_RDONLY|O_NONBLOCK|O_CLOEXEC|O_DIRECTORY) = 3
3686887 stat("/share/pkg.8/python3/3.12.4/install/lib/python3.12/site-packages/pandas/tseries/frequencies.py", {st_mode=S_IFREG|0644, st_size=17686, ...}) = 0
3686887 stat("/share/pkg.8/python3/3.12.4/install/lib/python3.12/site-packages/pandas/tseries/frequencies.py", {st_mode=S_IFREG|0644, st_size=17686, ...}) = 0
3686887 openat(AT_FDCWD, "/share/pkg.8/python3/3.12.4/install/lib/python3.12/site-packages/pandas/tseries/__pycache__/frequencies.cpython-312.pyc", O_RDONLY|O_CLOEXEC) = 3
3686887 stat("/share/pkg.8/python3/3.12.4/install/lib/python3.12/site-packages/pandas/core/arrays", {st_mode=S_IFDIR|S_ISGID|0755, st_size=4096, ...}) = 0
3686887 stat("/share/pkg.8/python3/3.12.4/install/lib/python3.12/site-packages/pandas/core/arrays/boolean.py", {st_mode=S_IFREG|0644, st_size=12440, ...}) = 0
3686887 stat("/share/pkg.8/python3/3.12.4/install/lib/python3.12/site-packages/pandas/core/arrays/boolean.py", {st_mode=S_IFREG|0644, st_size=12440, ...}) = 0
3686887 openat(AT_FDCWD, "/share/pkg.8/python3/3.12.4/install/lib/python3.12/site-packages/pandas/core/arrays/__pycache__/boolean.cpython-312.pyc", O_RDONLY|O_CLOEXEC) = 3
3686887 stat("/share/pkg.8/python3/3.12.4/install/lib/python3.12/site-packages/pandas/core/arrays", {st_mode=S_IFDIR|S_ISGID|0755, st_size=4096, ...}) = 0
3686887 stat("/share/pkg.8/python3/3.12.4/install/lib/python3.12/site-packages/pandas/core/arrays/categorical.py", {st_mode=S_IFREG|0644, st_size=98997, ...}) = 0
3686887 stat("/share/pkg.8/python3/3.12.4/install/lib/python3.12/site-packages/pandas/core/arrays/categorical.py", {st_mode=S_IFREG|0644, st_size=98997, ...}) = 0
3686887 openat(AT_FDCWD, "/share/pkg.8/python3/3.12.4/install/lib/python3.12/site-packages/pandas/core/arrays/__pycache__/categorical.cpython-312.pyc", O_RDONLY|O_CLOEXEC) = 3
3686887 stat("/projectnb/rcs-intern/reetom/sif", {st_mode=S_IFDIR|S_ISGID|0755, st_size=4096, ...}) = 0
3686887 stat("/share/pkg.8/python3/3.12.4/install/lib/python3.12", {st_mode=S_IFDIR|S_ISGID|0755, st_size=8192, ...}) = 0
3686887 stat("/share/pkg.8/python3/3.12.4/install/lib/python3.12/csv.py", {st_mode=S_IFREG|0644, st_size=16386, ...}) = 0
3686887 stat("/share/pkg.8/python3/3.12.4/install/lib/python3.12/csv.py", {st_mode=S_IFREG|0644, st_size=16386, ...}) = 0
3686887 openat(AT_FDCWD, "/share/pkg.8/python3/3.12.4/install/lib/python3.12/__pycache__/csv.cpython-312.pyc", O_RDONLY|O_CLOEXEC) = 3
3686887 stat("/projectnb/rcs-intern/reetom/sif", {st_mode=S_IFDIR|S_ISGID|0755, st_size=4096, ...}) = 0
3686887 stat("/share/pkg.8/python3/3.12.4/install/lib/python3.12", {st_mode=S_IFDIR|S_ISGID|0755, st_size=8192, ...}) = 0
3686887 stat("/share/pkg.8/python3/3.12.4/install/lib/python3.12/lib-dynload", {st_mode=S_IFDIR|S_ISGID|0755, st_size=8192, ...}) = 0
3686887 stat("/share/pkg.8/python3/3.12.4/install/lib/python3.12/lib-dynload/_csv.cpython-312-x86_64-linux-gnu.so", {st_mode=S_IFREG|0755, st_size=129056, ...}) = 0
3686887 openat(AT_FDCWD, "/share/pkg.8/python3/3.12.4/install/lib/python3.12/lib-dynload/_csv.cpython-312-x86_64-linux-gnu.so", O_RDONLY|O_CLOEXEC) = 3
3686887 stat("/projectnb/rcs-intern/reetom/sif", {st_mode=S_IFDIR|S_ISGID|0755, st_size=4096, ...}) = 0
3686887 stat("/share/pkg.8/python3/3.12.4/install/lib/python3.12", {st_mode=S_IFDIR|S_ISGID|0755, st_size=8192, ...}) = 0
3686887 stat("/share/pkg.8/python3/3.12.4/install/lib/python3.12/shutil.py", {st_mode=S_IFREG|0644, st_size=56792, ...}) = 0
3686887 stat("/share/pkg.8/python3/3.12.4/install/lib/python3.12/shutil.py", {st_mode=S_IFREG|0644, st_size=56792, ...}) = 0
3686887 openat(AT_FDCWD, "/share/pkg.8/python3/3.12.4/install/lib/python3.12/__pycache__/shutil.cpython-312.pyc", O_RDONLY|O_CLOEXEC) = 3
3686887 stat("/projectnb/rcs-intern/reetom/sif", {st_mode=S_IFDIR|S_ISGID|0755, st_size=4096, ...}) = 0
3686887 stat("/share/pkg.8/python3/3.12.4/install/lib/python3.12", {st_mode=S_IFDIR|S_ISGID|0755, st_size=8192, ...}) = 0
3686887 stat("/share/pkg.8/python3/3.12.4/install/lib/python3.12/lib-dynload", {st_mode=S_IFDIR|S_ISGID|0755, st_size=8192, ...}) = 0
3686887 stat("/share/pkg.8/python3/3.12.4/install/lib/python3.12/lib-dynload/zlib.cpython-312-x86_64-linux-gnu.so", {st_mode=S_IFREG|0755, st_size=165744, ...}) = 0
3686887 openat(AT_FDCWD, "/share/pkg.8/python3/3.12.4/install/lib/python3.12/lib-dynload/zlib.cpython-312-x86_64-linux-gnu.so", O_RDONLY|O_CLOEXEC) = 3
3686887 stat("/share/pkg.8/python3/3.12.4/install/lib/python3.12/site-packages/pandas/core", {st_mode=S_IFDIR|S_ISGID|0755, st_size=4096, ...}) = 0
3686887 stat("/share/pkg.8/python3/3.12.4/install/lib/python3.12/site-packages/pandas/core/accessor.py", {st_mode=S_IFREG|0644, st_size=10044, ...}) = 0
3686887 stat("/share/pkg.8/python3/3.12.4/install/lib/python3.12/site-packages/pandas/core/accessor.py", {st_mode=S_IFREG|0644, st_size=10044, ...}) = 0
3686887 openat(AT_FDCWD, "/share/pkg.8/python3/3.12.4/install/lib/python3.12/site-packages/pandas/core/__pycache__/accessor.cpython-312.pyc", O_RDONLY|O_CLOEXEC) = 3
3686887 stat("/share/pkg.8/python3/3.12.4/install/lib/python3.12/site-packages/pandas/core", {st_mode=S_IFDIR|S_ISGID|0755, st_size=4096, ...}) = 0
3686887 stat("/share/pkg.8/python3/3.12.4/install/lib/python3.12/site-packages/pandas/core/base.py", {st_mode=S_IFREG|0644, st_size=40940, ...}) = 0
3686887 stat("/share/pkg.8/python3/3.12.4/install/lib/python3.12/site-packages/pandas/core/base.py", {st_mode=S_IFREG|0644, st_size=40940, ...}) = 0
3686887 openat(AT_FDCWD, "/share/pkg.8/python3/3.12.4/install/lib/python3.12/site-packages/pandas/core/__pycache__/base.cpython-312.pyc", O_RDONLY|O_CLOEXEC) = 3
3686887 stat("/share/pkg.8/python3/3.12.4/install/lib/python3.12/site-packages/pandas/io", {st_mode=S_IFDIR|S_ISGID|0755, st_size=4096, ...}) = 0
3686887 stat("/share/pkg.8/python3/3.12.4/install/lib/python3.12/site-packages/pandas/io/formats/__init__.cpython-312-x86_64-linux-gnu.so", 0x7ffdb918c610) = -1 ENOENT (No such file or directory)
3686887 stat("/share/pkg.8/python3/3.12.4/install/lib/python3.12/site-packages/pandas/io/formats/__init__.abi3.so", 0x7ffdb918c610) = -1 ENOENT (No such file or directory)
3686887 stat("/share/pkg.8/python3/3.12.4/install/lib/python3.12/site-packages/pandas/io/formats/__init__.so", 0x7ffdb918c610) = -1 ENOENT (No such file or directory)
3686887 stat("/share/pkg.8/python3/3.12.4/install/lib/python3.12/site-packages/pandas/io/formats/__init__.py", {st_mode=S_IFREG|0644, st_size=238, ...}) = 0
3686887 stat("/share/pkg.8/python3/3.12.4/install/lib/python3.12/site-packages/pandas/io/formats/__init__.py", {st_mode=S_IFREG|0644, st_size=238, ...}) = 0
3686887 openat(AT_FDCWD, "/share/pkg.8/python3/3.12.4/install/lib/python3.12/site-packages/pandas/io/formats/__pycache__/__init__.cpython-312.pyc", O_RDONLY|O_CLOEXEC) = 3
3686887 stat("/share/pkg.8/python3/3.12.4/install/lib/python3.12/site-packages/pandas/io/formats", {st_mode=S_IFDIR|S_ISGID|0755, st_size=4096, ...}) = 0
3686887 stat("/share/pkg.8/python3/3.12.4/install/lib/python3.12/site-packages/pandas/io/formats", {st_mode=S_IFDIR|S_ISGID|0755, st_size=4096, ...}) = 0
3686887 stat("/share/pkg.8/python3/3.12.4/install/lib/python3.12/site-packages/pandas/io/formats", {st_mode=S_IFDIR|S_ISGID|0755, st_size=4096, ...}) = 0
3686887 openat(AT_FDCWD, "/share/pkg.8/python3/3.12.4/install/lib/python3.12/site-packages/pandas/io/formats", O_RDONLY|O_NONBLOCK|O_CLOEXEC|O_DIRECTORY) = 3
3686887 stat("/share/pkg.8/python3/3.12.4/install/lib/python3.12/site-packages/pandas/io/formats/console.py", {st_mode=S_IFREG|0644, st_size=2748, ...}) = 0
3686887 stat("/share/pkg.8/python3/3.12.4/install/lib/python3.12/site-packages/pandas/io/formats/console.py", {st_mode=S_IFREG|0644, st_size=2748, ...}) = 0
3686887 openat(AT_FDCWD, "/share/pkg.8/python3/3.12.4/install/lib/python3.12/site-packages/pandas/io/formats/__pycache__/console.cpython-312.pyc", O_RDONLY|O_CLOEXEC) = 3
3686887 stat("/share/pkg.8/python3/3.12.4/install/lib/python3.12/site-packages/pandas/core/arrays", {st_mode=S_IFDIR|S_ISGID|0755, st_size=4096, ...}) = 0
3686887 stat("/share/pkg.8/python3/3.12.4/install/lib/python3.12/site-packages/pandas/core/arrays/datetimes.py", {st_mode=S_IFREG|0644, st_size=92345, ...}) = 0
3686887 stat("/share/pkg.8/python3/3.12.4/install/lib/python3.12/site-packages/pandas/core/arrays/datetimes.py", {st_mode=S_IFREG|0644, st_size=92345, ...}) = 0
3686887 openat(AT_FDCWD, "/share/pkg.8/python3/3.12.4/install/lib/python3.12/site-packages/pandas/core/arrays/__pycache__/datetimes.cpython-312.pyc", O_RDONLY|O_CLOEXEC) = 3
3686887 stat("/share/pkg.8/python3/3.12.4/install/lib/python3.12/site-packages/pandas/_libs", {st_mode=S_IFDIR|S_ISGID|0755, st_size=4096, ...}) = 0
3686887 stat("/share/pkg.8/python3/3.12.4/install/lib/python3.12/site-packages/pandas/_libs/tslib.cpython-312-x86_64-linux-gnu.so", {st_mode=S_IFREG|0755, st_size=327944, ...}) = 0
3686887 openat(AT_FDCWD, "/share/pkg.8/python3/3.12.4/install/lib/python3.12/site-packages/pandas/_libs/tslib.cpython-312-x86_64-linux-gnu.so", O_RDONLY|O_CLOEXEC) = 3
3686887 stat("/share/pkg.8/python3/3.12.4/install/lib/python3.12/site-packages/pandas/core/arrays", {st_mode=S_IFDIR|S_ISGID|0755, st_size=4096, ...}) = 0
3686887 stat("/share/pkg.8/python3/3.12.4/install/lib/python3.12/site-packages/pandas/core/arrays/datetimelike.py", {st_mode=S_IFREG|0644, st_size=89288, ...}) = 0
3686887 stat("/share/pkg.8/python3/3.12.4/install/lib/python3.12/site-packages/pandas/core/arrays/datetimelike.py", {st_mode=S_IFREG|0644, st_size=89288, ...}) = 0
3686887 openat(AT_FDCWD, "/share/pkg.8/python3/3.12.4/install/lib/python3.12/site-packages/pandas/core/arrays/__pycache__/datetimelike.cpython-312.pyc", O_RDONLY|O_CLOEXEC) = 3
3686887 stat("/share/pkg.8/python3/3.12.4/install/lib/python3.12/site-packages/pandas/core/array_algos", {st_mode=S_IFDIR|S_ISGID|0755, st_size=4096, ...}) = 0
3686887 stat("/share/pkg.8/python3/3.12.4/install/lib/python3.12/site-packages/pandas/core/array_algos/datetimelike_accumulations.py", {st_mode=S_IFREG|0644, st_size=1686, ...}) = 0
3686887 stat("/share/pkg.8/python3/3.12.4/install/lib/python3.12/site-packages/pandas/core/array_algos/datetimelike_accumulations.py", {st_mode=S_IFREG|0644, st_size=1686, ...}) = 0
3686887 openat(AT_FDCWD, "/share/pkg.8/python3/3.12.4/install/lib/python3.12/site-packages/pandas/core/array_algos/__pycache__/datetimelike_accumulations.cpython-312.pyc", O_RDONLY|O_CLOEXEC) = 3
3686887 stat("/share/pkg.8/python3/3.12.4/install/lib/python3.12/site-packages/pandas/core/arrays", {st_mode=S_IFDIR|S_ISGID|0755, st_size=4096, ...}) = 0
3686887 stat("/share/pkg.8/python3/3.12.4/install/lib/python3.12/site-packages/pandas/core/arrays/_ranges.py", {st_mode=S_IFREG|0644, st_size=6996, ...}) = 0
3686887 stat("/share/pkg.8/python3/3.12.4/install/lib/python3.12/site-packages/pandas/core/arrays/_ranges.py", {st_mode=S_IFREG|0644, st_size=6996, ...}) = 0
3686887 openat(AT_FDCWD, "/share/pkg.8/python3/3.12.4/install/lib/python3.12/site-packages/pandas/core/arrays/__pycache__/_ranges.cpython-312.pyc", O_RDONLY|O_CLOEXEC) = 3
3686887 stat("/share/pkg.8/python3/3.12.4/install/lib/python3.12/site-packages/pandas/tseries", {st_mode=S_IFDIR|S_ISGID|0755, st_size=4096, ...}) = 0
3686887 stat("/share/pkg.8/python3/3.12.4/install/lib/python3.12/site-packages/pandas/tseries/offsets.py", {st_mode=S_IFREG|0644, st_size=1531, ...}) = 0
3686887 stat("/share/pkg.8/python3/3.12.4/install/lib/python3.12/site-packages/pandas/tseries/offsets.py", {st_mode=S_IFREG|0644, st_size=1531, ...}) = 0
3686887 openat(AT_FDCWD, "/share/pkg.8/python3/3.12.4/install/lib/python3.12/site-packages/pandas/tseries/__pycache__/offsets.cpython-312.pyc", O_RDONLY|O_CLOEXEC) = 3
3686887 stat("/share/pkg.8/python3/3.12.4/install/lib/python3.12/site-packages/pandas/core/arrays", {st_mode=S_IFDIR|S_ISGID|0755, st_size=4096, ...}) = 0
3686887 stat("/share/pkg.8/python3/3.12.4/install/lib/python3.12/site-packages/pandas/core/arrays/interval.py", {st_mode=S_IFREG|0644, st_size=63176, ...}) = 0
3686887 stat("/share/pkg.8/python3/3.12.4/install/lib/python3.12/site-packages/pandas/core/arrays/interval.py", {st_mode=S_IFREG|0644, st_size=63176, ...}) = 0
3686887 openat(AT_FDCWD, "/share/pkg.8/python3/3.12.4/install/lib/python3.12/site-packages/pandas/core/arrays/__pycache__/interval.cpython-312.pyc", O_RDONLY|O_CLOEXEC) = 3
3686887 stat("/share/pkg.8/python3/3.12.4/install/lib/python3.12/site-packages/pandas/core/arrays", {st_mode=S_IFDIR|S_ISGID|0755, st_size=4096, ...}) = 0
3686887 stat("/share/pkg.8/python3/3.12.4/install/lib/python3.12/site-packages/pandas/core/arrays/timedeltas.py", {st_mode=S_IFREG|0644, st_size=37370, ...}) = 0
3686887 stat("/share/pkg.8/python3/3.12.4/install/lib/python3.12/site-packages/pandas/core/arrays/timedeltas.py", {st_mode=S_IFREG|0644, st_size=37370, ...}) = 0
3686887 openat(AT_FDCWD, "/share/pkg.8/python3/3.12.4/install/lib/python3.12/site-packages/pandas/core/arrays/__pycache__/timedeltas.cpython-312.pyc", O_RDONLY|O_CLOEXEC) = 3
3686887 stat("/share/pkg.8/python3/3.12.4/install/lib/python3.12/site-packages/pandas/core/arrays", {st_mode=S_IFDIR|S_ISGID|0755, st_size=4096, ...}) = 0
3686887 stat("/share/pkg.8/python3/3.12.4/install/lib/python3.12/site-packages/pandas/core/arrays/period.py", {st_mode=S_IFREG|0644, st_size=40756, ...}) = 0
3686887 stat("/share/pkg.8/python3/3.12.4/install/lib/python3.12/site-packages/pandas/core/arrays/period.py", {st_mode=S_IFREG|0644, st_size=40756, ...}) = 0
3686887 openat(AT_FDCWD, "/share/pkg.8/python3/3.12.4/install/lib/python3.12/site-packages/pandas/core/arrays/__pycache__/period.cpython-312.pyc", O_RDONLY|O_CLOEXEC) = 3
3686887 stat("/share/pkg.8/python3/3.12.4/install/lib/python3.12/site-packages/pandas/core/arrays", {st_mode=S_IFDIR|S_ISGID|0755, st_size=4096, ...}) = 0
3686887 stat("/share/pkg.8/python3/3.12.4/install/lib/python3.12/site-packages/pandas/core/arrays/sparse/__init__.cpython-312-x86_64-linux-gnu.so", 0x7ffdb918cd30) = -1 ENOENT (No such file or directory)
3686887 stat("/share/pkg.8/python3/3.12.4/install/lib/python3.12/site-packages/pandas/core/arrays/sparse/__init__.abi3.so", 0x7ffdb918cd30) = -1 ENOENT (No such file or directory)
3686887 stat("/share/pkg.8/python3/3.12.4/install/lib/python3.12/site-packages/pandas/core/arrays/sparse/__init__.so", 0x7ffdb918cd30) = -1 ENOENT (No such file or directory)
3686887 stat("/share/pkg.8/python3/3.12.4/install/lib/python3.12/site-packages/pandas/core/arrays/sparse/__init__.py", {st_mode=S_IFREG|0644, st_size=356, ...}) = 0
3686887 stat("/share/pkg.8/python3/3.12.4/install/lib/python3.12/site-packages/pandas/core/arrays/sparse/__init__.py", {st_mode=S_IFREG|0644, st_size=356, ...}) = 0
3686887 openat(AT_FDCWD, "/share/pkg.8/python3/3.12.4/install/lib/python3.12/site-packages/pandas/core/arrays/sparse/__pycache__/__init__.cpython-312.pyc", O_RDONLY|O_CLOEXEC) = 3
3686887 stat("/share/pkg.8/python3/3.12.4/install/lib/python3.12/site-packages/pandas/core/arrays/sparse", {st_mode=S_IFDIR|S_ISGID|0755, st_size=4096, ...}) = 0
3686887 stat("/share/pkg.8/python3/3.12.4/install/lib/python3.12/site-packages/pandas/core/arrays/sparse", {st_mode=S_IFDIR|S_ISGID|0755, st_size=4096, ...}) = 0
3686887 stat("/share/pkg.8/python3/3.12.4/install/lib/python3.12/site-packages/pandas/core/arrays/sparse", {st_mode=S_IFDIR|S_ISGID|0755, st_size=4096, ...}) = 0
3686887 openat(AT_FDCWD, "/share/pkg.8/python3/3.12.4/install/lib/python3.12/site-packages/pandas/core/arrays/sparse", O_RDONLY|O_NONBLOCK|O_CLOEXEC|O_DIRECTORY) = 3
3686887 stat("/share/pkg.8/python3/3.12.4/install/lib/python3.12/site-packages/pandas/core/arrays/sparse/accessor.py", {st_mode=S_IFREG|0644, st_size=12535, ...}) = 0
3686887 stat("/share/pkg.8/python3/3.12.4/install/lib/python3.12/site-packages/pandas/core/arrays/sparse/accessor.py", {st_mode=S_IFREG|0644, st_size=12535, ...}) = 0
3686887 openat(AT_FDCWD, "/share/pkg.8/python3/3.12.4/install/lib/python3.12/site-packages/pandas/core/arrays/sparse/__pycache__/accessor.cpython-312.pyc", O_RDONLY|O_CLOEXEC) = 3
3686887 stat("/share/pkg.8/python3/3.12.4/install/lib/python3.12/site-packages/pandas/core/arrays/sparse", {st_mode=S_IFDIR|S_ISGID|0755, st_size=4096, ...}) = 0
3686887 stat("/share/pkg.8/python3/3.12.4/install/lib/python3.12/site-packages/pandas/core/arrays/sparse/array.py", {st_mode=S_IFREG|0644, st_size=63884, ...}) = 0
3686887 stat("/share/pkg.8/python3/3.12.4/install/lib/python3.12/site-packages/pandas/core/arrays/sparse/array.py", {st_mode=S_IFREG|0644, st_size=63884, ...}) = 0
3686887 openat(AT_FDCWD, "/share/pkg.8/python3/3.12.4/install/lib/python3.12/site-packages/pandas/core/arrays/sparse/__pycache__/array.cpython-312.pyc", O_RDONLY|O_CLOEXEC) = 3
3686887 stat("/share/pkg.8/python3/3.12.4/install/lib/python3.12/site-packages/pandas/_libs", {st_mode=S_IFDIR|S_ISGID|0755, st_size=4096, ...}) = 0
3686887 stat("/share/pkg.8/python3/3.12.4/install/lib/python3.12/site-packages/pandas/_libs/sparse.cpython-312-x86_64-linux-gnu.so", {st_mode=S_IFREG|0755, st_size=919176, ...}) = 0
3686887 openat(AT_FDCWD, "/share/pkg.8/python3/3.12.4/install/lib/python3.12/site-packages/pandas/_libs/sparse.cpython-312-x86_64-linux-gnu.so", O_RDONLY|O_CLOEXEC) = 3
3686887 stat("/share/pkg.8/python3/3.12.4/install/lib/python3.12/site-packages/pandas/io/formats", {st_mode=S_IFDIR|S_ISGID|0755, st_size=4096, ...}) = 0
3686887 stat("/share/pkg.8/python3/3.12.4/install/lib/python3.12/site-packages/pandas/io/formats/printing.py", {st_mode=S_IFREG|0644, st_size=17950, ...}) = 0
3686887 stat("/share/pkg.8/python3/3.12.4/install/lib/python3.12/site-packages/pandas/io/formats/printing.py", {st_mode=S_IFREG|0644, st_size=17950, ...}) = 0
3686887 openat(AT_FDCWD, "/share/pkg.8/python3/3.12.4/install/lib/python3.12/site-packages/pandas/io/formats/__pycache__/printing.cpython-312.pyc", O_RDONLY|O_CLOEXEC) = 3
3686887 stat("/share/pkg.8/python3/3.12.4/install/lib/python3.12/site-packages/pandas/core/arrays", {st_mode=S_IFDIR|S_ISGID|0755, st_size=4096, ...}) = 0
3686887 stat("/share/pkg.8/python3/3.12.4/install/lib/python3.12/site-packages/pandas/core/arrays/string_arrow.py", {st_mode=S_IFREG|0644, st_size=24804, ...}) = 0
3686887 stat("/share/pkg.8/python3/3.12.4/install/lib/python3.12/site-packages/pandas/core/arrays/string_arrow.py", {st_mode=S_IFREG|0644, st_size=24804, ...}) = 0
3686887 openat(AT_FDCWD, "/share/pkg.8/python3/3.12.4/install/lib/python3.12/site-packages/pandas/core/arrays/__pycache__/string_arrow.cpython-312.pyc", O_RDONLY|O_CLOEXEC) = 3
3686887 stat("/share/pkg.8/python3/3.12.4/install/lib/python3.12/site-packages/pandas/core/arrays/arrow", {st_mode=S_IFDIR|S_ISGID|0755, st_size=4096, ...}) = 0
3686887 stat("/share/pkg.8/python3/3.12.4/install/lib/python3.12/site-packages/pandas/core/arrays/arrow/_arrow_utils.py", {st_mode=S_IFREG|0644, st_size=2151, ...}) = 0
3686887 stat("/share/pkg.8/python3/3.12.4/install/lib/python3.12/site-packages/pandas/core/arrays/arrow/_arrow_utils.py", {st_mode=S_IFREG|0644, st_size=2151, ...}) = 0
3686887 openat(AT_FDCWD, "/share/pkg.8/python3/3.12.4/install/lib/python3.12/site-packages/pandas/core/arrays/arrow/__pycache__/_arrow_utils.cpython-312.pyc", O_RDONLY|O_CLOEXEC) = 3
3686887 stat("/share/pkg.8/python3/3.12.4/install/lib/python3.12/site-packages/pandas/core", {st_mode=S_IFDIR|S_ISGID|0755, st_size=4096, ...}) = 0
3686887 stat("/share/pkg.8/python3/3.12.4/install/lib/python3.12/site-packages/pandas/core/flags.py", {st_mode=S_IFREG|0644, st_size=3763, ...}) = 0
3686887 stat("/share/pkg.8/python3/3.12.4/install/lib/python3.12/site-packages/pandas/core/flags.py", {st_mode=S_IFREG|0644, st_size=3763, ...}) = 0
3686887 openat(AT_FDCWD, "/share/pkg.8/python3/3.12.4/install/lib/python3.12/site-packages/pandas/core/__pycache__/flags.cpython-312.pyc", O_RDONLY|O_CLOEXEC) = 3
3686887 stat("/share/pkg.8/python3/3.12.4/install/lib/python3.12/site-packages/pandas/core", {st_mode=S_IFDIR|S_ISGID|0755, st_size=4096, ...}) = 0
3686887 stat("/share/pkg.8/python3/3.12.4/install/lib/python3.12/site-packages/pandas/core/groupby/__init__.cpython-312-x86_64-linux-gnu.so", 0x7ffdb918d450) = -1 ENOENT (No such file or directory)
3686887 stat("/share/pkg.8/python3/3.12.4/install/lib/python3.12/site-packages/pandas/core/groupby/__init__.abi3.so", 0x7ffdb918d450) = -1 ENOENT (No such file or directory)
3686887 stat("/share/pkg.8/python3/3.12.4/install/lib/python3.12/site-packages/pandas/core/groupby/__init__.so", 0x7ffdb918d450) = -1 ENOENT (No such file or directory)
3686887 stat("/share/pkg.8/python3/3.12.4/install/lib/python3.12/site-packages/pandas/core/groupby/__init__.py", {st_mode=S_IFREG|0644, st_size=301, ...}) = 0
3686887 stat("/share/pkg.8/python3/3.12.4/install/lib/python3.12/site-packages/pandas/core/groupby/__init__.py", {st_mode=S_IFREG|0644, st_size=301, ...}) = 0
3686887 openat(AT_FDCWD, "/share/pkg.8/python3/3.12.4/install/lib/python3.12/site-packages/pandas/core/groupby/__pycache__/__init__.cpython-312.pyc", O_RDONLY|O_CLOEXEC) = 3
3686887 stat("/share/pkg.8/python3/3.12.4/install/lib/python3.12/site-packages/pandas/core/groupby", {st_mode=S_IFDIR|S_ISGID|0755, st_size=4096, ...}) = 0
3686887 stat("/share/pkg.8/python3/3.12.4/install/lib/python3.12/site-packages/pandas/core/groupby", {st_mode=S_IFDIR|S_ISGID|0755, st_size=4096, ...}) = 0
3686887 stat("/share/pkg.8/python3/3.12.4/install/lib/python3.12/site-packages/pandas/core/groupby", {st_mode=S_IFDIR|S_ISGID|0755, st_size=4096, ...}) = 0
3686887 openat(AT_FDCWD, "/share/pkg.8/python3/3.12.4/install/lib/python3.12/site-packages/pandas/core/groupby", O_RDONLY|O_NONBLOCK|O_CLOEXEC|O_DIRECTORY) = 3
3686887 stat("/share/pkg.8/python3/3.12.4/install/lib/python3.12/site-packages/pandas/core/groupby/generic.py", {st_mode=S_IFREG|0644, st_size=96885, ...}) = 0
3686887 stat("/share/pkg.8/python3/3.12.4/install/lib/python3.12/site-packages/pandas/core/groupby/generic.py", {st_mode=S_IFREG|0644, st_size=96885, ...}) = 0
3686887 openat(AT_FDCWD, "/share/pkg.8/python3/3.12.4/install/lib/python3.12/site-packages/pandas/core/groupby/__pycache__/generic.cpython-312.pyc", O_RDONLY|O_CLOEXEC) = 3
3686887 stat("/share/pkg.8/python3/3.12.4/install/lib/python3.12/site-packages/pandas/core", {st_mode=S_IFDIR|S_ISGID|0755, st_size=4096, ...}) = 0
3686887 stat("/share/pkg.8/python3/3.12.4/install/lib/python3.12/site-packages/pandas/core/apply.py", {st_mode=S_IFREG|0644, st_size=67345, ...}) = 0
3686887 stat("/share/pkg.8/python3/3.12.4/install/lib/python3.12/site-packages/pandas/core/apply.py", {st_mode=S_IFREG|0644, st_size=67345, ...}) = 0
3686887 openat(AT_FDCWD, "/share/pkg.8/python3/3.12.4/install/lib/python3.12/site-packages/pandas/core/__pycache__/apply.cpython-312.pyc", O_RDONLY|O_CLOEXEC) = 3
3686887 stat("/share/pkg.8/python3/3.12.4/install/lib/python3.12/site-packages/pandas/_libs", {st_mode=S_IFDIR|S_ISGID|0755, st_size=4096, ...}) = 0
3686887 stat("/share/pkg.8/python3/3.12.4/install/lib/python3.12/site-packages/pandas/_libs/internals.cpython-312-x86_64-linux-gnu.so", {st_mode=S_IFREG|0755, st_size=403272, ...}) = 0
3686887 openat(AT_FDCWD, "/share/pkg.8/python3/3.12.4/install/lib/python3.12/site-packages/pandas/_libs/internals.cpython-312-x86_64-linux-gnu.so", O_RDONLY|O_CLOEXEC) = 3
3686887 stat("/projectnb/rcs-intern/reetom/sif", {st_mode=S_IFDIR|S_ISGID|0755, st_size=4096, ...}) = 0
3686887 stat("/share/pkg.8/python3/3.12.4/install/lib/python3.12", {st_mode=S_IFDIR|S_ISGID|0755, st_size=8192, ...}) = 0
3686887 stat("/share/pkg.8/python3/3.12.4/install/lib/python3.12/lib-dynload", {st_mode=S_IFDIR|S_ISGID|0755, st_size=8192, ...}) = 0
3686887 stat("/share/pkg.8/python3/3.12.4/install/lib/python3.12/site-packages", {st_mode=S_IFDIR|S_ISGID|0755, st_size=131072, ...}) = 0
3686887 stat("/share/pkg.8/python3/3.12.4/install/lib/python3.12/site-packages/pandas/core", {st_mode=S_IFDIR|S_ISGID|0755, st_size=4096, ...}) = 0
3686887 stat("/share/pkg.8/python3/3.12.4/install/lib/python3.12/site-packages/pandas/core/_numba/__init__.cpython-312-x86_64-linux-gnu.so", 0x7ffdb918b9f0) = -1 ENOENT (No such file or directory)
3686887 stat("/share/pkg.8/python3/3.12.4/install/lib/python3.12/site-packages/pandas/core/_numba/__init__.abi3.so", 0x7ffdb918b9f0) = -1 ENOENT (No such file or directory)
3686887 stat("/share/pkg.8/python3/3.12.4/install/lib/python3.12/site-packages/pandas/core/_numba/__init__.so", 0x7ffdb918b9f0) = -1 ENOENT (No such file or directory)
3686887 stat("/share/pkg.8/python3/3.12.4/install/lib/python3.12/site-packages/pandas/core/_numba/__init__.py", {st_mode=S_IFREG|0644, st_size=0, ...}) = 0
3686887 stat("/share/pkg.8/python3/3.12.4/install/lib/python3.12/site-packages/pandas/core/_numba/__init__.py", {st_mode=S_IFREG|0644, st_size=0, ...}) = 0
3686887 openat(AT_FDCWD, "/share/pkg.8/python3/3.12.4/install/lib/python3.12/site-packages/pandas/core/_numba/__pycache__/__init__.cpython-312.pyc", O_RDONLY|O_CLOEXEC) = 3
3686887 stat("/share/pkg.8/python3/3.12.4/install/lib/python3.12/site-packages/pandas/core/_numba", {st_mode=S_IFDIR|S_ISGID|0755, st_size=4096, ...}) = 0
3686887 stat("/share/pkg.8/python3/3.12.4/install/lib/python3.12/site-packages/pandas/core/_numba", {st_mode=S_IFDIR|S_ISGID|0755, st_size=4096, ...}) = 0
3686887 stat("/share/pkg.8/python3/3.12.4/install/lib/python3.12/site-packages/pandas/core/_numba", {st_mode=S_IFDIR|S_ISGID|0755, st_size=4096, ...}) = 0
3686887 openat(AT_FDCWD, "/share/pkg.8/python3/3.12.4/install/lib/python3.12/site-packages/pandas/core/_numba", O_RDONLY|O_NONBLOCK|O_CLOEXEC|O_DIRECTORY) = 3
3686887 stat("/share/pkg.8/python3/3.12.4/install/lib/python3.12/site-packages/pandas/core/_numba/executor.py", {st_mode=S_IFREG|0644, st_size=7530, ...}) = 0
3686887 stat("/share/pkg.8/python3/3.12.4/install/lib/python3.12/site-packages/pandas/core/_numba/executor.py", {st_mode=S_IFREG|0644, st_size=7530, ...}) = 0
3686887 openat(AT_FDCWD, "/share/pkg.8/python3/3.12.4/install/lib/python3.12/site-packages/pandas/core/_numba/__pycache__/executor.cpython-312.pyc", O_RDONLY|O_CLOEXEC) = 3
3686887 stat("/share/pkg.8/python3/3.12.4/install/lib/python3.12/site-packages/pandas/core", {st_mode=S_IFDIR|S_ISGID|0755, st_size=4096, ...}) = 0
3686887 stat("/share/pkg.8/python3/3.12.4/install/lib/python3.12/site-packages/pandas/core/frame.py", {st_mode=S_IFREG|0644, st_size=447104, ...}) = 0
3686887 stat("/share/pkg.8/python3/3.12.4/install/lib/python3.12/site-packages/pandas/core/frame.py", {st_mode=S_IFREG|0644, st_size=447104, ...}) = 0
3686887 openat(AT_FDCWD, "/share/pkg.8/python3/3.12.4/install/lib/python3.12/site-packages/pandas/core/__pycache__/frame.cpython-312.pyc", O_RDONLY|O_CLOEXEC) = 3
3686887 stat("/share/pkg.8/python3/3.12.4/install/lib/python3.12/site-packages/pandas/core", {st_mode=S_IFDIR|S_ISGID|0755, st_size=4096, ...}) = 0
3686887 stat("/share/pkg.8/python3/3.12.4/install/lib/python3.12/site-packages/pandas/core/generic.py", {st_mode=S_IFREG|0644, st_size=474370, ...}) = 0
3686887 stat("/share/pkg.8/python3/3.12.4/install/lib/python3.12/site-packages/pandas/core/generic.py", {st_mode=S_IFREG|0644, st_size=474370, ...}) = 0
3686887 openat(AT_FDCWD, "/share/pkg.8/python3/3.12.4/install/lib/python3.12/site-packages/pandas/core/__pycache__/generic.cpython-312.pyc", O_RDONLY|O_CLOEXEC) = 3
3686887 stat("/share/pkg.8/python3/3.12.4/install/lib/python3.12/site-packages/pandas/core", {st_mode=S_IFDIR|S_ISGID|0755, st_size=4096, ...}) = 0
3686887 stat("/share/pkg.8/python3/3.12.4/install/lib/python3.12/site-packages/pandas/core/indexing.py", {st_mode=S_IFREG|0644, st_size=97236, ...}) = 0
3686887 stat("/share/pkg.8/python3/3.12.4/install/lib/python3.12/site-packages/pandas/core/indexing.py", {st_mode=S_IFREG|0644, st_size=97236, ...}) = 0
3686887 openat(AT_FDCWD, "/share/pkg.8/python3/3.12.4/install/lib/python3.12/site-packages/pandas/core/__pycache__/indexing.cpython-312.pyc", O_RDONLY|O_CLOEXEC) = 3
3686887 stat("/share/pkg.8/python3/3.12.4/install/lib/python3.12/site-packages/pandas/_libs", {st_mode=S_IFDIR|S_ISGID|0755, st_size=4096, ...}) = 0
3686887 stat("/share/pkg.8/python3/3.12.4/install/lib/python3.12/site-packages/pandas/_libs/indexing.cpython-312-x86_64-linux-gnu.so", {st_mode=S_IFREG|0755, st_size=70656, ...}) = 0
3686887 openat(AT_FDCWD, "/share/pkg.8/python3/3.12.4/install/lib/python3.12/site-packages/pandas/_libs/indexing.cpython-312-x86_64-linux-gnu.so", O_RDONLY|O_CLOEXEC) = 3
3686887 stat("/share/pkg.8/python3/3.12.4/install/lib/python3.12/site-packages/pandas/core", {st_mode=S_IFDIR|S_ISGID|0755, st_size=4096, ...}) = 0
3686887 stat("/share/pkg.8/python3/3.12.4/install/lib/python3.12/site-packages/pandas/core/indexes/__init__.cpython-312-x86_64-linux-gnu.so", 0x7ffdb918a6b0) = -1 ENOENT (No such file or directory)
3686887 stat("/share/pkg.8/python3/3.12.4/install/lib/python3.12/site-packages/pandas/core/indexes/__init__.abi3.so", 0x7ffdb918a6b0) = -1 ENOENT (No such file or directory)
3686887 stat("/share/pkg.8/python3/3.12.4/install/lib/python3.12/site-packages/pandas/core/indexes/__init__.so", 0x7ffdb918a6b0) = -1 ENOENT (No such file or directory)
3686887 stat("/share/pkg.8/python3/3.12.4/install/lib/python3.12/site-packages/pandas/core/indexes/__init__.py", {st_mode=S_IFREG|0644, st_size=0, ...}) = 0
3686887 stat("/share/pkg.8/python3/3.12.4/install/lib/python3.12/site-packages/pandas/core/indexes/__init__.py", {st_mode=S_IFREG|0644, st_size=0, ...}) = 0
3686887 openat(AT_FDCWD, "/share/pkg.8/python3/3.12.4/install/lib/python3.12/site-packages/pandas/core/indexes/__pycache__/__init__.cpython-312.pyc", O_RDONLY|O_CLOEXEC) = 3
3686887 stat("/share/pkg.8/python3/3.12.4/install/lib/python3.12/site-packages/pandas/core/indexes", {st_mode=S_IFDIR|S_ISGID|0755, st_size=4096, ...}) = 0
3686887 stat("/share/pkg.8/python3/3.12.4/install/lib/python3.12/site-packages/pandas/core/indexes", {st_mode=S_IFDIR|S_ISGID|0755, st_size=4096, ...}) = 0
3686887 stat("/share/pkg.8/python3/3.12.4/install/lib/python3.12/site-packages/pandas/core/indexes", {st_mode=S_IFDIR|S_ISGID|0755, st_size=4096, ...}) = 0
3686887 openat(AT_FDCWD, "/share/pkg.8/python3/3.12.4/install/lib/python3.12/site-packages/pandas/core/indexes", O_RDONLY|O_NONBLOCK|O_CLOEXEC|O_DIRECTORY) = 3
3686887 stat("/share/pkg.8/python3/3.12.4/install/lib/python3.12/site-packages/pandas/core/indexes/api.py", {st_mode=S_IFREG|0644, st_size=10426, ...}) = 0
3686887 stat("/share/pkg.8/python3/3.12.4/install/lib/python3.12/site-packages/pandas/core/indexes/api.py", {st_mode=S_IFREG|0644, st_size=10426, ...}) = 0
3686887 openat(AT_FDCWD, "/share/pkg.8/python3/3.12.4/install/lib/python3.12/site-packages/pandas/core/indexes/__pycache__/api.cpython-312.pyc", O_RDONLY|O_CLOEXEC) = 3
3686887 stat("/share/pkg.8/python3/3.12.4/install/lib/python3.12/site-packages/pandas/core/indexes", {st_mode=S_IFDIR|S_ISGID|0755, st_size=4096, ...}) = 0
3686887 stat("/share/pkg.8/python3/3.12.4/install/lib/python3.12/site-packages/pandas/core/indexes/base.py", {st_mode=S_IFREG|0644, st_size=264290, ...}) = 0
3686887 stat("/share/pkg.8/python3/3.12.4/install/lib/python3.12/site-packages/pandas/core/indexes/base.py", {st_mode=S_IFREG|0644, st_size=264290, ...}) = 0
3686887 openat(AT_FDCWD, "/share/pkg.8/python3/3.12.4/install/lib/python3.12/site-packages/pandas/core/indexes/__pycache__/base.cpython-312.pyc", O_RDONLY|O_CLOEXEC) = 3
3686887 stat("/share/pkg.8/python3/3.12.4/install/lib/python3.12/site-packages/pandas/_libs", {st_mode=S_IFDIR|S_ISGID|0755, st_size=4096, ...}) = 0
3686887 stat("/share/pkg.8/python3/3.12.4/install/lib/python3.12/site-packages/pandas/_libs/index.cpython-312-x86_64-linux-gnu.so", {st_mode=S_IFREG|0755, st_size=934728, ...}) = 0
3686887 openat(AT_FDCWD, "/share/pkg.8/python3/3.12.4/install/lib/python3.12/site-packages/pandas/_libs/index.cpython-312-x86_64-linux-gnu.so", O_RDONLY|O_CLOEXEC) = 3
3686887 stat("/projectnb/rcs-intern/reetom/sif", {st_mode=S_IFDIR|S_ISGID|0755, st_size=4096, ...}) = 0
3686887 stat("/share/pkg.8/python3/3.12.4/install/lib/python3.12", {st_mode=S_IFDIR|S_ISGID|0755, st_size=8192, ...}) = 0
3686887 stat("/share/pkg.8/python3/3.12.4/install/lib/python3.12/lib-dynload", {st_mode=S_IFDIR|S_ISGID|0755, st_size=8192, ...}) = 0
3686887 stat("/share/pkg.8/python3/3.12.4/install/lib/python3.12/site-packages", {st_mode=S_IFDIR|S_ISGID|0755, st_size=131072, ...}) = 0
3686887 stat("/share/pkg.8/python3/3.12.4/install/lib/python3.12/site-packages/pandas/_libs", {st_mode=S_IFDIR|S_ISGID|0755, st_size=4096, ...}) = 0
3686887 stat("/share/pkg.8/python3/3.12.4/install/lib/python3.12/site-packages/pandas/_libs/writers.cpython-312-x86_64-linux-gnu.so", {st_mode=S_IFREG|0755, st_size=254856, ...}) = 0
3686887 openat(AT_FDCWD, "/share/pkg.8/python3/3.12.4/install/lib/python3.12/site-packages/pandas/_libs/writers.cpython-312-x86_64-linux-gnu.so", O_RDONLY|O_CLOEXEC) = 3
3686887 stat("/share/pkg.8/python3/3.12.4/install/lib/python3.12/site-packages/pandas/_libs", {st_mode=S_IFDIR|S_ISGID|0755, st_size=4096, ...}) = 0
3686887 stat("/share/pkg.8/python3/3.12.4/install/lib/python3.12/site-packages/pandas/_libs/join.cpython-312-x86_64-linux-gnu.so", {st_mode=S_IFREG|0755, st_size=1368968, ...}) = 0
3686887 openat(AT_FDCWD, "/share/pkg.8/python3/3.12.4/install/lib/python3.12/site-packages/pandas/_libs/join.cpython-312-x86_64-linux-gnu.so", O_RDONLY|O_CLOEXEC) = 3
3686887 stat("/share/pkg.8/python3/3.12.4/install/lib/python3.12/site-packages/pandas/core/array_algos", {st_mode=S_IFDIR|S_ISGID|0755, st_size=4096, ...}) = 0
3686887 stat("/share/pkg.8/python3/3.12.4/install/lib/python3.12/site-packages/pandas/core/array_algos/putmask.py", {st_mode=S_IFREG|0644, st_size=4593, ...}) = 0
3686887 stat("/share/pkg.8/python3/3.12.4/install/lib/python3.12/site-packages/pandas/core/array_algos/putmask.py", {st_mode=S_IFREG|0644, st_size=4593, ...}) = 0
3686887 openat(AT_FDCWD, "/share/pkg.8/python3/3.12.4/install/lib/python3.12/site-packages/pandas/core/array_algos/__pycache__/putmask.cpython-312.pyc", O_RDONLY|O_CLOEXEC) = 3
3686887 stat("/share/pkg.8/python3/3.12.4/install/lib/python3.12/site-packages/pandas/core/indexes", {st_mode=S_IFDIR|S_ISGID|0755, st_size=4096, ...}) = 0
3686887 stat("/share/pkg.8/python3/3.12.4/install/lib/python3.12/site-packages/pandas/core/indexes/frozen.py", {st_mode=S_IFREG|0644, st_size=3482, ...}) = 0
3686887 stat("/share/pkg.8/python3/3.12.4/install/lib/python3.12/site-packages/pandas/core/indexes/frozen.py", {st_mode=S_IFREG|0644, st_size=3482, ...}) = 0
3686887 openat(AT_FDCWD, "/share/pkg.8/python3/3.12.4/install/lib/python3.12/site-packages/pandas/core/indexes/__pycache__/frozen.cpython-312.pyc", O_RDONLY|O_CLOEXEC) = 3
3686887 stat("/share/pkg.8/python3/3.12.4/install/lib/python3.12/site-packages/pandas/core/strings", {st_mode=S_IFDIR|S_ISGID|0755, st_size=4096, ...}) = 0
3686887 stat("/share/pkg.8/python3/3.12.4/install/lib/python3.12/site-packages/pandas/core/strings/accessor.py", {st_mode=S_IFREG|0644, st_size=112575, ...}) = 0
3686887 stat("/share/pkg.8/python3/3.12.4/install/lib/python3.12/site-packages/pandas/core/strings/accessor.py", {st_mode=S_IFREG|0644, st_size=112575, ...}) = 0
3686887 openat(AT_FDCWD, "/share/pkg.8/python3/3.12.4/install/lib/python3.12/site-packages/pandas/core/strings/__pycache__/accessor.cpython-312.pyc", O_RDONLY|O_CLOEXEC) = 3
3686887 stat("/share/pkg.8/python3/3.12.4/install/lib/python3.12/site-packages/pandas/core/indexes", {st_mode=S_IFDIR|S_ISGID|0755, st_size=4096, ...}) = 0
3686887 stat("/share/pkg.8/python3/3.12.4/install/lib/python3.12/site-packages/pandas/core/indexes/category.py", {st_mode=S_IFREG|0644, st_size=16128, ...}) = 0
3686887 stat("/share/pkg.8/python3/3.12.4/install/lib/python3.12/site-packages/pandas/core/indexes/category.py", {st_mode=S_IFREG|0644, st_size=16128, ...}) = 0
3686887 openat(AT_FDCWD, "/share/pkg.8/python3/3.12.4/install/lib/python3.12/site-packages/pandas/core/indexes/__pycache__/category.cpython-312.pyc", O_RDONLY|O_CLOEXEC) = 3
3686887 stat("/share/pkg.8/python3/3.12.4/install/lib/python3.12/site-packages/pandas/core/indexes", {st_mode=S_IFDIR|S_ISGID|0755, st_size=4096, ...}) = 0
3686887 stat("/share/pkg.8/python3/3.12.4/install/lib/python3.12/site-packages/pandas/core/indexes/extension.py", {st_mode=S_IFREG|0644, st_size=5188, ...}) = 0
3686887 stat("/share/pkg.8/python3/3.12.4/install/lib/python3.12/site-packages/pandas/core/indexes/extension.py", {st_mode=S_IFREG|0644, st_size=5188, ...}) = 0
3686887 openat(AT_FDCWD, "/share/pkg.8/python3/3.12.4/install/lib/python3.12/site-packages/pandas/core/indexes/__pycache__/extension.cpython-312.pyc", O_RDONLY|O_CLOEXEC) = 3
3686887 stat("/share/pkg.8/python3/3.12.4/install/lib/python3.12/site-packages/pandas/core/indexes", {st_mode=S_IFDIR|S_ISGID|0755, st_size=4096, ...}) = 0
3686887 stat("/share/pkg.8/python3/3.12.4/install/lib/python3.12/site-packages/pandas/core/indexes/datetimes.py", {st_mode=S_IFREG|0644, st_size=38327, ...}) = 0
3686887 stat("/share/pkg.8/python3/3.12.4/install/lib/python3.12/site-packages/pandas/core/indexes/datetimes.py", {st_mode=S_IFREG|0644, st_size=38327, ...}) = 0
3686887 openat(AT_FDCWD, "/share/pkg.8/python3/3.12.4/install/lib/python3.12/site-packages/pandas/core/indexes/__pycache__/datetimes.cpython-312.pyc", O_RDONLY|O_CLOEXEC) = 3
3686887 stat("/share/pkg.8/python3/3.12.4/install/lib/python3.12/site-packages/pandas/core/indexes", {st_mode=S_IFDIR|S_ISGID|0755, st_size=4096, ...}) = 0
3686887 stat("/share/pkg.8/python3/3.12.4/install/lib/python3.12/site-packages/pandas/core/indexes/datetimelike.py", {st_mode=S_IFREG|0644, st_size=28377, ...}) = 0
3686887 stat("/share/pkg.8/python3/3.12.4/install/lib/python3.12/site-packages/pandas/core/indexes/datetimelike.py", {st_mode=S_IFREG|0644, st_size=28377, ...}) = 0
3686887 openat(AT_FDCWD, "/share/pkg.8/python3/3.12.4/install/lib/python3.12/site-packages/pandas/core/indexes/__pycache__/datetimelike.cpython-312.pyc", O_RDONLY|O_CLOEXEC) = 3
3686887 stat("/share/pkg.8/python3/3.12.4/install/lib/python3.12/site-packages/pandas/core/indexes", {st_mode=S_IFDIR|S_ISGID|0755, st_size=4096, ...}) = 0
3686887 stat("/share/pkg.8/python3/3.12.4/install/lib/python3.12/site-packages/pandas/core/indexes/range.py", {st_mode=S_IFREG|0644, st_size=39511, ...}) = 0
3686887 stat("/share/pkg.8/python3/3.12.4/install/lib/python3.12/site-packages/pandas/core/indexes/range.py", {st_mode=S_IFREG|0644, st_size=39511, ...}) = 0
3686887 openat(AT_FDCWD, "/share/pkg.8/python3/3.12.4/install/lib/python3.12/site-packages/pandas/core/indexes/__pycache__/range.cpython-312.pyc", O_RDONLY|O_CLOEXEC) = 3
3686887 stat("/share/pkg.8/python3/3.12.4/install/lib/python3.12/site-packages/pandas/core", {st_mode=S_IFDIR|S_ISGID|0755, st_size=4096, ...}) = 0
3686887 stat("/share/pkg.8/python3/3.12.4/install/lib/python3.12/site-packages/pandas/core/tools/__init__.cpython-312-x86_64-linux-gnu.so", 0x7ffdb9189150) = -1 ENOENT (No such file or directory)
3686887 stat("/share/pkg.8/python3/3.12.4/install/lib/python3.12/site-packages/pandas/core/tools/__init__.abi3.so", 0x7ffdb9189150) = -1 ENOENT (No such file or directory)
3686887 stat("/share/pkg.8/python3/3.12.4/install/lib/python3.12/site-packages/pandas/core/tools/__init__.so", 0x7ffdb9189150) = -1 ENOENT (No such file or directory)
3686887 stat("/share/pkg.8/python3/3.12.4/install/lib/python3.12/site-packages/pandas/core/tools/__init__.py", {st_mode=S_IFREG|0644, st_size=0, ...}) = 0
3686887 stat("/share/pkg.8/python3/3.12.4/install/lib/python3.12/site-packages/pandas/core/tools/__init__.py", {st_mode=S_IFREG|0644, st_size=0, ...}) = 0
3686887 openat(AT_FDCWD, "/share/pkg.8/python3/3.12.4/install/lib/python3.12/site-packages/pandas/core/tools/__pycache__/__init__.cpython-312.pyc", O_RDONLY|O_CLOEXEC) = 3
3686887 stat("/share/pkg.8/python3/3.12.4/install/lib/python3.12/site-packages/pandas/core/tools", {st_mode=S_IFDIR|S_ISGID|0755, st_size=4096, ...}) = 0
3686887 stat("/share/pkg.8/python3/3.12.4/install/lib/python3.12/site-packages/pandas/core/tools", {st_mode=S_IFDIR|S_ISGID|0755, st_size=4096, ...}) = 0
3686887 stat("/share/pkg.8/python3/3.12.4/install/lib/python3.12/site-packages/pandas/core/tools", {st_mode=S_IFDIR|S_ISGID|0755, st_size=4096, ...}) = 0
3686887 openat(AT_FDCWD, "/share/pkg.8/python3/3.12.4/install/lib/python3.12/site-packages/pandas/core/tools", O_RDONLY|O_NONBLOCK|O_CLOEXEC|O_DIRECTORY) = 3
3686887 stat("/share/pkg.8/python3/3.12.4/install/lib/python3.12/site-packages/pandas/core/tools/timedeltas.py", {st_mode=S_IFREG|0644, st_size=8858, ...}) = 0
3686887 stat("/share/pkg.8/python3/3.12.4/install/lib/python3.12/site-packages/pandas/core/tools/timedeltas.py", {st_mode=S_IFREG|0644, st_size=8858, ...}) = 0
3686887 openat(AT_FDCWD, "/share/pkg.8/python3/3.12.4/install/lib/python3.12/site-packages/pandas/core/tools/__pycache__/timedeltas.cpython-312.pyc", O_RDONLY|O_CLOEXEC) = 3
3686887 stat("/share/pkg.8/python3/3.12.4/install/lib/python3.12/site-packages/pandas/core/tools", {st_mode=S_IFDIR|S_ISGID|0755, st_size=4096, ...}) = 0
3686887 stat("/share/pkg.8/python3/3.12.4/install/lib/python3.12/site-packages/pandas/core/tools/times.py", {st_mode=S_IFREG|0644, st_size=5373, ...}) = 0
3686887 stat("/share/pkg.8/python3/3.12.4/install/lib/python3.12/site-packages/pandas/core/tools/times.py", {st_mode=S_IFREG|0644, st_size=5373, ...}) = 0
3686887 openat(AT_FDCWD, "/share/pkg.8/python3/3.12.4/install/lib/python3.12/site-packages/pandas/core/tools/__pycache__/times.cpython-312.pyc", O_RDONLY|O_CLOEXEC) = 3
3686887 stat("/share/pkg.8/python3/3.12.4/install/lib/python3.12/site-packages/pandas/core/indexes", {st_mode=S_IFDIR|S_ISGID|0755, st_size=4096, ...}) = 0
3686887 stat("/share/pkg.8/python3/3.12.4/install/lib/python3.12/site-packages/pandas/core/indexes/interval.py", {st_mode=S_IFREG|0644, st_size=38190, ...}) = 0
3686887 stat("/share/pkg.8/python3/3.12.4/install/lib/python3.12/site-packages/pandas/core/indexes/interval.py", {st_mode=S_IFREG|0644, st_size=38190, ...}) = 0
3686887 openat(AT_FDCWD, "/share/pkg.8/python3/3.12.4/install/lib/python3.12/site-packages/pandas/core/indexes/__pycache__/interval.cpython-312.pyc", O_RDONLY|O_CLOEXEC) = 3
3686887 stat("/share/pkg.8/python3/3.12.4/install/lib/python3.12/site-packages/pandas/core/indexes", {st_mode=S_IFDIR|S_ISGID|0755, st_size=4096, ...}) = 0
3686887 stat("/share/pkg.8/python3/3.12.4/install/lib/python3.12/site-packages/pandas/core/indexes/multi.py", {st_mode=S_IFREG|0644, st_size=143195, ...}) = 0
3686887 stat("/share/pkg.8/python3/3.12.4/install/lib/python3.12/site-packages/pandas/core/indexes/multi.py", {st_mode=S_IFREG|0644, st_size=143195, ...}) = 0
3686887 openat(AT_FDCWD, "/share/pkg.8/python3/3.12.4/install/lib/python3.12/site-packages/pandas/core/indexes/__pycache__/multi.cpython-312.pyc", O_RDONLY|O_CLOEXEC) = 3
3686887 stat("/share/pkg.8/python3/3.12.4/install/lib/python3.12/site-packages/pandas/core/indexes", {st_mode=S_IFDIR|S_ISGID|0755, st_size=4096, ...}) = 0
3686887 stat("/share/pkg.8/python3/3.12.4/install/lib/python3.12/site-packages/pandas/core/indexes/timedeltas.py", {st_mode=S_IFREG|0644, st_size=10960, ...}) = 0
3686887 stat("/share/pkg.8/python3/3.12.4/install/lib/python3.12/site-packages/pandas/core/indexes/timedeltas.py", {st_mode=S_IFREG|0644, st_size=10960, ...}) = 0
3686887 openat(AT_FDCWD, "/share/pkg.8/python3/3.12.4/install/lib/python3.12/site-packages/pandas/core/indexes/__pycache__/timedeltas.cpython-312.pyc", O_RDONLY|O_CLOEXEC) = 3
3686887 stat("/share/pkg.8/python3/3.12.4/install/lib/python3.12/site-packages/pandas/core/indexes", {st_mode=S_IFDIR|S_ISGID|0755, st_size=4096, ...}) = 0
3686887 stat("/share/pkg.8/python3/3.12.4/install/lib/python3.12/site-packages/pandas/core/indexes/period.py", {st_mode=S_IFREG|0644, st_size=18978, ...}) = 0
3686887 stat("/share/pkg.8/python3/3.12.4/install/lib/python3.12/site-packages/pandas/core/indexes/period.py", {st_mode=S_IFREG|0644, st_size=18978, ...}) = 0
3686887 openat(AT_FDCWD, "/share/pkg.8/python3/3.12.4/install/lib/python3.12/site-packages/pandas/core/indexes/__pycache__/period.cpython-312.pyc", O_RDONLY|O_CLOEXEC) = 3
3686887 stat("/share/pkg.8/python3/3.12.4/install/lib/python3.12/site-packages/pandas/core", {st_mode=S_IFDIR|S_ISGID|0755, st_size=4096, ...}) = 0
3686887 stat("/share/pkg.8/python3/3.12.4/install/lib/python3.12/site-packages/pandas/core/sample.py", {st_mode=S_IFREG|0644, st_size=4626, ...}) = 0
3686887 stat("/share/pkg.8/python3/3.12.4/install/lib/python3.12/site-packages/pandas/core/sample.py", {st_mode=S_IFREG|0644, st_size=4626, ...}) = 0
3686887 openat(AT_FDCWD, "/share/pkg.8/python3/3.12.4/install/lib/python3.12/site-packages/pandas/core/__pycache__/sample.cpython-312.pyc", O_RDONLY|O_CLOEXEC) = 3
3686887 stat("/share/pkg.8/python3/3.12.4/install/lib/python3.12/site-packages/pandas/core/array_algos", {st_mode=S_IFDIR|S_ISGID|0755, st_size=4096, ...}) = 0
3686887 stat("/share/pkg.8/python3/3.12.4/install/lib/python3.12/site-packages/pandas/core/array_algos/replace.py", {st_mode=S_IFREG|0644, st_size=3918, ...}) = 0
3686887 stat("/share/pkg.8/python3/3.12.4/install/lib/python3.12/site-packages/pandas/core/array_algos/replace.py", {st_mode=S_IFREG|0644, st_size=3918, ...}) = 0
3686887 openat(AT_FDCWD, "/share/pkg.8/python3/3.12.4/install/lib/python3.12/site-packages/pandas/core/array_algos/__pycache__/replace.cpython-312.pyc", O_RDONLY|O_CLOEXEC) = 3
3686887 stat("/share/pkg.8/python3/3.12.4/install/lib/python3.12/site-packages/pandas/core", {st_mode=S_IFDIR|S_ISGID|0755, st_size=4096, ...}) = 0
3686887 stat("/share/pkg.8/python3/3.12.4/install/lib/python3.12/site-packages/pandas/core/internals/__init__.cpython-312-x86_64-linux-gnu.so", 0x7ffdb918b7d0) = -1 ENOENT (No such file or directory)
3686887 stat("/share/pkg.8/python3/3.12.4/install/lib/python3.12/site-packages/pandas/core/internals/__init__.abi3.so", 0x7ffdb918b7d0) = -1 ENOENT (No such file or directory)
3686887 stat("/share/pkg.8/python3/3.12.4/install/lib/python3.12/site-packages/pandas/core/internals/__init__.so", 0x7ffdb918b7d0) = -1 ENOENT (No such file or directory)
3686887 stat("/share/pkg.8/python3/3.12.4/install/lib/python3.12/site-packages/pandas/core/internals/__init__.py", {st_mode=S_IFREG|0644, st_size=2615, ...}) = 0
3686887 stat("/share/pkg.8/python3/3.12.4/install/lib/python3.12/site-packages/pandas/core/internals/__init__.py", {st_mode=S_IFREG|0644, st_size=2615, ...}) = 0
3686887 openat(AT_FDCWD, "/share/pkg.8/python3/3.12.4/install/lib/python3.12/site-packages/pandas/core/internals/__pycache__/__init__.cpython-312.pyc", O_RDONLY|O_CLOEXEC) = 3
3686887 stat("/share/pkg.8/python3/3.12.4/install/lib/python3.12/site-packages/pandas/core/internals", {st_mode=S_IFDIR|S_ISGID|0755, st_size=4096, ...}) = 0
3686887 stat("/share/pkg.8/python3/3.12.4/install/lib/python3.12/site-packages/pandas/core/internals", {st_mode=S_IFDIR|S_ISGID|0755, st_size=4096, ...}) = 0
3686887 stat("/share/pkg.8/python3/3.12.4/install/lib/python3.12/site-packages/pandas/core/internals", {st_mode=S_IFDIR|S_ISGID|0755, st_size=4096, ...}) = 0
3686887 openat(AT_FDCWD, "/share/pkg.8/python3/3.12.4/install/lib/python3.12/site-packages/pandas/core/internals", O_RDONLY|O_NONBLOCK|O_CLOEXEC|O_DIRECTORY) = 3
3686887 stat("/share/pkg.8/python3/3.12.4/install/lib/python3.12/site-packages/pandas/core/internals/api.py", {st_mode=S_IFREG|0644, st_size=4695, ...}) = 0
3686887 stat("/share/pkg.8/python3/3.12.4/install/lib/python3.12/site-packages/pandas/core/internals/api.py", {st_mode=S_IFREG|0644, st_size=4695, ...}) = 0
3686887 openat(AT_FDCWD, "/share/pkg.8/python3/3.12.4/install/lib/python3.12/site-packages/pandas/core/internals/__pycache__/api.cpython-312.pyc", O_RDONLY|O_CLOEXEC) = 3
3686887 stat("/share/pkg.8/python3/3.12.4/install/lib/python3.12/site-packages/pandas/core/internals", {st_mode=S_IFDIR|S_ISGID|0755, st_size=4096, ...}) = 0
3686887 stat("/share/pkg.8/python3/3.12.4/install/lib/python3.12/site-packages/pandas/core/internals/blocks.py", {st_mode=S_IFREG|0644, st_size=98485, ...}) = 0
3686887 stat("/share/pkg.8/python3/3.12.4/install/lib/python3.12/site-packages/pandas/core/internals/blocks.py", {st_mode=S_IFREG|0644, st_size=98485, ...}) = 0
3686887 openat(AT_FDCWD, "/share/pkg.8/python3/3.12.4/install/lib/python3.12/site-packages/pandas/core/internals/__pycache__/blocks.cpython-312.pyc", O_RDONLY|O_CLOEXEC) = 3
3686887 stat("/share/pkg.8/python3/3.12.4/install/lib/python3.12/site-packages/pandas/core/internals", {st_mode=S_IFDIR|S_ISGID|0755, st_size=4096, ...}) = 0
3686887 stat("/share/pkg.8/python3/3.12.4/install/lib/python3.12/site-packages/pandas/core/internals/array_manager.py", {st_mode=S_IFREG|0644, st_size=43927, ...}) = 0
3686887 stat("/share/pkg.8/python3/3.12.4/install/lib/python3.12/site-packages/pandas/core/internals/array_manager.py", {st_mode=S_IFREG|0644, st_size=43927, ...}) = 0
3686887 openat(AT_FDCWD, "/share/pkg.8/python3/3.12.4/install/lib/python3.12/site-packages/pandas/core/internals/__pycache__/array_manager.cpython-312.pyc", O_RDONLY|O_CLOEXEC) = 3
3686887 stat("/share/pkg.8/python3/3.12.4/install/lib/python3.12/site-packages/pandas/core/internals", {st_mode=S_IFDIR|S_ISGID|0755, st_size=4096, ...}) = 0
3686887 stat("/share/pkg.8/python3/3.12.4/install/lib/python3.12/site-packages/pandas/core/internals/base.py", {st_mode=S_IFREG|0644, st_size=11161, ...}) = 0
3686887 stat("/share/pkg.8/python3/3.12.4/install/lib/python3.12/site-packages/pandas/core/internals/base.py", {st_mode=S_IFREG|0644, st_size=11161, ...}) = 0
3686887 openat(AT_FDCWD, "/share/pkg.8/python3/3.12.4/install/lib/python3.12/site-packages/pandas/core/internals/__pycache__/base.cpython-312.pyc", O_RDONLY|O_CLOEXEC) = 3
3686887 stat("/share/pkg.8/python3/3.12.4/install/lib/python3.12/site-packages/pandas/core/internals", {st_mode=S_IFDIR|S_ISGID|0755, st_size=4096, ...}) = 0
3686887 stat("/share/pkg.8/python3/3.12.4/install/lib/python3.12/site-packages/pandas/core/internals/managers.py", {st_mode=S_IFREG|0644, st_size=81576, ...}) = 0
3686887 stat("/share/pkg.8/python3/3.12.4/install/lib/python3.12/site-packages/pandas/core/internals/managers.py", {st_mode=S_IFREG|0644, st_size=81576, ...}) = 0
3686887 openat(AT_FDCWD, "/share/pkg.8/python3/3.12.4/install/lib/python3.12/site-packages/pandas/core/internals/__pycache__/managers.cpython-312.pyc", O_RDONLY|O_CLOEXEC) = 3
3686887 stat("/share/pkg.8/python3/3.12.4/install/lib/python3.12/site-packages/pandas/core/internals", {st_mode=S_IFDIR|S_ISGID|0755, st_size=4096, ...}) = 0
3686887 stat("/share/pkg.8/python3/3.12.4/install/lib/python3.12/site-packages/pandas/core/internals/ops.py", {st_mode=S_IFREG|0644, st_size=5145, ...}) = 0
3686887 stat("/share/pkg.8/python3/3.12.4/install/lib/python3.12/site-packages/pandas/core/internals/ops.py", {st_mode=S_IFREG|0644, st_size=5145, ...}) = 0
3686887 openat(AT_FDCWD, "/share/pkg.8/python3/3.12.4/install/lib/python3.12/site-packages/pandas/core/internals/__pycache__/ops.cpython-312.pyc", O_RDONLY|O_CLOEXEC) = 3
3686887 stat("/share/pkg.8/python3/3.12.4/install/lib/python3.12/site-packages/pandas/core/internals", {st_mode=S_IFDIR|S_ISGID|0755, st_size=4096, ...}) = 0
3686887 stat("/share/pkg.8/python3/3.12.4/install/lib/python3.12/site-packages/pandas/core/internals/concat.py", {st_mode=S_IFREG|0644, st_size=19151, ...}) = 0
3686887 stat("/share/pkg.8/python3/3.12.4/install/lib/python3.12/site-packages/pandas/core/internals/concat.py", {st_mode=S_IFREG|0644, st_size=19151, ...}) = 0
3686887 openat(AT_FDCWD, "/share/pkg.8/python3/3.12.4/install/lib/python3.12/site-packages/pandas/core/internals/__pycache__/concat.cpython-312.pyc", O_RDONLY|O_CLOEXEC) = 3
3686887 stat("/share/pkg.8/python3/3.12.4/install/lib/python3.12/site-packages/pandas/core/internals", {st_mode=S_IFDIR|S_ISGID|0755, st_size=4096, ...}) = 0
3686887 stat("/share/pkg.8/python3/3.12.4/install/lib/python3.12/site-packages/pandas/core/internals/construction.py", {st_mode=S_IFREG|0644, st_size=33987, ...}) = 0
3686887 stat("/share/pkg.8/python3/3.12.4/install/lib/python3.12/site-packages/pandas/core/internals/construction.py", {st_mode=S_IFREG|0644, st_size=33987, ...}) = 0
3686887 openat(AT_FDCWD, "/share/pkg.8/python3/3.12.4/install/lib/python3.12/site-packages/pandas/core/internals/__pycache__/construction.cpython-312.pyc", O_RDONLY|O_CLOEXEC) = 3
3686887 stat("/share/pkg.8/python3/3.12.4/install/lib/python3.12/site-packages/pandas/core", {st_mode=S_IFDIR|S_ISGID|0755, st_size=4096, ...}) = 0
3686887 stat("/share/pkg.8/python3/3.12.4/install/lib/python3.12/site-packages/pandas/core/methods/__init__.cpython-312-x86_64-linux-gnu.so", 0x7ffdb918b2d0) = -1 ENOENT (No such file or directory)
3686887 stat("/share/pkg.8/python3/3.12.4/install/lib/python3.12/site-packages/pandas/core/methods/__init__.abi3.so", 0x7ffdb918b2d0) = -1 ENOENT (No such file or directory)
3686887 stat("/share/pkg.8/python3/3.12.4/install/lib/python3.12/site-packages/pandas/core/methods/__init__.so", 0x7ffdb918b2d0) = -1 ENOENT (No such file or directory)
3686887 stat("/share/pkg.8/python3/3.12.4/install/lib/python3.12/site-packages/pandas/core/methods/__init__.py", {st_mode=S_IFREG|0644, st_size=0, ...}) = 0
3686887 stat("/share/pkg.8/python3/3.12.4/install/lib/python3.12/site-packages/pandas/core/methods/__init__.py", {st_mode=S_IFREG|0644, st_size=0, ...}) = 0
3686887 openat(AT_FDCWD, "/share/pkg.8/python3/3.12.4/install/lib/python3.12/site-packages/pandas/core/methods/__pycache__/__init__.cpython-312.pyc", O_RDONLY|O_CLOEXEC) = 3
3686887 stat("/share/pkg.8/python3/3.12.4/install/lib/python3.12/site-packages/pandas/core/methods", {st_mode=S_IFDIR|S_ISGID|0755, st_size=4096, ...}) = 0
3686887 stat("/share/pkg.8/python3/3.12.4/install/lib/python3.12/site-packages/pandas/core/methods", {st_mode=S_IFDIR|S_ISGID|0755, st_size=4096, ...}) = 0
3686887 stat("/share/pkg.8/python3/3.12.4/install/lib/python3.12/site-packages/pandas/core/methods", {st_mode=S_IFDIR|S_ISGID|0755, st_size=4096, ...}) = 0
3686887 openat(AT_FDCWD, "/share/pkg.8/python3/3.12.4/install/lib/python3.12/site-packages/pandas/core/methods", O_RDONLY|O_NONBLOCK|O_CLOEXEC|O_DIRECTORY) = 3
3686887 stat("/share/pkg.8/python3/3.12.4/install/lib/python3.12/site-packages/pandas/core/methods/describe.py", {st_mode=S_IFREG|0644, st_size=11961, ...}) = 0
3686887 stat("/share/pkg.8/python3/3.12.4/install/lib/python3.12/site-packages/pandas/core/methods/describe.py", {st_mode=S_IFREG|0644, st_size=11961, ...}) = 0
3686887 openat(AT_FDCWD, "/share/pkg.8/python3/3.12.4/install/lib/python3.12/site-packages/pandas/core/methods/__pycache__/describe.cpython-312.pyc", O_RDONLY|O_CLOEXEC) = 3
3686887 stat("/share/pkg.8/python3/3.12.4/install/lib/python3.12/site-packages/pandas/core", {st_mode=S_IFDIR|S_ISGID|0755, st_size=4096, ...}) = 0
3686887 stat("/share/pkg.8/python3/3.12.4/install/lib/python3.12/site-packages/pandas/core/reshape/__init__.cpython-312-x86_64-linux-gnu.so", 0x7ffdb918abb0) = -1 ENOENT (No such file or directory)
3686887 stat("/share/pkg.8/python3/3.12.4/install/lib/python3.12/site-packages/pandas/core/reshape/__init__.abi3.so", 0x7ffdb918abb0) = -1 ENOENT (No such file or directory)
3686887 stat("/share/pkg.8/python3/3.12.4/install/lib/python3.12/site-packages/pandas/core/reshape/__init__.so", 0x7ffdb918abb0) = -1 ENOENT (No such file or directory)
3686887 stat("/share/pkg.8/python3/3.12.4/install/lib/python3.12/site-packages/pandas/core/reshape/__init__.py", {st_mode=S_IFREG|0644, st_size=0, ...}) = 0
3686887 stat("/share/pkg.8/python3/3.12.4/install/lib/python3.12/site-packages/pandas/core/reshape/__init__.py", {st_mode=S_IFREG|0644, st_size=0, ...}) = 0
3686887 openat(AT_FDCWD, "/share/pkg.8/python3/3.12.4/install/lib/python3.12/site-packages/pandas/core/reshape/__pycache__/__init__.cpython-312.pyc", O_RDONLY|O_CLOEXEC) = 3
3686887 stat("/share/pkg.8/python3/3.12.4/install/lib/python3.12/site-packages/pandas/core/reshape", {st_mode=S_IFDIR|S_ISGID|0755, st_size=4096, ...}) = 0
3686887 stat("/share/pkg.8/python3/3.12.4/install/lib/python3.12/site-packages/pandas/core/reshape", {st_mode=S_IFDIR|S_ISGID|0755, st_size=4096, ...}) = 0
3686887 stat("/share/pkg.8/python3/3.12.4/install/lib/python3.12/site-packages/pandas/core/reshape", {st_mode=S_IFDIR|S_ISGID|0755, st_size=4096, ...}) = 0
3686887 openat(AT_FDCWD, "/share/pkg.8/python3/3.12.4/install/lib/python3.12/site-packages/pandas/core/reshape", O_RDONLY|O_NONBLOCK|O_CLOEXEC|O_DIRECTORY) = 3
3686887 stat("/share/pkg.8/python3/3.12.4/install/lib/python3.12/site-packages/pandas/core/reshape/concat.py", {st_mode=S_IFREG|0644, st_size=28253, ...}) = 0
3686887 stat("/share/pkg.8/python3/3.12.4/install/lib/python3.12/site-packages/pandas/core/reshape/concat.py", {st_mode=S_IFREG|0644, st_size=28253, ...}) = 0
3686887 openat(AT_FDCWD, "/share/pkg.8/python3/3.12.4/install/lib/python3.12/site-packages/pandas/core/reshape/__pycache__/concat.cpython-312.pyc", O_RDONLY|O_CLOEXEC) = 3
3686887 stat("/share/pkg.8/python3/3.12.4/install/lib/python3.12/site-packages/pandas/io/formats", {st_mode=S_IFDIR|S_ISGID|0755, st_size=4096, ...}) = 0
3686887 stat("/share/pkg.8/python3/3.12.4/install/lib/python3.12/site-packages/pandas/io/formats/format.py", {st_mode=S_IFREG|0644, st_size=66127, ...}) = 0
3686887 stat("/share/pkg.8/python3/3.12.4/install/lib/python3.12/site-packages/pandas/io/formats/format.py", {st_mode=S_IFREG|0644, st_size=66127, ...}) = 0
3686887 openat(AT_FDCWD, "/share/pkg.8/python3/3.12.4/install/lib/python3.12/site-packages/pandas/io/formats/__pycache__/format.cpython-312.pyc", O_RDONLY|O_CLOEXEC) = 3
3686887 stat("/share/pkg.8/python3/3.12.4/install/lib/python3.12/site-packages/pandas/io", {st_mode=S_IFDIR|S_ISGID|0755, st_size=4096, ...}) = 0
3686887 stat("/share/pkg.8/python3/3.12.4/install/lib/python3.12/site-packages/pandas/io/common.py", {st_mode=S_IFREG|0644, st_size=40615, ...}) = 0
3686887 stat("/share/pkg.8/python3/3.12.4/install/lib/python3.12/site-packages/pandas/io/common.py", {st_mode=S_IFREG|0644, st_size=40615, ...}) = 0
3686887 openat(AT_FDCWD, "/share/pkg.8/python3/3.12.4/install/lib/python3.12/site-packages/pandas/io/__pycache__/common.cpython-312.pyc", O_RDONLY|O_CLOEXEC) = 3
3686887 stat("/projectnb/rcs-intern/reetom/sif", {st_mode=S_IFDIR|S_ISGID|0755, st_size=4096, ...}) = 0
3686887 stat("/share/pkg.8/python3/3.12.4/install/lib/python3.12", {st_mode=S_IFDIR|S_ISGID|0755, st_size=8192, ...}) = 0
3686887 stat("/share/pkg.8/python3/3.12.4/install/lib/python3.12/gzip.py", {st_mode=S_IFREG|0644, st_size=24859, ...}) = 0
3686887 stat("/share/pkg.8/python3/3.12.4/install/lib/python3.12/gzip.py", {st_mode=S_IFREG|0644, st_size=24859, ...}) = 0
3686887 openat(AT_FDCWD, "/share/pkg.8/python3/3.12.4/install/lib/python3.12/__pycache__/gzip.cpython-312.pyc", O_RDONLY|O_CLOEXEC) = 3
3686887 stat("/projectnb/rcs-intern/reetom/sif", {st_mode=S_IFDIR|S_ISGID|0755, st_size=4096, ...}) = 0
3686887 stat("/share/pkg.8/python3/3.12.4/install/lib/python3.12", {st_mode=S_IFDIR|S_ISGID|0755, st_size=8192, ...}) = 0
3686887 stat("/share/pkg.8/python3/3.12.4/install/lib/python3.12/lib-dynload", {st_mode=S_IFDIR|S_ISGID|0755, st_size=8192, ...}) = 0
3686887 stat("/share/pkg.8/python3/3.12.4/install/lib/python3.12/lib-dynload/mmap.cpython-312-x86_64-linux-gnu.so", {st_mode=S_IFREG|0755, st_size=81736, ...}) = 0
3686887 openat(AT_FDCWD, "/share/pkg.8/python3/3.12.4/install/lib/python3.12/lib-dynload/mmap.cpython-312-x86_64-linux-gnu.so", O_RDONLY|O_CLOEXEC) = 3
3686887 stat("/projectnb/rcs-intern/reetom/sif", {st_mode=S_IFDIR|S_ISGID|0755, st_size=4096, ...}) = 0
3686887 stat("/share/pkg.8/python3/3.12.4/install/lib/python3.12", {st_mode=S_IFDIR|S_ISGID|0755, st_size=8192, ...}) = 0
3686887 stat("/share/pkg.8/python3/3.12.4/install/lib/python3.12/tarfile.py", {st_mode=S_IFREG|0755, st_size=106897, ...}) = 0
3686887 stat("/share/pkg.8/python3/3.12.4/install/lib/python3.12/tarfile.py", {st_mode=S_IFREG|0755, st_size=106897, ...}) = 0
3686887 openat(AT_FDCWD, "/share/pkg.8/python3/3.12.4/install/lib/python3.12/__pycache__/tarfile.cpython-312.pyc", O_RDONLY|O_CLOEXEC) = 3
3686887 stat("/projectnb/rcs-intern/reetom/sif", {st_mode=S_IFDIR|S_ISGID|0755, st_size=4096, ...}) = 0
3686887 stat("/share/pkg.8/python3/3.12.4/install/lib/python3.12", {st_mode=S_IFDIR|S_ISGID|0755, st_size=8192, ...}) = 0
3686887 stat("/share/pkg.8/python3/3.12.4/install/lib/python3.12/lib-dynload", {st_mode=S_IFDIR|S_ISGID|0755, st_size=8192, ...}) = 0
3686887 stat("/share/pkg.8/python3/3.12.4/install/lib/python3.12/lib-dynload/grp.cpython-312-x86_64-linux-gnu.so", {st_mode=S_IFREG|0755, st_size=53224, ...}) = 0
3686887 openat(AT_FDCWD, "/share/pkg.8/python3/3.12.4/install/lib/python3.12/lib-dynload/grp.cpython-312-x86_64-linux-gnu.so", O_RDONLY|O_CLOEXEC) = 3
3686887 stat("/projectnb/rcs-intern/reetom/sif", {st_mode=S_IFDIR|S_ISGID|0755, st_size=4096, ...}) = 0
3686887 stat("/share/pkg.8/python3/3.12.4/install/lib/python3.12", {st_mode=S_IFDIR|S_ISGID|0755, st_size=8192, ...}) = 0
3686887 stat("/share/pkg.8/python3/3.12.4/install/lib/python3.12/zipfile/__init__.cpython-312-x86_64-linux-gnu.so", 0x7ffdb918a270) = -1 ENOENT (No such file or directory)
3686887 stat("/share/pkg.8/python3/3.12.4/install/lib/python3.12/zipfile/__init__.abi3.so", 0x7ffdb918a270) = -1 ENOENT (No such file or directory)
3686887 stat("/share/pkg.8/python3/3.12.4/install/lib/python3.12/zipfile/__init__.so", 0x7ffdb918a270) = -1 ENOENT (No such file or directory)
3686887 stat("/share/pkg.8/python3/3.12.4/install/lib/python3.12/zipfile/__init__.py", {st_mode=S_IFREG|0644, st_size=87706, ...}) = 0
3686887 stat("/share/pkg.8/python3/3.12.4/install/lib/python3.12/zipfile/__init__.py", {st_mode=S_IFREG|0644, st_size=87706, ...}) = 0
3686887 openat(AT_FDCWD, "/share/pkg.8/python3/3.12.4/install/lib/python3.12/zipfile/__pycache__/__init__.cpython-312.pyc", O_RDONLY|O_CLOEXEC) = 3
3686887 stat("/share/pkg.8/python3/3.12.4/install/lib/python3.12/zipfile", {st_mode=S_IFDIR|S_ISGID|0755, st_size=4096, ...}) = 0
3686887 stat("/share/pkg.8/python3/3.12.4/install/lib/python3.12/zipfile", {st_mode=S_IFDIR|S_ISGID|0755, st_size=4096, ...}) = 0
3686887 stat("/share/pkg.8/python3/3.12.4/install/lib/python3.12/zipfile", {st_mode=S_IFDIR|S_ISGID|0755, st_size=4096, ...}) = 0
3686887 openat(AT_FDCWD, "/share/pkg.8/python3/3.12.4/install/lib/python3.12/zipfile", O_RDONLY|O_NONBLOCK|O_CLOEXEC|O_DIRECTORY) = 3
3686887 stat("/share/pkg.8/python3/3.12.4/install/lib/python3.12/zipfile/_path/__init__.cpython-312-x86_64-linux-gnu.so", 0x7ffdb9189b50) = -1 ENOENT (No such file or directory)
3686887 stat("/share/pkg.8/python3/3.12.4/install/lib/python3.12/zipfile/_path/__init__.abi3.so", 0x7ffdb9189b50) = -1 ENOENT (No such file or directory)
3686887 stat("/share/pkg.8/python3/3.12.4/install/lib/python3.12/zipfile/_path/__init__.so", 0x7ffdb9189b50) = -1 ENOENT (No such file or directory)
3686887 stat("/share/pkg.8/python3/3.12.4/install/lib/python3.12/zipfile/_path/__init__.py", {st_mode=S_IFREG|0644, st_size=10409, ...}) = 0
3686887 stat("/share/pkg.8/python3/3.12.4/install/lib/python3.12/zipfile/_path/__init__.py", {st_mode=S_IFREG|0644, st_size=10409, ...}) = 0
3686887 openat(AT_FDCWD, "/share/pkg.8/python3/3.12.4/install/lib/python3.12/zipfile/_path/__pycache__/__init__.cpython-312.pyc", O_RDONLY|O_CLOEXEC) = 3
3686887 stat("/share/pkg.8/python3/3.12.4/install/lib/python3.12/zipfile/_path", {st_mode=S_IFDIR|S_ISGID|0755, st_size=4096, ...}) = 0
3686887 stat("/share/pkg.8/python3/3.12.4/install/lib/python3.12/zipfile/_path", {st_mode=S_IFDIR|S_ISGID|0755, st_size=4096, ...}) = 0
3686887 stat("/share/pkg.8/python3/3.12.4/install/lib/python3.12/zipfile/_path", {st_mode=S_IFDIR|S_ISGID|0755, st_size=4096, ...}) = 0
3686887 openat(AT_FDCWD, "/share/pkg.8/python3/3.12.4/install/lib/python3.12/zipfile/_path", O_RDONLY|O_NONBLOCK|O_CLOEXEC|O_DIRECTORY) = 3
3686887 stat("/share/pkg.8/python3/3.12.4/install/lib/python3.12/zipfile/_path/glob.py", {st_mode=S_IFREG|0644, st_size=893, ...}) = 0
3686887 stat("/share/pkg.8/python3/3.12.4/install/lib/python3.12/zipfile/_path/glob.py", {st_mode=S_IFREG|0644, st_size=893, ...}) = 0
3686887 openat(AT_FDCWD, "/share/pkg.8/python3/3.12.4/install/lib/python3.12/zipfile/_path/__pycache__/glob.cpython-312.pyc", O_RDONLY|O_CLOEXEC) = 3
3686887 stat("/share/pkg.8/python3/3.12.4/install/lib/python3.12/site-packages/pandas/core", {st_mode=S_IFDIR|S_ISGID|0755, st_size=4096, ...}) = 0
3686887 stat("/share/pkg.8/python3/3.12.4/install/lib/python3.12/site-packages/pandas/core/shared_docs.py", {st_mode=S_IFREG|0644, st_size=30103, ...}) = 0
3686887 stat("/share/pkg.8/python3/3.12.4/install/lib/python3.12/site-packages/pandas/core/shared_docs.py", {st_mode=S_IFREG|0644, st_size=30103, ...}) = 0
3686887 openat(AT_FDCWD, "/share/pkg.8/python3/3.12.4/install/lib/python3.12/site-packages/pandas/core/__pycache__/shared_docs.cpython-312.pyc", O_RDONLY|O_CLOEXEC) = 3
3686887 stat("/share/pkg.8/python3/3.12.4/install/lib/python3.12/site-packages/pandas/core", {st_mode=S_IFDIR|S_ISGID|0755, st_size=4096, ...}) = 0
3686887 stat("/share/pkg.8/python3/3.12.4/install/lib/python3.12/site-packages/pandas/core/window/__init__.cpython-312-x86_64-linux-gnu.so", 0x7ffdb918b7d0) = -1 ENOENT (No such file or directory)
3686887 stat("/share/pkg.8/python3/3.12.4/install/lib/python3.12/site-packages/pandas/core/window/__init__.abi3.so", 0x7ffdb918b7d0) = -1 ENOENT (No such file or directory)
3686887 stat("/share/pkg.8/python3/3.12.4/install/lib/python3.12/site-packages/pandas/core/window/__init__.so", 0x7ffdb918b7d0) = -1 ENOENT (No such file or directory)
3686887 stat("/share/pkg.8/python3/3.12.4/install/lib/python3.12/site-packages/pandas/core/window/__init__.py", {st_mode=S_IFREG|0644, st_size=450, ...}) = 0
3686887 stat("/share/pkg.8/python3/3.12.4/install/lib/python3.12/site-packages/pandas/core/window/__init__.py", {st_mode=S_IFREG|0644, st_size=450, ...}) = 0
3686887 openat(AT_FDCWD, "/share/pkg.8/python3/3.12.4/install/lib/python3.12/site-packages/pandas/core/window/__pycache__/__init__.cpython-312.pyc", O_RDONLY|O_CLOEXEC) = 3
3686887 stat("/share/pkg.8/python3/3.12.4/install/lib/python3.12/site-packages/pandas/core/window", {st_mode=S_IFDIR|S_ISGID|0755, st_size=4096, ...}) = 0
3686887 stat("/share/pkg.8/python3/3.12.4/install/lib/python3.12/site-packages/pandas/core/window", {st_mode=S_IFDIR|S_ISGID|0755, st_size=4096, ...}) = 0
3686887 stat("/share/pkg.8/python3/3.12.4/install/lib/python3.12/site-packages/pandas/core/window", {st_mode=S_IFDIR|S_ISGID|0755, st_size=4096, ...}) = 0
3686887 openat(AT_FDCWD, "/share/pkg.8/python3/3.12.4/install/lib/python3.12/site-packages/pandas/core/window", O_RDONLY|O_NONBLOCK|O_CLOEXEC|O_DIRECTORY) = 3
3686887 stat("/share/pkg.8/python3/3.12.4/install/lib/python3.12/site-packages/pandas/core/window/ewm.py", {st_mode=S_IFREG|0644, st_size=35190, ...}) = 0
3686887 stat("/share/pkg.8/python3/3.12.4/install/lib/python3.12/site-packages/pandas/core/window/ewm.py", {st_mode=S_IFREG|0644, st_size=35190, ...}) = 0
3686887 openat(AT_FDCWD, "/share/pkg.8/python3/3.12.4/install/lib/python3.12/site-packages/pandas/core/window/__pycache__/ewm.cpython-312.pyc", O_RDONLY|O_CLOEXEC) = 3
3686887 stat("/share/pkg.8/python3/3.12.4/install/lib/python3.12/site-packages/pandas/_libs", {st_mode=S_IFDIR|S_ISGID|0755, st_size=4096, ...}) = 0
3686887 stat("/share/pkg.8/python3/3.12.4/install/lib/python3.12/site-packages/pandas/_libs/window/__init__.cpython-312-x86_64-linux-gnu.so", 0x7ffdb918a490) = -1 ENOENT (No such file or directory)
3686887 stat("/share/pkg.8/python3/3.12.4/install/lib/python3.12/site-packages/pandas/_libs/window/__init__.abi3.so", 0x7ffdb918a490) = -1 ENOENT (No such file or directory)
3686887 stat("/share/pkg.8/python3/3.12.4/install/lib/python3.12/site-packages/pandas/_libs/window/__init__.so", 0x7ffdb918a490) = -1 ENOENT (No such file or directory)
3686887 stat("/share/pkg.8/python3/3.12.4/install/lib/python3.12/site-packages/pandas/_libs/window/__init__.py", {st_mode=S_IFREG|0644, st_size=0, ...}) = 0
3686887 stat("/share/pkg.8/python3/3.12.4/install/lib/python3.12/site-packages/pandas/_libs/window/__init__.py", {st_mode=S_IFREG|0644, st_size=0, ...}) = 0
3686887 openat(AT_FDCWD, "/share/pkg.8/python3/3.12.4/install/lib/python3.12/site-packages/pandas/_libs/window/__pycache__/__init__.cpython-312.pyc", O_RDONLY|O_CLOEXEC) = 3
3686887 stat("/share/pkg.8/python3/3.12.4/install/lib/python3.12/site-packages/pandas/_libs/window", {st_mode=S_IFDIR|S_ISGID|0755, st_size=4096, ...}) = 0
3686887 stat("/share/pkg.8/python3/3.12.4/install/lib/python3.12/site-packages/pandas/_libs/window", {st_mode=S_IFDIR|S_ISGID|0755, st_size=4096, ...}) = 0
3686887 stat("/share/pkg.8/python3/3.12.4/install/lib/python3.12/site-packages/pandas/_libs/window", {st_mode=S_IFDIR|S_ISGID|0755, st_size=4096, ...}) = 0
3686887 openat(AT_FDCWD, "/share/pkg.8/python3/3.12.4/install/lib/python3.12/site-packages/pandas/_libs/window", O_RDONLY|O_NONBLOCK|O_CLOEXEC|O_DIRECTORY) = 3
3686887 stat("/share/pkg.8/python3/3.12.4/install/lib/python3.12/site-packages/pandas/_libs/window/aggregations.cpython-312-x86_64-linux-gnu.so", {st_mode=S_IFREG|0755, st_size=394264, ...}) = 0
3686887 openat(AT_FDCWD, "/share/pkg.8/python3/3.12.4/install/lib/python3.12/site-packages/pandas/_libs/window/aggregations.cpython-312-x86_64-linux-gnu.so", O_RDONLY|O_CLOEXEC) = 3
3686887 stat("/share/pkg.8/python3/3.12.4/install/lib/python3.12/site-packages/pandas/core/indexers", {st_mode=S_IFDIR|S_ISGID|0755, st_size=4096, ...}) = 0
3686887 stat("/share/pkg.8/python3/3.12.4/install/lib/python3.12/site-packages/pandas/core/indexers/objects.py", {st_mode=S_IFREG|0644, st_size=14737, ...}) = 0
3686887 stat("/share/pkg.8/python3/3.12.4/install/lib/python3.12/site-packages/pandas/core/indexers/objects.py", {st_mode=S_IFREG|0644, st_size=14737, ...}) = 0
3686887 openat(AT_FDCWD, "/share/pkg.8/python3/3.12.4/install/lib/python3.12/site-packages/pandas/core/indexers/__pycache__/objects.cpython-312.pyc", O_RDONLY|O_CLOEXEC) = 3
3686887 stat("/share/pkg.8/python3/3.12.4/install/lib/python3.12/site-packages/pandas/_libs/window", {st_mode=S_IFDIR|S_ISGID|0755, st_size=4096, ...}) = 0
3686887 stat("/share/pkg.8/python3/3.12.4/install/lib/python3.12/site-packages/pandas/_libs/window/indexers.cpython-312-x86_64-linux-gnu.so", {st_mode=S_IFREG|0755, st_size=212936, ...}) = 0
3686887 openat(AT_FDCWD, "/share/pkg.8/python3/3.12.4/install/lib/python3.12/site-packages/pandas/_libs/window/indexers.cpython-312-x86_64-linux-gnu.so", O_RDONLY|O_CLOEXEC) = 3
3686887 stat("/share/pkg.8/python3/3.12.4/install/lib/python3.12/site-packages/pandas/core/util", {st_mode=S_IFDIR|S_ISGID|0755, st_size=4096, ...}) = 0
3686887 stat("/share/pkg.8/python3/3.12.4/install/lib/python3.12/site-packages/pandas/core/util/numba_.py", {st_mode=S_IFREG|0644, st_size=2582, ...}) = 0
3686887 stat("/share/pkg.8/python3/3.12.4/install/lib/python3.12/site-packages/pandas/core/util/numba_.py", {st_mode=S_IFREG|0644, st_size=2582, ...}) = 0
3686887 openat(AT_FDCWD, "/share/pkg.8/python3/3.12.4/install/lib/python3.12/site-packages/pandas/core/util/__pycache__/numba_.cpython-312.pyc", O_RDONLY|O_CLOEXEC) = 3
3686887 stat("/share/pkg.8/python3/3.12.4/install/lib/python3.12/site-packages/pandas/core/window", {st_mode=S_IFDIR|S_ISGID|0755, st_size=4096, ...}) = 0
3686887 stat("/share/pkg.8/python3/3.12.4/install/lib/python3.12/site-packages/pandas/core/window/common.py", {st_mode=S_IFREG|0644, st_size=6714, ...}) = 0
3686887 stat("/share/pkg.8/python3/3.12.4/install/lib/python3.12/site-packages/pandas/core/window/common.py", {st_mode=S_IFREG|0644, st_size=6714, ...}) = 0
3686887 openat(AT_FDCWD, "/share/pkg.8/python3/3.12.4/install/lib/python3.12/site-packages/pandas/core/window/__pycache__/common.cpython-312.pyc", O_RDONLY|O_CLOEXEC) = 3
3686887 stat("/share/pkg.8/python3/3.12.4/install/lib/python3.12/site-packages/pandas/core/window", {st_mode=S_IFDIR|S_ISGID|0755, st_size=4096, ...}) = 0
3686887 stat("/share/pkg.8/python3/3.12.4/install/lib/python3.12/site-packages/pandas/core/window/doc.py", {st_mode=S_IFREG|0644, st_size=4158, ...}) = 0
3686887 stat("/share/pkg.8/python3/3.12.4/install/lib/python3.12/site-packages/pandas/core/window/doc.py", {st_mode=S_IFREG|0644, st_size=4158, ...}) = 0
3686887 openat(AT_FDCWD, "/share/pkg.8/python3/3.12.4/install/lib/python3.12/site-packages/pandas/core/window/__pycache__/doc.cpython-312.pyc", O_RDONLY|O_CLOEXEC) = 3
3686887 stat("/share/pkg.8/python3/3.12.4/install/lib/python3.12/site-packages/pandas/core/window", {st_mode=S_IFDIR|S_ISGID|0755, st_size=4096, ...}) = 0
3686887 stat("/share/pkg.8/python3/3.12.4/install/lib/python3.12/site-packages/pandas/core/window/numba_.py", {st_mode=S_IFREG|0644, st_size=10606, ...}) = 0
3686887 stat("/share/pkg.8/python3/3.12.4/install/lib/python3.12/site-packages/pandas/core/window/numba_.py", {st_mode=S_IFREG|0644, st_size=10606, ...}) = 0
3686887 openat(AT_FDCWD, "/share/pkg.8/python3/3.12.4/install/lib/python3.12/site-packages/pandas/core/window/__pycache__/numba_.cpython-312.pyc", O_RDONLY|O_CLOEXEC) = 3
3686887 stat("/share/pkg.8/python3/3.12.4/install/lib/python3.12/site-packages/pandas/core/window", {st_mode=S_IFDIR|S_ISGID|0755, st_size=4096, ...}) = 0
3686887 stat("/share/pkg.8/python3/3.12.4/install/lib/python3.12/site-packages/pandas/core/window/online.py", {st_mode=S_IFREG|0644, st_size=3735, ...}) = 0
3686887 stat("/share/pkg.8/python3/3.12.4/install/lib/python3.12/site-packages/pandas/core/window/online.py", {st_mode=S_IFREG|0644, st_size=3735, ...}) = 0
3686887 openat(AT_FDCWD, "/share/pkg.8/python3/3.12.4/install/lib/python3.12/site-packages/pandas/core/window/__pycache__/online.cpython-312.pyc", O_RDONLY|O_CLOEXEC) = 3
3686887 stat("/share/pkg.8/python3/3.12.4/install/lib/python3.12/site-packages/pandas/core/window", {st_mode=S_IFDIR|S_ISGID|0755, st_size=4096, ...}) = 0
3686887 stat("/share/pkg.8/python3/3.12.4/install/lib/python3.12/site-packages/pandas/core/window/rolling.py", {st_mode=S_IFREG|0644, st_size=95504, ...}) = 0
3686887 stat("/share/pkg.8/python3/3.12.4/install/lib/python3.12/site-packages/pandas/core/window/rolling.py", {st_mode=S_IFREG|0644, st_size=95504, ...}) = 0
3686887 openat(AT_FDCWD, "/share/pkg.8/python3/3.12.4/install/lib/python3.12/site-packages/pandas/core/window/__pycache__/rolling.cpython-312.pyc", O_RDONLY|O_CLOEXEC) = 3
3686887 stat("/share/pkg.8/python3/3.12.4/install/lib/python3.12/site-packages/pandas/core/window", {st_mode=S_IFDIR|S_ISGID|0755, st_size=4096, ...}) = 0
3686887 stat("/share/pkg.8/python3/3.12.4/install/lib/python3.12/site-packages/pandas/core/window/expanding.py", {st_mode=S_IFREG|0644, st_size=27845, ...}) = 0
3686887 stat("/share/pkg.8/python3/3.12.4/install/lib/python3.12/site-packages/pandas/core/window/expanding.py", {st_mode=S_IFREG|0644, st_size=27845, ...}) = 0
3686887 openat(AT_FDCWD, "/share/pkg.8/python3/3.12.4/install/lib/python3.12/site-packages/pandas/core/window/__pycache__/expanding.cpython-312.pyc", O_RDONLY|O_CLOEXEC) = 3
3686887 stat("/share/pkg.8/python3/3.12.4/install/lib/python3.12/site-packages/pandas/core/methods", {st_mode=S_IFDIR|S_ISGID|0755, st_size=4096, ...}) = 0
3686887 stat("/share/pkg.8/python3/3.12.4/install/lib/python3.12/site-packages/pandas/core/methods/selectn.py", {st_mode=S_IFREG|0644, st_size=7696, ...}) = 0
3686887 stat("/share/pkg.8/python3/3.12.4/install/lib/python3.12/site-packages/pandas/core/methods/selectn.py", {st_mode=S_IFREG|0644, st_size=7696, ...}) = 0
3686887 openat(AT_FDCWD, "/share/pkg.8/python3/3.12.4/install/lib/python3.12/site-packages/pandas/core/methods/__pycache__/selectn.cpython-312.pyc", O_RDONLY|O_CLOEXEC) = 3
3686887 stat("/share/pkg.8/python3/3.12.4/install/lib/python3.12/site-packages/pandas/core/reshape", {st_mode=S_IFDIR|S_ISGID|0755, st_size=4096, ...}) = 0
3686887 stat("/share/pkg.8/python3/3.12.4/install/lib/python3.12/site-packages/pandas/core/reshape/melt.py", {st_mode=S_IFREG|0644, st_size=17400, ...}) = 0
3686887 stat("/share/pkg.8/python3/3.12.4/install/lib/python3.12/site-packages/pandas/core/reshape/melt.py", {st_mode=S_IFREG|0644, st_size=17400, ...}) = 0
3686887 openat(AT_FDCWD, "/share/pkg.8/python3/3.12.4/install/lib/python3.12/site-packages/pandas/core/reshape/__pycache__/melt.cpython-312.pyc", O_RDONLY|O_CLOEXEC) = 3
3686887 stat("/share/pkg.8/python3/3.12.4/install/lib/python3.12/site-packages/pandas/core/reshape", {st_mode=S_IFDIR|S_ISGID|0755, st_size=4096, ...}) = 0
3686887 stat("/share/pkg.8/python3/3.12.4/install/lib/python3.12/site-packages/pandas/core/reshape/util.py", {st_mode=S_IFREG|0644, st_size=2014, ...}) = 0
3686887 stat("/share/pkg.8/python3/3.12.4/install/lib/python3.12/site-packages/pandas/core/reshape/util.py", {st_mode=S_IFREG|0644, st_size=2014, ...}) = 0
3686887 openat(AT_FDCWD, "/share/pkg.8/python3/3.12.4/install/lib/python3.12/site-packages/pandas/core/reshape/__pycache__/util.cpython-312.pyc", O_RDONLY|O_CLOEXEC) = 3
3686887 stat("/share/pkg.8/python3/3.12.4/install/lib/python3.12/site-packages/pandas/core/tools", {st_mode=S_IFDIR|S_ISGID|0755, st_size=4096, ...}) = 0
3686887 stat("/share/pkg.8/python3/3.12.4/install/lib/python3.12/site-packages/pandas/core/tools/numeric.py", {st_mode=S_IFREG|0644, st_size=11025, ...}) = 0
3686887 stat("/share/pkg.8/python3/3.12.4/install/lib/python3.12/site-packages/pandas/core/tools/numeric.py", {st_mode=S_IFREG|0644, st_size=11025, ...}) = 0
3686887 openat(AT_FDCWD, "/share/pkg.8/python3/3.12.4/install/lib/python3.12/site-packages/pandas/core/tools/__pycache__/numeric.cpython-312.pyc", O_RDONLY|O_CLOEXEC) = 3
3686887 stat("/share/pkg.8/python3/3.12.4/install/lib/python3.12/site-packages/pandas/core", {st_mode=S_IFDIR|S_ISGID|0755, st_size=4096, ...}) = 0
3686887 stat("/share/pkg.8/python3/3.12.4/install/lib/python3.12/site-packages/pandas/core/series.py", {st_mode=S_IFREG|0644, st_size=213072, ...}) = 0
3686887 stat("/share/pkg.8/python3/3.12.4/install/lib/python3.12/site-packages/pandas/core/series.py", {st_mode=S_IFREG|0644, st_size=213072, ...}) = 0
3686887 openat(AT_FDCWD, "/share/pkg.8/python3/3.12.4/install/lib/python3.12/site-packages/pandas/core/__pycache__/series.cpython-312.pyc", O_RDONLY|O_CLOEXEC) = 3
3686887 stat("/share/pkg.8/python3/3.12.4/install/lib/python3.12/site-packages/pandas/_libs", {st_mode=S_IFDIR|S_ISGID|0755, st_size=4096, ...}) = 0
3686887 stat("/share/pkg.8/python3/3.12.4/install/lib/python3.12/site-packages/pandas/_libs/reshape.cpython-312-x86_64-linux-gnu.so", {st_mode=S_IFREG|0755, st_size=338312, ...}) = 0
3686887 openat(AT_FDCWD, "/share/pkg.8/python3/3.12.4/install/lib/python3.12/site-packages/pandas/_libs/reshape.cpython-312-x86_64-linux-gnu.so", O_RDONLY|O_CLOEXEC) = 3
3686887 stat("/share/pkg.8/python3/3.12.4/install/lib/python3.12/site-packages/pandas/core/indexes", {st_mode=S_IFDIR|S_ISGID|0755, st_size=4096, ...}) = 0
3686887 stat("/share/pkg.8/python3/3.12.4/install/lib/python3.12/site-packages/pandas/core/indexes/accessors.py", {st_mode=S_IFREG|0644, st_size=19152, ...}) = 0
3686887 stat("/share/pkg.8/python3/3.12.4/install/lib/python3.12/site-packages/pandas/core/indexes/accessors.py", {st_mode=S_IFREG|0644, st_size=19152, ...}) = 0
3686887 openat(AT_FDCWD, "/share/pkg.8/python3/3.12.4/install/lib/python3.12/site-packages/pandas/core/indexes/__pycache__/accessors.cpython-312.pyc", O_RDONLY|O_CLOEXEC) = 3
3686887 stat("/share/pkg.8/python3/3.12.4/install/lib/python3.12/site-packages/pandas/core/tools", {st_mode=S_IFDIR|S_ISGID|0755, st_size=4096, ...}) = 0
3686887 stat("/share/pkg.8/python3/3.12.4/install/lib/python3.12/site-packages/pandas/core/tools/datetimes.py", {st_mode=S_IFREG|0644, st_size=43404, ...}) = 0
3686887 stat("/share/pkg.8/python3/3.12.4/install/lib/python3.12/site-packages/pandas/core/tools/datetimes.py", {st_mode=S_IFREG|0644, st_size=43404, ...}) = 0
3686887 openat(AT_FDCWD, "/share/pkg.8/python3/3.12.4/install/lib/python3.12/site-packages/pandas/core/tools/__pycache__/datetimes.cpython-312.pyc", O_RDONLY|O_CLOEXEC) = 3
3686887 stat("/share/pkg.8/python3/3.12.4/install/lib/python3.12/site-packages/pandas", {st_mode=S_IFDIR|S_ISGID|0755, st_size=4096, ...}) = 0
3686887 stat("/share/pkg.8/python3/3.12.4/install/lib/python3.12/site-packages/pandas/arrays/__init__.cpython-312-x86_64-linux-gnu.so", 0x7ffdb918b0b0) = -1 ENOENT (No such file or directory)
3686887 stat("/share/pkg.8/python3/3.12.4/install/lib/python3.12/site-packages/pandas/arrays/__init__.abi3.so", 0x7ffdb918b0b0) = -1 ENOENT (No such file or directory)
3686887 stat("/share/pkg.8/python3/3.12.4/install/lib/python3.12/site-packages/pandas/arrays/__init__.so", 0x7ffdb918b0b0) = -1 ENOENT (No such file or directory)
3686887 stat("/share/pkg.8/python3/3.12.4/install/lib/python3.12/site-packages/pandas/arrays/__init__.py", {st_mode=S_IFREG|0644, st_size=1227, ...}) = 0
3686887 stat("/share/pkg.8/python3/3.12.4/install/lib/python3.12/site-packages/pandas/arrays/__init__.py", {st_mode=S_IFREG|0644, st_size=1227, ...}) = 0
3686887 openat(AT_FDCWD, "/share/pkg.8/python3/3.12.4/install/lib/python3.12/site-packages/pandas/arrays/__pycache__/__init__.cpython-312.pyc", O_RDONLY|O_CLOEXEC) = 3
3686887 stat("/share/pkg.8/python3/3.12.4/install/lib/python3.12/site-packages/pandas/io/formats", {st_mode=S_IFDIR|S_ISGID|0755, st_size=4096, ...}) = 0
3686887 stat("/share/pkg.8/python3/3.12.4/install/lib/python3.12/site-packages/pandas/io/formats/info.py", {st_mode=S_IFREG|0644, st_size=32621, ...}) = 0
3686887 stat("/share/pkg.8/python3/3.12.4/install/lib/python3.12/site-packages/pandas/io/formats/info.py", {st_mode=S_IFREG|0644, st_size=32621, ...}) = 0
3686887 openat(AT_FDCWD, "/share/pkg.8/python3/3.12.4/install/lib/python3.12/site-packages/pandas/io/formats/__pycache__/info.cpython-312.pyc", O_RDONLY|O_CLOEXEC) = 3
3686887 stat("/share/pkg.8/python3/3.12.4/install/lib/python3.12/site-packages/pandas", {st_mode=S_IFDIR|S_ISGID|0755, st_size=4096, ...}) = 0
3686887 stat("/share/pkg.8/python3/3.12.4/install/lib/python3.12/site-packages/pandas/plotting/__init__.cpython-312-x86_64-linux-gnu.so", 0x7ffdb918b7d0) = -1 ENOENT (No such file or directory)
3686887 stat("/share/pkg.8/python3/3.12.4/install/lib/python3.12/site-packages/pandas/plotting/__init__.abi3.so", 0x7ffdb918b7d0) = -1 ENOENT (No such file or directory)
3686887 stat("/share/pkg.8/python3/3.12.4/install/lib/python3.12/site-packages/pandas/plotting/__init__.so", 0x7ffdb918b7d0) = -1 ENOENT (No such file or directory)
3686887 stat("/share/pkg.8/python3/3.12.4/install/lib/python3.12/site-packages/pandas/plotting/__init__.py", {st_mode=S_IFREG|0644, st_size=2826, ...}) = 0
3686887 stat("/share/pkg.8/python3/3.12.4/install/lib/python3.12/site-packages/pandas/plotting/__init__.py", {st_mode=S_IFREG|0644, st_size=2826, ...}) = 0
3686887 openat(AT_FDCWD, "/share/pkg.8/python3/3.12.4/install/lib/python3.12/site-packages/pandas/plotting/__pycache__/__init__.cpython-312.pyc", O_RDONLY|O_CLOEXEC) = 3
3686887 stat("/share/pkg.8/python3/3.12.4/install/lib/python3.12/site-packages/pandas/plotting", {st_mode=S_IFDIR|S_ISGID|0755, st_size=4096, ...}) = 0
3686887 stat("/share/pkg.8/python3/3.12.4/install/lib/python3.12/site-packages/pandas/plotting", {st_mode=S_IFDIR|S_ISGID|0755, st_size=4096, ...}) = 0
3686887 stat("/share/pkg.8/python3/3.12.4/install/lib/python3.12/site-packages/pandas/plotting", {st_mode=S_IFDIR|S_ISGID|0755, st_size=4096, ...}) = 0
3686887 openat(AT_FDCWD, "/share/pkg.8/python3/3.12.4/install/lib/python3.12/site-packages/pandas/plotting", O_RDONLY|O_NONBLOCK|O_CLOEXEC|O_DIRECTORY) = 3
3686887 stat("/share/pkg.8/python3/3.12.4/install/lib/python3.12/site-packages/pandas/plotting/_core.py", {st_mode=S_IFREG|0644, st_size=66558, ...}) = 0
3686887 stat("/share/pkg.8/python3/3.12.4/install/lib/python3.12/site-packages/pandas/plotting/_core.py", {st_mode=S_IFREG|0644, st_size=66558, ...}) = 0
3686887 openat(AT_FDCWD, "/share/pkg.8/python3/3.12.4/install/lib/python3.12/site-packages/pandas/plotting/__pycache__/_core.cpython-312.pyc", O_RDONLY|O_CLOEXEC) = 3
3686887 stat("/share/pkg.8/python3/3.12.4/install/lib/python3.12/site-packages/pandas/plotting", {st_mode=S_IFDIR|S_ISGID|0755, st_size=4096, ...}) = 0
3686887 stat("/share/pkg.8/python3/3.12.4/install/lib/python3.12/site-packages/pandas/plotting/_misc.py", {st_mode=S_IFREG|0644, st_size=20929, ...}) = 0
3686887 stat("/share/pkg.8/python3/3.12.4/install/lib/python3.12/site-packages/pandas/plotting/_misc.py", {st_mode=S_IFREG|0644, st_size=20929, ...}) = 0
3686887 openat(AT_FDCWD, "/share/pkg.8/python3/3.12.4/install/lib/python3.12/site-packages/pandas/plotting/__pycache__/_misc.cpython-312.pyc", O_RDONLY|O_CLOEXEC) = 3
3686887 stat("/share/pkg.8/python3/3.12.4/install/lib/python3.12/site-packages/pandas/core/groupby", {st_mode=S_IFDIR|S_ISGID|0755, st_size=4096, ...}) = 0
3686887 stat("/share/pkg.8/python3/3.12.4/install/lib/python3.12/site-packages/pandas/core/groupby/base.py", {st_mode=S_IFREG|0644, st_size=2740, ...}) = 0
3686887 stat("/share/pkg.8/python3/3.12.4/install/lib/python3.12/site-packages/pandas/core/groupby/base.py", {st_mode=S_IFREG|0644, st_size=2740, ...}) = 0
3686887 openat(AT_FDCWD, "/share/pkg.8/python3/3.12.4/install/lib/python3.12/site-packages/pandas/core/groupby/__pycache__/base.cpython-312.pyc", O_RDONLY|O_CLOEXEC) = 3
3686887 stat("/share/pkg.8/python3/3.12.4/install/lib/python3.12/site-packages/pandas/core/groupby", {st_mode=S_IFDIR|S_ISGID|0755, st_size=4096, ...}) = 0
3686887 stat("/share/pkg.8/python3/3.12.4/install/lib/python3.12/site-packages/pandas/core/groupby/ops.py", {st_mode=S_IFREG|0644, st_size=38234, ...}) = 0
3686887 stat("/share/pkg.8/python3/3.12.4/install/lib/python3.12/site-packages/pandas/core/groupby/ops.py", {st_mode=S_IFREG|0644, st_size=38234, ...}) = 0
3686887 openat(AT_FDCWD, "/share/pkg.8/python3/3.12.4/install/lib/python3.12/site-packages/pandas/core/groupby/__pycache__/ops.cpython-312.pyc", O_RDONLY|O_CLOEXEC) = 3
3686887 stat("/share/pkg.8/python3/3.12.4/install/lib/python3.12/site-packages/pandas/_libs", {st_mode=S_IFDIR|S_ISGID|0755, st_size=4096, ...}) = 0
3686887 stat("/share/pkg.8/python3/3.12.4/install/lib/python3.12/site-packages/pandas/_libs/groupby.cpython-312-x86_64-linux-gnu.so", {st_mode=S_IFREG|0755, st_size=2662984, ...}) = 0
3686887 openat(AT_FDCWD, "/share/pkg.8/python3/3.12.4/install/lib/python3.12/site-packages/pandas/_libs/groupby.cpython-312-x86_64-linux-gnu.so", O_RDONLY|O_CLOEXEC) = 3
3686887 stat("/projectnb/rcs-intern/reetom/sif", {st_mode=S_IFDIR|S_ISGID|0755, st_size=4096, ...}) = 0
3686887 stat("/share/pkg.8/python3/3.12.4/install/lib/python3.12", {st_mode=S_IFDIR|S_ISGID|0755, st_size=8192, ...}) = 0
3686887 stat("/share/pkg.8/python3/3.12.4/install/lib/python3.12/lib-dynload", {st_mode=S_IFDIR|S_ISGID|0755, st_size=8192, ...}) = 0
3686887 stat("/share/pkg.8/python3/3.12.4/install/lib/python3.12/site-packages", {st_mode=S_IFDIR|S_ISGID|0755, st_size=131072, ...}) = 0
3686887 stat("/share/pkg.8/python3/3.12.4/install/lib/python3.12/site-packages/pandas/core/groupby", {st_mode=S_IFDIR|S_ISGID|0755, st_size=4096, ...}) = 0
3686887 stat("/share/pkg.8/python3/3.12.4/install/lib/python3.12/site-packages/pandas/core/groupby/grouper.py", {st_mode=S_IFREG|0644, st_size=38672, ...}) = 0
3686887 stat("/share/pkg.8/python3/3.12.4/install/lib/python3.12/site-packages/pandas/core/groupby/grouper.py", {st_mode=S_IFREG|0644, st_size=38672, ...}) = 0
3686887 openat(AT_FDCWD, "/share/pkg.8/python3/3.12.4/install/lib/python3.12/site-packages/pandas/core/groupby/__pycache__/grouper.cpython-312.pyc", O_RDONLY|O_CLOEXEC) = 3
3686887 stat("/share/pkg.8/python3/3.12.4/install/lib/python3.12/site-packages/pandas/core/groupby", {st_mode=S_IFDIR|S_ISGID|0755, st_size=4096, ...}) = 0
3686887 stat("/share/pkg.8/python3/3.12.4/install/lib/python3.12/site-packages/pandas/core/groupby/categorical.py", {st_mode=S_IFREG|0644, st_size=3047, ...}) = 0
3686887 stat("/share/pkg.8/python3/3.12.4/install/lib/python3.12/site-packages/pandas/core/groupby/categorical.py", {st_mode=S_IFREG|0644, st_size=3047, ...}) = 0
3686887 openat(AT_FDCWD, "/share/pkg.8/python3/3.12.4/install/lib/python3.12/site-packages/pandas/core/groupby/__pycache__/categorical.cpython-312.pyc", O_RDONLY|O_CLOEXEC) = 3
3686887 stat("/share/pkg.8/python3/3.12.4/install/lib/python3.12/site-packages/pandas/core/groupby", {st_mode=S_IFDIR|S_ISGID|0755, st_size=4096, ...}) = 0
3686887 stat("/share/pkg.8/python3/3.12.4/install/lib/python3.12/site-packages/pandas/core/groupby/groupby.py", {st_mode=S_IFREG|0644, st_size=195730, ...}) = 0
3686887 stat("/share/pkg.8/python3/3.12.4/install/lib/python3.12/site-packages/pandas/core/groupby/groupby.py", {st_mode=S_IFREG|0644, st_size=195730, ...}) = 0
3686887 openat(AT_FDCWD, "/share/pkg.8/python3/3.12.4/install/lib/python3.12/site-packages/pandas/core/groupby/__pycache__/groupby.cpython-312.pyc", O_RDONLY|O_CLOEXEC) = 3
3686887 stat("/share/pkg.8/python3/3.12.4/install/lib/python3.12/site-packages/pandas/core/groupby", {st_mode=S_IFDIR|S_ISGID|0755, st_size=4096, ...}) = 0
3686887 stat("/share/pkg.8/python3/3.12.4/install/lib/python3.12/site-packages/pandas/core/groupby/numba_.py", {st_mode=S_IFREG|0644, st_size=4894, ...}) = 0
3686887 stat("/share/pkg.8/python3/3.12.4/install/lib/python3.12/site-packages/pandas/core/groupby/numba_.py", {st_mode=S_IFREG|0644, st_size=4894, ...}) = 0
3686887 openat(AT_FDCWD, "/share/pkg.8/python3/3.12.4/install/lib/python3.12/site-packages/pandas/core/groupby/__pycache__/numba_.cpython-312.pyc", O_RDONLY|O_CLOEXEC) = 3
3686887 stat("/share/pkg.8/python3/3.12.4/install/lib/python3.12/site-packages/pandas/core/groupby", {st_mode=S_IFDIR|S_ISGID|0755, st_size=4096, ...}) = 0
3686887 stat("/share/pkg.8/python3/3.12.4/install/lib/python3.12/site-packages/pandas/core/groupby/indexing.py", {st_mode=S_IFREG|0644, st_size=9510, ...}) = 0
3686887 stat("/share/pkg.8/python3/3.12.4/install/lib/python3.12/site-packages/pandas/core/groupby/indexing.py", {st_mode=S_IFREG|0644, st_size=9510, ...}) = 0
3686887 openat(AT_FDCWD, "/share/pkg.8/python3/3.12.4/install/lib/python3.12/site-packages/pandas/core/groupby/__pycache__/indexing.cpython-312.pyc", O_RDONLY|O_CLOEXEC) = 3
3686887 stat("/share/pkg.8/python3/3.12.4/install/lib/python3.12/site-packages/pandas/tseries", {st_mode=S_IFDIR|S_ISGID|0755, st_size=4096, ...}) = 0
3686887 stat("/share/pkg.8/python3/3.12.4/install/lib/python3.12/site-packages/pandas/tseries/api.py", {st_mode=S_IFREG|0644, st_size=234, ...}) = 0
3686887 stat("/share/pkg.8/python3/3.12.4/install/lib/python3.12/site-packages/pandas/tseries/api.py", {st_mode=S_IFREG|0644, st_size=234, ...}) = 0
3686887 openat(AT_FDCWD, "/share/pkg.8/python3/3.12.4/install/lib/python3.12/site-packages/pandas/tseries/__pycache__/api.cpython-312.pyc", O_RDONLY|O_CLOEXEC) = 3
3686887 stat("/share/pkg.8/python3/3.12.4/install/lib/python3.12/site-packages/pandas/core/computation", {st_mode=S_IFDIR|S_ISGID|0755, st_size=4096, ...}) = 0
3686887 stat("/share/pkg.8/python3/3.12.4/install/lib/python3.12/site-packages/pandas/core/computation/api.py", {st_mode=S_IFREG|0644, st_size=65, ...}) = 0
3686887 stat("/share/pkg.8/python3/3.12.4/install/lib/python3.12/site-packages/pandas/core/computation/api.py", {st_mode=S_IFREG|0644, st_size=65, ...}) = 0
3686887 openat(AT_FDCWD, "/share/pkg.8/python3/3.12.4/install/lib/python3.12/site-packages/pandas/core/computation/__pycache__/api.cpython-312.pyc", O_RDONLY|O_CLOEXEC) = 3
3686887 stat("/share/pkg.8/python3/3.12.4/install/lib/python3.12/site-packages/pandas/core/computation", {st_mode=S_IFDIR|S_ISGID|0755, st_size=4096, ...}) = 0
3686887 stat("/share/pkg.8/python3/3.12.4/install/lib/python3.12/site-packages/pandas/core/computation/eval.py", {st_mode=S_IFREG|0644, st_size=14047, ...}) = 0
3686887 stat("/share/pkg.8/python3/3.12.4/install/lib/python3.12/site-packages/pandas/core/computation/eval.py", {st_mode=S_IFREG|0644, st_size=14047, ...}) = 0
3686887 openat(AT_FDCWD, "/share/pkg.8/python3/3.12.4/install/lib/python3.12/site-packages/pandas/core/computation/__pycache__/eval.cpython-312.pyc", O_RDONLY|O_CLOEXEC) = 3
3686887 stat("/share/pkg.8/python3/3.12.4/install/lib/python3.12/site-packages/pandas/core/computation", {st_mode=S_IFDIR|S_ISGID|0755, st_size=4096, ...}) = 0
3686887 stat("/share/pkg.8/python3/3.12.4/install/lib/python3.12/site-packages/pandas/core/computation/engines.py", {st_mode=S_IFREG|0644, st_size=3314, ...}) = 0
3686887 stat("/share/pkg.8/python3/3.12.4/install/lib/python3.12/site-packages/pandas/core/computation/engines.py", {st_mode=S_IFREG|0644, st_size=3314, ...}) = 0
3686887 openat(AT_FDCWD, "/share/pkg.8/python3/3.12.4/install/lib/python3.12/site-packages/pandas/core/computation/__pycache__/engines.cpython-312.pyc", O_RDONLY|O_CLOEXEC) = 3
3686887 stat("/share/pkg.8/python3/3.12.4/install/lib/python3.12/site-packages/pandas/core/computation", {st_mode=S_IFDIR|S_ISGID|0755, st_size=4096, ...}) = 0
3686887 stat("/share/pkg.8/python3/3.12.4/install/lib/python3.12/site-packages/pandas/core/computation/align.py", {st_mode=S_IFREG|0644, st_size=6161, ...}) = 0
3686887 stat("/share/pkg.8/python3/3.12.4/install/lib/python3.12/site-packages/pandas/core/computation/align.py", {st_mode=S_IFREG|0644, st_size=6161, ...}) = 0
3686887 openat(AT_FDCWD, "/share/pkg.8/python3/3.12.4/install/lib/python3.12/site-packages/pandas/core/computation/__pycache__/align.cpython-312.pyc", O_RDONLY|O_CLOEXEC) = 3
3686887 stat("/share/pkg.8/python3/3.12.4/install/lib/python3.12/site-packages/pandas/core/computation", {st_mode=S_IFDIR|S_ISGID|0755, st_size=4096, ...}) = 0
3686887 stat("/share/pkg.8/python3/3.12.4/install/lib/python3.12/site-packages/pandas/core/computation/common.py", {st_mode=S_IFREG|0644, st_size=1442, ...}) = 0
3686887 stat("/share/pkg.8/python3/3.12.4/install/lib/python3.12/site-packages/pandas/core/computation/common.py", {st_mode=S_IFREG|0644, st_size=1442, ...}) = 0
3686887 openat(AT_FDCWD, "/share/pkg.8/python3/3.12.4/install/lib/python3.12/site-packages/pandas/core/computation/__pycache__/common.cpython-312.pyc", O_RDONLY|O_CLOEXEC) = 3
3686887 stat("/share/pkg.8/python3/3.12.4/install/lib/python3.12/site-packages/pandas/core/computation", {st_mode=S_IFDIR|S_ISGID|0755, st_size=4096, ...}) = 0
3686887 stat("/share/pkg.8/python3/3.12.4/install/lib/python3.12/site-packages/pandas/core/computation/ops.py", {st_mode=S_IFREG|0644, st_size=16172, ...}) = 0
3686887 stat("/share/pkg.8/python3/3.12.4/install/lib/python3.12/site-packages/pandas/core/computation/ops.py", {st_mode=S_IFREG|0644, st_size=16172, ...}) = 0
3686887 openat(AT_FDCWD, "/share/pkg.8/python3/3.12.4/install/lib/python3.12/site-packages/pandas/core/computation/__pycache__/ops.cpython-312.pyc", O_RDONLY|O_CLOEXEC) = 3
3686887 stat("/share/pkg.8/python3/3.12.4/install/lib/python3.12/site-packages/pandas/core/computation", {st_mode=S_IFDIR|S_ISGID|0755, st_size=4096, ...}) = 0
3686887 stat("/share/pkg.8/python3/3.12.4/install/lib/python3.12/site-packages/pandas/core/computation/scope.py", {st_mode=S_IFREG|0644, st_size=10203, ...}) = 0
3686887 stat("/share/pkg.8/python3/3.12.4/install/lib/python3.12/site-packages/pandas/core/computation/scope.py", {st_mode=S_IFREG|0644, st_size=10203, ...}) = 0
3686887 openat(AT_FDCWD, "/share/pkg.8/python3/3.12.4/install/lib/python3.12/site-packages/pandas/core/computation/__pycache__/scope.cpython-312.pyc", O_RDONLY|O_CLOEXEC) = 3
3686887 stat("/projectnb/rcs-intern/reetom/sif", {st_mode=S_IFDIR|S_ISGID|0755, st_size=4096, ...}) = 0
3686887 stat("/share/pkg.8/python3/3.12.4/install/lib/python3.12", {st_mode=S_IFDIR|S_ISGID|0755, st_size=8192, ...}) = 0
3686887 stat("/share/pkg.8/python3/3.12.4/install/lib/python3.12/pprint.py", {st_mode=S_IFREG|0644, st_size=24158, ...}) = 0
3686887 stat("/share/pkg.8/python3/3.12.4/install/lib/python3.12/pprint.py", {st_mode=S_IFREG|0644, st_size=24158, ...}) = 0
3686887 openat(AT_FDCWD, "/share/pkg.8/python3/3.12.4/install/lib/python3.12/__pycache__/pprint.cpython-312.pyc", O_RDONLY|O_CLOEXEC) = 3
3686887 stat("/share/pkg.8/python3/3.12.4/install/lib/python3.12/site-packages/pandas/core/computation", {st_mode=S_IFDIR|S_ISGID|0755, st_size=4096, ...}) = 0
3686887 stat("/share/pkg.8/python3/3.12.4/install/lib/python3.12/site-packages/pandas/core/computation/expr.py", {st_mode=S_IFREG|0644, st_size=25160, ...}) = 0
3686887 stat("/share/pkg.8/python3/3.12.4/install/lib/python3.12/site-packages/pandas/core/computation/expr.py", {st_mode=S_IFREG|0644, st_size=25160, ...}) = 0
3686887 openat(AT_FDCWD, "/share/pkg.8/python3/3.12.4/install/lib/python3.12/site-packages/pandas/core/computation/__pycache__/expr.cpython-312.pyc", O_RDONLY|O_CLOEXEC) = 3
3686887 stat("/share/pkg.8/python3/3.12.4/install/lib/python3.12/site-packages/pandas/core/computation", {st_mode=S_IFDIR|S_ISGID|0755, st_size=4096, ...}) = 0
3686887 stat("/share/pkg.8/python3/3.12.4/install/lib/python3.12/site-packages/pandas/core/computation/parsing.py", {st_mode=S_IFREG|0644, st_size=6399, ...}) = 0
3686887 stat("/share/pkg.8/python3/3.12.4/install/lib/python3.12/site-packages/pandas/core/computation/parsing.py", {st_mode=S_IFREG|0644, st_size=6399, ...}) = 0
3686887 openat(AT_FDCWD, "/share/pkg.8/python3/3.12.4/install/lib/python3.12/site-packages/pandas/core/computation/__pycache__/parsing.cpython-312.pyc", O_RDONLY|O_CLOEXEC) = 3
3686887 stat("/share/pkg.8/python3/3.12.4/install/lib/python3.12/site-packages/pandas/core/reshape", {st_mode=S_IFDIR|S_ISGID|0755, st_size=4096, ...}) = 0
3686887 stat("/share/pkg.8/python3/3.12.4/install/lib/python3.12/site-packages/pandas/core/reshape/api.py", {st_mode=S_IFREG|0644, st_size=680, ...}) = 0
3686887 stat("/share/pkg.8/python3/3.12.4/install/lib/python3.12/site-packages/pandas/core/reshape/api.py", {st_mode=S_IFREG|0644, st_size=680, ...}) = 0
3686887 openat(AT_FDCWD, "/share/pkg.8/python3/3.12.4/install/lib/python3.12/site-packages/pandas/core/reshape/__pycache__/api.cpython-312.pyc", O_RDONLY|O_CLOEXEC) = 3
3686887 stat("/share/pkg.8/python3/3.12.4/install/lib/python3.12/site-packages/pandas/core/reshape", {st_mode=S_IFDIR|S_ISGID|0755, st_size=4096, ...}) = 0
3686887 stat("/share/pkg.8/python3/3.12.4/install/lib/python3.12/site-packages/pandas/core/reshape/encoding.py", {st_mode=S_IFREG|0644, st_size=18970, ...}) = 0
3686887 stat("/share/pkg.8/python3/3.12.4/install/lib/python3.12/site-packages/pandas/core/reshape/encoding.py", {st_mode=S_IFREG|0644, st_size=18970, ...}) = 0
3686887 openat(AT_FDCWD, "/share/pkg.8/python3/3.12.4/install/lib/python3.12/site-packages/pandas/core/reshape/__pycache__/encoding.cpython-312.pyc", O_RDONLY|O_CLOEXEC) = 3
3686887 stat("/share/pkg.8/python3/3.12.4/install/lib/python3.12/site-packages/pandas/core/reshape", {st_mode=S_IFDIR|S_ISGID|0755, st_size=4096, ...}) = 0
3686887 stat("/share/pkg.8/python3/3.12.4/install/lib/python3.12/site-packages/pandas/core/reshape/merge.py", {st_mode=S_IFREG|0644, st_size=99585, ...}) = 0
3686887 stat("/share/pkg.8/python3/3.12.4/install/lib/python3.12/site-packages/pandas/core/reshape/merge.py", {st_mode=S_IFREG|0644, st_size=99585, ...}) = 0
3686887 openat(AT_FDCWD, "/share/pkg.8/python3/3.12.4/install/lib/python3.12/site-packages/pandas/core/reshape/__pycache__/merge.cpython-312.pyc", O_RDONLY|O_CLOEXEC) = 3
3686887 stat("/share/pkg.8/python3/3.12.4/install/lib/python3.12/site-packages/pandas/core/reshape", {st_mode=S_IFDIR|S_ISGID|0755, st_size=4096, ...}) = 0
3686887 stat("/share/pkg.8/python3/3.12.4/install/lib/python3.12/site-packages/pandas/core/reshape/pivot.py", {st_mode=S_IFREG|0644, st_size=28917, ...}) = 0
3686887 stat("/share/pkg.8/python3/3.12.4/install/lib/python3.12/site-packages/pandas/core/reshape/pivot.py", {st_mode=S_IFREG|0644, st_size=28917, ...}) = 0
3686887 openat(AT_FDCWD, "/share/pkg.8/python3/3.12.4/install/lib/python3.12/site-packages/pandas/core/reshape/__pycache__/pivot.cpython-312.pyc", O_RDONLY|O_CLOEXEC) = 3
3686887 stat("/share/pkg.8/python3/3.12.4/install/lib/python3.12/site-packages/pandas/core/reshape", {st_mode=S_IFDIR|S_ISGID|0755, st_size=4096, ...}) = 0
3686887 stat("/share/pkg.8/python3/3.12.4/install/lib/python3.12/site-packages/pandas/core/reshape/tile.py", {st_mode=S_IFREG|0644, st_size=21947, ...}) = 0
3686887 stat("/share/pkg.8/python3/3.12.4/install/lib/python3.12/site-packages/pandas/core/reshape/tile.py", {st_mode=S_IFREG|0644, st_size=21947, ...}) = 0
3686887 openat(AT_FDCWD, "/share/pkg.8/python3/3.12.4/install/lib/python3.12/site-packages/pandas/core/reshape/__pycache__/tile.cpython-312.pyc", O_RDONLY|O_CLOEXEC) = 3
3686887 stat("/share/pkg.8/python3/3.12.4/install/lib/python3.12/site-packages/pandas", {st_mode=S_IFDIR|S_ISGID|0755, st_size=4096, ...}) = 0
3686887 stat("/share/pkg.8/python3/3.12.4/install/lib/python3.12/site-packages/pandas/api/__init__.cpython-312-x86_64-linux-gnu.so", 0x7ffdb918d670) = -1 ENOENT (No such file or directory)
3686887 stat("/share/pkg.8/python3/3.12.4/install/lib/python3.12/site-packages/pandas/api/__init__.abi3.so", 0x7ffdb918d670) = -1 ENOENT (No such file or directory)
3686887 stat("/share/pkg.8/python3/3.12.4/install/lib/python3.12/site-packages/pandas/api/__init__.so", 0x7ffdb918d670) = -1 ENOENT (No such file or directory)
3686887 stat("/share/pkg.8/python3/3.12.4/install/lib/python3.12/site-packages/pandas/api/__init__.py", {st_mode=S_IFREG|0644, st_size=219, ...}) = 0
3686887 stat("/share/pkg.8/python3/3.12.4/install/lib/python3.12/site-packages/pandas/api/__init__.py", {st_mode=S_IFREG|0644, st_size=219, ...}) = 0
3686887 openat(AT_FDCWD, "/share/pkg.8/python3/3.12.4/install/lib/python3.12/site-packages/pandas/api/__pycache__/__init__.cpython-312.pyc", O_RDONLY|O_CLOEXEC) = 3
3686887 stat("/share/pkg.8/python3/3.12.4/install/lib/python3.12/site-packages/pandas/api", {st_mode=S_IFDIR|S_ISGID|0755, st_size=4096, ...}) = 0
3686887 stat("/share/pkg.8/python3/3.12.4/install/lib/python3.12/site-packages/pandas/api", {st_mode=S_IFDIR|S_ISGID|0755, st_size=4096, ...}) = 0
3686887 stat("/share/pkg.8/python3/3.12.4/install/lib/python3.12/site-packages/pandas/api", {st_mode=S_IFDIR|S_ISGID|0755, st_size=4096, ...}) = 0
3686887 openat(AT_FDCWD, "/share/pkg.8/python3/3.12.4/install/lib/python3.12/site-packages/pandas/api", O_RDONLY|O_NONBLOCK|O_CLOEXEC|O_DIRECTORY) = 3
3686887 stat("/share/pkg.8/python3/3.12.4/install/lib/python3.12/site-packages/pandas/api/extensions/__init__.cpython-312-x86_64-linux-gnu.so", 0x7ffdb918ca50) = -1 ENOENT (No such file or directory)
3686887 stat("/share/pkg.8/python3/3.12.4/install/lib/python3.12/site-packages/pandas/api/extensions/__init__.abi3.so", 0x7ffdb918ca50) = -1 ENOENT (No such file or directory)
3686887 stat("/share/pkg.8/python3/3.12.4/install/lib/python3.12/site-packages/pandas/api/extensions/__init__.so", 0x7ffdb918ca50) = -1 ENOENT (No such file or directory)
3686887 stat("/share/pkg.8/python3/3.12.4/install/lib/python3.12/site-packages/pandas/api/extensions/__init__.py", {st_mode=S_IFREG|0644, st_size=685, ...}) = 0
3686887 stat("/share/pkg.8/python3/3.12.4/install/lib/python3.12/site-packages/pandas/api/extensions/__init__.py", {st_mode=S_IFREG|0644, st_size=685, ...}) = 0
3686887 openat(AT_FDCWD, "/share/pkg.8/python3/3.12.4/install/lib/python3.12/site-packages/pandas/api/extensions/__pycache__/__init__.cpython-312.pyc", O_RDONLY|O_CLOEXEC) = 3
3686887 stat("/share/pkg.8/python3/3.12.4/install/lib/python3.12/site-packages/pandas/api", {st_mode=S_IFDIR|S_ISGID|0755, st_size=4096, ...}) = 0
3686887 stat("/share/pkg.8/python3/3.12.4/install/lib/python3.12/site-packages/pandas/api/indexers/__init__.cpython-312-x86_64-linux-gnu.so", 0x7ffdb918ca50) = -1 ENOENT (No such file or directory)
3686887 stat("/share/pkg.8/python3/3.12.4/install/lib/python3.12/site-packages/pandas/api/indexers/__init__.abi3.so", 0x7ffdb918ca50) = -1 ENOENT (No such file or directory)
3686887 stat("/share/pkg.8/python3/3.12.4/install/lib/python3.12/site-packages/pandas/api/indexers/__init__.so", 0x7ffdb918ca50) = -1 ENOENT (No such file or directory)
3686887 stat("/share/pkg.8/python3/3.12.4/install/lib/python3.12/site-packages/pandas/api/indexers/__init__.py", {st_mode=S_IFREG|0644, st_size=357, ...}) = 0
3686887 stat("/share/pkg.8/python3/3.12.4/install/lib/python3.12/site-packages/pandas/api/indexers/__init__.py", {st_mode=S_IFREG|0644, st_size=357, ...}) = 0
3686887 openat(AT_FDCWD, "/share/pkg.8/python3/3.12.4/install/lib/python3.12/site-packages/pandas/api/indexers/__pycache__/__init__.cpython-312.pyc", O_RDONLY|O_CLOEXEC) = 3
3686887 stat("/share/pkg.8/python3/3.12.4/install/lib/python3.12/site-packages/pandas/api", {st_mode=S_IFDIR|S_ISGID|0755, st_size=4096, ...}) = 0
3686887 stat("/share/pkg.8/python3/3.12.4/install/lib/python3.12/site-packages/pandas/api/interchange/__init__.cpython-312-x86_64-linux-gnu.so", 0x7ffdb918ca50) = -1 ENOENT (No such file or directory)
3686887 stat("/share/pkg.8/python3/3.12.4/install/lib/python3.12/site-packages/pandas/api/interchange/__init__.abi3.so", 0x7ffdb918ca50) = -1 ENOENT (No such file or directory)
3686887 stat("/share/pkg.8/python3/3.12.4/install/lib/python3.12/site-packages/pandas/api/interchange/__init__.so", 0x7ffdb918ca50) = -1 ENOENT (No such file or directory)
3686887 stat("/share/pkg.8/python3/3.12.4/install/lib/python3.12/site-packages/pandas/api/interchange/__init__.py", {st_mode=S_IFREG|0644, st_size=230, ...}) = 0
3686887 stat("/share/pkg.8/python3/3.12.4/install/lib/python3.12/site-packages/pandas/api/interchange/__init__.py", {st_mode=S_IFREG|0644, st_size=230, ...}) = 0
3686887 openat(AT_FDCWD, "/share/pkg.8/python3/3.12.4/install/lib/python3.12/site-packages/pandas/api/interchange/__pycache__/__init__.cpython-312.pyc", O_RDONLY|O_CLOEXEC) = 3
3686887 stat("/share/pkg.8/python3/3.12.4/install/lib/python3.12/site-packages/pandas/core", {st_mode=S_IFDIR|S_ISGID|0755, st_size=4096, ...}) = 0
3686887 stat("/share/pkg.8/python3/3.12.4/install/lib/python3.12/site-packages/pandas/core/interchange/__init__.cpython-312-x86_64-linux-gnu.so", 0x7ffdb918be30) = -1 ENOENT (No such file or directory)
3686887 stat("/share/pkg.8/python3/3.12.4/install/lib/python3.12/site-packages/pandas/core/interchange/__init__.abi3.so", 0x7ffdb918be30) = -1 ENOENT (No such file or directory)
3686887 stat("/share/pkg.8/python3/3.12.4/install/lib/python3.12/site-packages/pandas/core/interchange/__init__.so", 0x7ffdb918be30) = -1 ENOENT (No such file or directory)
3686887 stat("/share/pkg.8/python3/3.12.4/install/lib/python3.12/site-packages/pandas/core/interchange/__init__.py", {st_mode=S_IFREG|0644, st_size=0, ...}) = 0
3686887 stat("/share/pkg.8/python3/3.12.4/install/lib/python3.12/site-packages/pandas/core/interchange/__init__.py", {st_mode=S_IFREG|0644, st_size=0, ...}) = 0
3686887 openat(AT_FDCWD, "/share/pkg.8/python3/3.12.4/install/lib/python3.12/site-packages/pandas/core/interchange/__pycache__/__init__.cpython-312.pyc", O_RDONLY|O_CLOEXEC) = 3
3686887 stat("/share/pkg.8/python3/3.12.4/install/lib/python3.12/site-packages/pandas/core/interchange", {st_mode=S_IFDIR|S_ISGID|0755, st_size=4096, ...}) = 0
3686887 stat("/share/pkg.8/python3/3.12.4/install/lib/python3.12/site-packages/pandas/core/interchange", {st_mode=S_IFDIR|S_ISGID|0755, st_size=4096, ...}) = 0
3686887 stat("/share/pkg.8/python3/3.12.4/install/lib/python3.12/site-packages/pandas/core/interchange", {st_mode=S_IFDIR|S_ISGID|0755, st_size=4096, ...}) = 0
3686887 openat(AT_FDCWD, "/share/pkg.8/python3/3.12.4/install/lib/python3.12/site-packages/pandas/core/interchange", O_RDONLY|O_NONBLOCK|O_CLOEXEC|O_DIRECTORY) = 3
3686887 stat("/share/pkg.8/python3/3.12.4/install/lib/python3.12/site-packages/pandas/core/interchange/dataframe_protocol.py", {st_mode=S_IFREG|0644, st_size=16177, ...}) = 0
3686887 stat("/share/pkg.8/python3/3.12.4/install/lib/python3.12/site-packages/pandas/core/interchange/dataframe_protocol.py", {st_mode=S_IFREG|0644, st_size=16177, ...}) = 0
3686887 openat(AT_FDCWD, "/share/pkg.8/python3/3.12.4/install/lib/python3.12/site-packages/pandas/core/interchange/__pycache__/dataframe_protocol.cpython-312.pyc", O_RDONLY|O_CLOEXEC) = 3
3686887 stat("/share/pkg.8/python3/3.12.4/install/lib/python3.12/site-packages/pandas/core/interchange", {st_mode=S_IFDIR|S_ISGID|0755, st_size=4096, ...}) = 0
3686887 stat("/share/pkg.8/python3/3.12.4/install/lib/python3.12/site-packages/pandas/core/interchange/from_dataframe.py", {st_mode=S_IFREG|0644, st_size=17043, ...}) = 0
3686887 stat("/share/pkg.8/python3/3.12.4/install/lib/python3.12/site-packages/pandas/core/interchange/from_dataframe.py", {st_mode=S_IFREG|0644, st_size=17043, ...}) = 0
3686887 openat(AT_FDCWD, "/share/pkg.8/python3/3.12.4/install/lib/python3.12/site-packages/pandas/core/interchange/__pycache__/from_dataframe.cpython-312.pyc", O_RDONLY|O_CLOEXEC) = 3
3686887 stat("/share/pkg.8/python3/3.12.4/install/lib/python3.12/site-packages/pandas/core/interchange", {st_mode=S_IFDIR|S_ISGID|0755, st_size=4096, ...}) = 0
3686887 stat("/share/pkg.8/python3/3.12.4/install/lib/python3.12/site-packages/pandas/core/interchange/utils.py", {st_mode=S_IFREG|0644, st_size=4837, ...}) = 0
3686887 stat("/share/pkg.8/python3/3.12.4/install/lib/python3.12/site-packages/pandas/core/interchange/utils.py", {st_mode=S_IFREG|0644, st_size=4837, ...}) = 0
3686887 openat(AT_FDCWD, "/share/pkg.8/python3/3.12.4/install/lib/python3.12/site-packages/pandas/core/interchange/__pycache__/utils.cpython-312.pyc", O_RDONLY|O_CLOEXEC) = 3
3686887 stat("/share/pkg.8/python3/3.12.4/install/lib/python3.12/site-packages/pandas/api", {st_mode=S_IFDIR|S_ISGID|0755, st_size=4096, ...}) = 0
3686887 stat("/share/pkg.8/python3/3.12.4/install/lib/python3.12/site-packages/pandas/api/types/__init__.cpython-312-x86_64-linux-gnu.so", 0x7ffdb918ca50) = -1 ENOENT (No such file or directory)
3686887 stat("/share/pkg.8/python3/3.12.4/install/lib/python3.12/site-packages/pandas/api/types/__init__.abi3.so", 0x7ffdb918ca50) = -1 ENOENT (No such file or directory)
3686887 stat("/share/pkg.8/python3/3.12.4/install/lib/python3.12/site-packages/pandas/api/types/__init__.so", 0x7ffdb918ca50) = -1 ENOENT (No such file or directory)
3686887 stat("/share/pkg.8/python3/3.12.4/install/lib/python3.12/site-packages/pandas/api/types/__init__.py", {st_mode=S_IFREG|0644, st_size=447, ...}) = 0
3686887 stat("/share/pkg.8/python3/3.12.4/install/lib/python3.12/site-packages/pandas/api/types/__init__.py", {st_mode=S_IFREG|0644, st_size=447, ...}) = 0
3686887 openat(AT_FDCWD, "/share/pkg.8/python3/3.12.4/install/lib/python3.12/site-packages/pandas/api/types/__pycache__/__init__.cpython-312.pyc", O_RDONLY|O_CLOEXEC) = 3
3686887 stat("/share/pkg.8/python3/3.12.4/install/lib/python3.12/site-packages/pandas/core/dtypes", {st_mode=S_IFDIR|S_ISGID|0755, st_size=4096, ...}) = 0
3686887 stat("/share/pkg.8/python3/3.12.4/install/lib/python3.12/site-packages/pandas/core/dtypes/api.py", {st_mode=S_IFREG|0644, st_size=1819, ...}) = 0
3686887 stat("/share/pkg.8/python3/3.12.4/install/lib/python3.12/site-packages/pandas/core/dtypes/api.py", {st_mode=S_IFREG|0644, st_size=1819, ...}) = 0
3686887 openat(AT_FDCWD, "/share/pkg.8/python3/3.12.4/install/lib/python3.12/site-packages/pandas/core/dtypes/__pycache__/api.cpython-312.pyc", O_RDONLY|O_CLOEXEC) = 3
3686887 stat("/share/pkg.8/python3/3.12.4/install/lib/python3.12/site-packages/pandas/api", {st_mode=S_IFDIR|S_ISGID|0755, st_size=4096, ...}) = 0
3686887 stat("/share/pkg.8/python3/3.12.4/install/lib/python3.12/site-packages/pandas/api/typing/__init__.cpython-312-x86_64-linux-gnu.so", 0x7ffdb918ca50) = -1 ENOENT (No such file or directory)
3686887 stat("/share/pkg.8/python3/3.12.4/install/lib/python3.12/site-packages/pandas/api/typing/__init__.abi3.so", 0x7ffdb918ca50) = -1 ENOENT (No such file or directory)
3686887 stat("/share/pkg.8/python3/3.12.4/install/lib/python3.12/site-packages/pandas/api/typing/__init__.so", 0x7ffdb918ca50) = -1 ENOENT (No such file or directory)
3686887 stat("/share/pkg.8/python3/3.12.4/install/lib/python3.12/site-packages/pandas/api/typing/__init__.py", {st_mode=S_IFREG|0644, st_size=1244, ...}) = 0
3686887 stat("/share/pkg.8/python3/3.12.4/install/lib/python3.12/site-packages/pandas/api/typing/__init__.py", {st_mode=S_IFREG|0644, st_size=1244, ...}) = 0
3686887 openat(AT_FDCWD, "/share/pkg.8/python3/3.12.4/install/lib/python3.12/site-packages/pandas/api/typing/__pycache__/__init__.cpython-312.pyc", O_RDONLY|O_CLOEXEC) = 3
3686887 stat("/share/pkg.8/python3/3.12.4/install/lib/python3.12/site-packages/pandas/core", {st_mode=S_IFDIR|S_ISGID|0755, st_size=4096, ...}) = 0
3686887 stat("/share/pkg.8/python3/3.12.4/install/lib/python3.12/site-packages/pandas/core/resample.py", {st_mode=S_IFREG|0644, st_size=95578, ...}) = 0
3686887 stat("/share/pkg.8/python3/3.12.4/install/lib/python3.12/site-packages/pandas/core/resample.py", {st_mode=S_IFREG|0644, st_size=95578, ...}) = 0
3686887 openat(AT_FDCWD, "/share/pkg.8/python3/3.12.4/install/lib/python3.12/site-packages/pandas/core/__pycache__/resample.cpython-312.pyc", O_RDONLY|O_CLOEXEC) = 3
3686887 stat("/share/pkg.8/python3/3.12.4/install/lib/python3.12/site-packages/pandas/io", {st_mode=S_IFDIR|S_ISGID|0755, st_size=4096, ...}) = 0
3686887 stat("/share/pkg.8/python3/3.12.4/install/lib/python3.12/site-packages/pandas/io/json/__init__.cpython-312-x86_64-linux-gnu.so", 0x7ffdb918be30) = -1 ENOENT (No such file or directory)
3686887 stat("/share/pkg.8/python3/3.12.4/install/lib/python3.12/site-packages/pandas/io/json/__init__.abi3.so", 0x7ffdb918be30) = -1 ENOENT (No such file or directory)
3686887 stat("/share/pkg.8/python3/3.12.4/install/lib/python3.12/site-packages/pandas/io/json/__init__.so", 0x7ffdb918be30) = -1 ENOENT (No such file or directory)
3686887 stat("/share/pkg.8/python3/3.12.4/install/lib/python3.12/site-packages/pandas/io/json/__init__.py", {st_mode=S_IFREG|0644, st_size=270, ...}) = 0
3686887 stat("/share/pkg.8/python3/3.12.4/install/lib/python3.12/site-packages/pandas/io/json/__init__.py", {st_mode=S_IFREG|0644, st_size=270, ...}) = 0
3686887 openat(AT_FDCWD, "/share/pkg.8/python3/3.12.4/install/lib/python3.12/site-packages/pandas/io/json/__pycache__/__init__.cpython-312.pyc", O_RDONLY|O_CLOEXEC) = 3
3686887 stat("/share/pkg.8/python3/3.12.4/install/lib/python3.12/site-packages/pandas/io/json", {st_mode=S_IFDIR|S_ISGID|0755, st_size=4096, ...}) = 0
3686887 stat("/share/pkg.8/python3/3.12.4/install/lib/python3.12/site-packages/pandas/io/json", {st_mode=S_IFDIR|S_ISGID|0755, st_size=4096, ...}) = 0
3686887 stat("/share/pkg.8/python3/3.12.4/install/lib/python3.12/site-packages/pandas/io/json", {st_mode=S_IFDIR|S_ISGID|0755, st_size=4096, ...}) = 0
3686887 openat(AT_FDCWD, "/share/pkg.8/python3/3.12.4/install/lib/python3.12/site-packages/pandas/io/json", O_RDONLY|O_NONBLOCK|O_CLOEXEC|O_DIRECTORY) = 3
3686887 stat("/share/pkg.8/python3/3.12.4/install/lib/python3.12/site-packages/pandas/io/json/_json.py", {st_mode=S_IFREG|0644, st_size=48572, ...}) = 0
3686887 stat("/share/pkg.8/python3/3.12.4/install/lib/python3.12/site-packages/pandas/io/json/_json.py", {st_mode=S_IFREG|0644, st_size=48572, ...}) = 0
3686887 openat(AT_FDCWD, "/share/pkg.8/python3/3.12.4/install/lib/python3.12/site-packages/pandas/io/json/__pycache__/_json.cpython-312.pyc", O_RDONLY|O_CLOEXEC) = 3
3686887 stat("/share/pkg.8/python3/3.12.4/install/lib/python3.12/site-packages/pandas/_libs", {st_mode=S_IFDIR|S_ISGID|0755, st_size=4096, ...}) = 0
3686887 stat("/share/pkg.8/python3/3.12.4/install/lib/python3.12/site-packages/pandas/_libs/json.cpython-312-x86_64-linux-gnu.so", {st_mode=S_IFREG|0755, st_size=64272, ...}) = 0
3686887 openat(AT_FDCWD, "/share/pkg.8/python3/3.12.4/install/lib/python3.12/site-packages/pandas/_libs/json.cpython-312-x86_64-linux-gnu.so", O_RDONLY|O_CLOEXEC) = 3
3686887 stat("/share/pkg.8/python3/3.12.4/install/lib/python3.12/site-packages/pandas/io/json", {st_mode=S_IFDIR|S_ISGID|0755, st_size=4096, ...}) = 0
3686887 stat("/share/pkg.8/python3/3.12.4/install/lib/python3.12/site-packages/pandas/io/json/_normalize.py", {st_mode=S_IFREG|0644, st_size=17212, ...}) = 0
3686887 stat("/share/pkg.8/python3/3.12.4/install/lib/python3.12/site-packages/pandas/io/json/_normalize.py", {st_mode=S_IFREG|0644, st_size=17212, ...}) = 0
3686887 openat(AT_FDCWD, "/share/pkg.8/python3/3.12.4/install/lib/python3.12/site-packages/pandas/io/json/__pycache__/_normalize.cpython-312.pyc", O_RDONLY|O_CLOEXEC) = 3
3686887 stat("/share/pkg.8/python3/3.12.4/install/lib/python3.12/site-packages/pandas/io/json", {st_mode=S_IFDIR|S_ISGID|0755, st_size=4096, ...}) = 0
3686887 stat("/share/pkg.8/python3/3.12.4/install/lib/python3.12/site-packages/pandas/io/json/_table_schema.py", {st_mode=S_IFREG|0644, st_size=11594, ...}) = 0
3686887 stat("/share/pkg.8/python3/3.12.4/install/lib/python3.12/site-packages/pandas/io/json/_table_schema.py", {st_mode=S_IFREG|0644, st_size=11594, ...}) = 0
3686887 openat(AT_FDCWD, "/share/pkg.8/python3/3.12.4/install/lib/python3.12/site-packages/pandas/io/json/__pycache__/_table_schema.cpython-312.pyc", O_RDONLY|O_CLOEXEC) = 3
3686887 stat("/share/pkg.8/python3/3.12.4/install/lib/python3.12/site-packages/pandas/io", {st_mode=S_IFDIR|S_ISGID|0755, st_size=4096, ...}) = 0
3686887 stat("/share/pkg.8/python3/3.12.4/install/lib/python3.12/site-packages/pandas/io/parsers/__init__.cpython-312-x86_64-linux-gnu.so", 0x7ffdb918aaf0) = -1 ENOENT (No such file or directory)
3686887 stat("/share/pkg.8/python3/3.12.4/install/lib/python3.12/site-packages/pandas/io/parsers/__init__.abi3.so", 0x7ffdb918aaf0) = -1 ENOENT (No such file or directory)
3686887 stat("/share/pkg.8/python3/3.12.4/install/lib/python3.12/site-packages/pandas/io/parsers/__init__.so", 0x7ffdb918aaf0) = -1 ENOENT (No such file or directory)
3686887 stat("/share/pkg.8/python3/3.12.4/install/lib/python3.12/site-packages/pandas/io/parsers/__init__.py", {st_mode=S_IFREG|0644, st_size=204, ...}) = 0
3686887 stat("/share/pkg.8/python3/3.12.4/install/lib/python3.12/site-packages/pandas/io/parsers/__init__.py", {st_mode=S_IFREG|0644, st_size=204, ...}) = 0
3686887 openat(AT_FDCWD, "/share/pkg.8/python3/3.12.4/install/lib/python3.12/site-packages/pandas/io/parsers/__pycache__/__init__.cpython-312.pyc", O_RDONLY|O_CLOEXEC) = 3
3686887 stat("/share/pkg.8/python3/3.12.4/install/lib/python3.12/site-packages/pandas/io/parsers", {st_mode=S_IFDIR|S_ISGID|0755, st_size=4096, ...}) = 0
3686887 stat("/share/pkg.8/python3/3.12.4/install/lib/python3.12/site-packages/pandas/io/parsers", {st_mode=S_IFDIR|S_ISGID|0755, st_size=4096, ...}) = 0
3686887 stat("/share/pkg.8/python3/3.12.4/install/lib/python3.12/site-packages/pandas/io/parsers", {st_mode=S_IFDIR|S_ISGID|0755, st_size=4096, ...}) = 0
3686887 openat(AT_FDCWD, "/share/pkg.8/python3/3.12.4/install/lib/python3.12/site-packages/pandas/io/parsers", O_RDONLY|O_NONBLOCK|O_CLOEXEC|O_DIRECTORY) = 3
3686887 stat("/share/pkg.8/python3/3.12.4/install/lib/python3.12/site-packages/pandas/io/parsers/readers.py", {st_mode=S_IFREG|0644, st_size=87157, ...}) = 0
3686887 stat("/share/pkg.8/python3/3.12.4/install/lib/python3.12/site-packages/pandas/io/parsers/readers.py", {st_mode=S_IFREG|0644, st_size=87157, ...}) = 0
3686887 openat(AT_FDCWD, "/share/pkg.8/python3/3.12.4/install/lib/python3.12/site-packages/pandas/io/parsers/__pycache__/readers.cpython-312.pyc", O_RDONLY|O_CLOEXEC) = 3
3686887 stat("/share/pkg.8/python3/3.12.4/install/lib/python3.12/site-packages/pandas/_libs", {st_mode=S_IFDIR|S_ISGID|0755, st_size=4096, ...}) = 0
3686887 stat("/share/pkg.8/python3/3.12.4/install/lib/python3.12/site-packages/pandas/_libs/parsers.cpython-312-x86_64-linux-gnu.so", {st_mode=S_IFREG|0755, st_size=574248, ...}) = 0
3686887 openat(AT_FDCWD, "/share/pkg.8/python3/3.12.4/install/lib/python3.12/site-packages/pandas/_libs/parsers.cpython-312-x86_64-linux-gnu.so", O_RDONLY|O_CLOEXEC) = 3
3686887 stat("/projectnb/rcs-intern/reetom/sif", {st_mode=S_IFDIR|S_ISGID|0755, st_size=4096, ...}) = 0
3686887 stat("/share/pkg.8/python3/3.12.4/install/lib/python3.12", {st_mode=S_IFDIR|S_ISGID|0755, st_size=8192, ...}) = 0
3686887 stat("/share/pkg.8/python3/3.12.4/install/lib/python3.12/lib-dynload", {st_mode=S_IFDIR|S_ISGID|0755, st_size=8192, ...}) = 0
3686887 stat("/share/pkg.8/python3/3.12.4/install/lib/python3.12/site-packages", {st_mode=S_IFDIR|S_ISGID|0755, st_size=131072, ...}) = 0
3686887 stat("/share/pkg.8/python3/3.12.4/install/lib/python3.12/site-packages/pandas/io/parsers", {st_mode=S_IFDIR|S_ISGID|0755, st_size=4096, ...}) = 0
3686887 stat("/share/pkg.8/python3/3.12.4/install/lib/python3.12/site-packages/pandas/io/parsers/arrow_parser_wrapper.py", {st_mode=S_IFREG|0644, st_size=11409, ...}) = 0
3686887 stat("/share/pkg.8/python3/3.12.4/install/lib/python3.12/site-packages/pandas/io/parsers/arrow_parser_wrapper.py", {st_mode=S_IFREG|0644, st_size=11409, ...}) = 0
3686887 openat(AT_FDCWD, "/share/pkg.8/python3/3.12.4/install/lib/python3.12/site-packages/pandas/io/parsers/__pycache__/arrow_parser_wrapper.cpython-312.pyc", O_RDONLY|O_CLOEXEC) = 3
3686887 stat("/share/pkg.8/python3/3.12.4/install/lib/python3.12/site-packages/pandas/io/parsers", {st_mode=S_IFDIR|S_ISGID|0755, st_size=4096, ...}) = 0
3686887 stat("/share/pkg.8/python3/3.12.4/install/lib/python3.12/site-packages/pandas/io/parsers/base_parser.py", {st_mode=S_IFREG|0644, st_size=49443, ...}) = 0
3686887 stat("/share/pkg.8/python3/3.12.4/install/lib/python3.12/site-packages/pandas/io/parsers/base_parser.py", {st_mode=S_IFREG|0644, st_size=49443, ...}) = 0
3686887 openat(AT_FDCWD, "/share/pkg.8/python3/3.12.4/install/lib/python3.12/site-packages/pandas/io/parsers/__pycache__/base_parser.cpython-312.pyc", O_RDONLY|O_CLOEXEC) = 3
3686887 stat("/share/pkg.8/python3/3.12.4/install/lib/python3.12/site-packages/pandas/io/parsers", {st_mode=S_IFDIR|S_ISGID|0755, st_size=4096, ...}) = 0
3686887 stat("/share/pkg.8/python3/3.12.4/install/lib/python3.12/site-packages/pandas/io/parsers/c_parser_wrapper.py", {st_mode=S_IFREG|0644, st_size=14199, ...}) = 0
3686887 stat("/share/pkg.8/python3/3.12.4/install/lib/python3.12/site-packages/pandas/io/parsers/c_parser_wrapper.py", {st_mode=S_IFREG|0644, st_size=14199, ...}) = 0
3686887 openat(AT_FDCWD, "/share/pkg.8/python3/3.12.4/install/lib/python3.12/site-packages/pandas/io/parsers/__pycache__/c_parser_wrapper.cpython-312.pyc", O_RDONLY|O_CLOEXEC) = 3
3686887 stat("/share/pkg.8/python3/3.12.4/install/lib/python3.12/site-packages/pandas/io/parsers", {st_mode=S_IFDIR|S_ISGID|0755, st_size=4096, ...}) = 0
3686887 stat("/share/pkg.8/python3/3.12.4/install/lib/python3.12/site-packages/pandas/io/parsers/python_parser.py", {st_mode=S_IFREG|0644, st_size=48456, ...}) = 0
3686887 stat("/share/pkg.8/python3/3.12.4/install/lib/python3.12/site-packages/pandas/io/parsers/python_parser.py", {st_mode=S_IFREG|0644, st_size=48456, ...}) = 0
3686887 openat(AT_FDCWD, "/share/pkg.8/python3/3.12.4/install/lib/python3.12/site-packages/pandas/io/parsers/__pycache__/python_parser.cpython-312.pyc", O_RDONLY|O_CLOEXEC) = 3
3686887 stat("/share/pkg.8/python3/3.12.4/install/lib/python3.12/site-packages/pandas/io", {st_mode=S_IFDIR|S_ISGID|0755, st_size=4096, ...}) = 0
3686887 stat("/share/pkg.8/python3/3.12.4/install/lib/python3.12/site-packages/pandas/io/stata.py", {st_mode=S_IFREG|0644, st_size=135790, ...}) = 0
3686887 stat("/share/pkg.8/python3/3.12.4/install/lib/python3.12/site-packages/pandas/io/stata.py", {st_mode=S_IFREG|0644, st_size=135790, ...}) = 0
3686887 openat(AT_FDCWD, "/share/pkg.8/python3/3.12.4/install/lib/python3.12/site-packages/pandas/io/__pycache__/stata.cpython-312.pyc", O_RDONLY|O_CLOEXEC) = 3
3686887 stat("/share/pkg.8/python3/3.12.4/install/lib/python3.12/site-packages/pandas", {st_mode=S_IFDIR|S_ISGID|0755, st_size=4096, ...}) = 0
3686887 stat("/share/pkg.8/python3/3.12.4/install/lib/python3.12/site-packages/pandas/testing.py", {st_mode=S_IFREG|0644, st_size=313, ...}) = 0
3686887 stat("/share/pkg.8/python3/3.12.4/install/lib/python3.12/site-packages/pandas/testing.py", {st_mode=S_IFREG|0644, st_size=313, ...}) = 0
3686887 openat(AT_FDCWD, "/share/pkg.8/python3/3.12.4/install/lib/python3.12/site-packages/pandas/__pycache__/testing.cpython-312.pyc", O_RDONLY|O_CLOEXEC) = 3
3686887 stat("/share/pkg.8/python3/3.12.4/install/lib/python3.12/site-packages/pandas", {st_mode=S_IFDIR|S_ISGID|0755, st_size=4096, ...}) = 0
3686887 stat("/share/pkg.8/python3/3.12.4/install/lib/python3.12/site-packages/pandas/_testing/__init__.cpython-312-x86_64-linux-gnu.so", 0x7ffdb918cf50) = -1 ENOENT (No such file or directory)
3686887 stat("/share/pkg.8/python3/3.12.4/install/lib/python3.12/site-packages/pandas/_testing/__init__.abi3.so", 0x7ffdb918cf50) = -1 ENOENT (No such file or directory)
3686887 stat("/share/pkg.8/python3/3.12.4/install/lib/python3.12/site-packages/pandas/_testing/__init__.so", 0x7ffdb918cf50) = -1 ENOENT (No such file or directory)
3686887 stat("/share/pkg.8/python3/3.12.4/install/lib/python3.12/site-packages/pandas/_testing/__init__.py", {st_mode=S_IFREG|0644, st_size=17479, ...}) = 0
3686887 stat("/share/pkg.8/python3/3.12.4/install/lib/python3.12/site-packages/pandas/_testing/__init__.py", {st_mode=S_IFREG|0644, st_size=17479, ...}) = 0
3686887 openat(AT_FDCWD, "/share/pkg.8/python3/3.12.4/install/lib/python3.12/site-packages/pandas/_testing/__pycache__/__init__.cpython-312.pyc", O_RDONLY|O_CLOEXEC) = 3
3686887 stat("/share/pkg.8/python3/3.12.4/install/lib/python3.12/site-packages/pandas/_testing", {st_mode=S_IFDIR|S_ISGID|0755, st_size=4096, ...}) = 0
3686887 stat("/share/pkg.8/python3/3.12.4/install/lib/python3.12/site-packages/pandas/_testing", {st_mode=S_IFDIR|S_ISGID|0755, st_size=4096, ...}) = 0
3686887 stat("/share/pkg.8/python3/3.12.4/install/lib/python3.12/site-packages/pandas/_testing", {st_mode=S_IFDIR|S_ISGID|0755, st_size=4096, ...}) = 0
3686887 openat(AT_FDCWD, "/share/pkg.8/python3/3.12.4/install/lib/python3.12/site-packages/pandas/_testing", O_RDONLY|O_NONBLOCK|O_CLOEXEC|O_DIRECTORY) = 3
3686887 stat("/share/pkg.8/python3/3.12.4/install/lib/python3.12/site-packages/pandas/_testing/_io.py", {st_mode=S_IFREG|0644, st_size=4448, ...}) = 0
3686887 stat("/share/pkg.8/python3/3.12.4/install/lib/python3.12/site-packages/pandas/_testing/_io.py", {st_mode=S_IFREG|0644, st_size=4448, ...}) = 0
3686887 openat(AT_FDCWD, "/share/pkg.8/python3/3.12.4/install/lib/python3.12/site-packages/pandas/_testing/__pycache__/_io.cpython-312.pyc", O_RDONLY|O_CLOEXEC) = 3
3686887 stat("/share/pkg.8/python3/3.12.4/install/lib/python3.12/site-packages/pandas/_testing", {st_mode=S_IFDIR|S_ISGID|0755, st_size=4096, ...}) = 0
3686887 stat("/share/pkg.8/python3/3.12.4/install/lib/python3.12/site-packages/pandas/_testing/contexts.py", {st_mode=S_IFREG|0644, st_size=6551, ...}) = 0
3686887 stat("/share/pkg.8/python3/3.12.4/install/lib/python3.12/site-packages/pandas/_testing/contexts.py", {st_mode=S_IFREG|0644, st_size=6551, ...}) = 0
3686887 openat(AT_FDCWD, "/share/pkg.8/python3/3.12.4/install/lib/python3.12/site-packages/pandas/_testing/__pycache__/contexts.cpython-312.pyc", O_RDONLY|O_CLOEXEC) = 3
3686887 stat("/projectnb/rcs-intern/reetom/sif", {st_mode=S_IFDIR|S_ISGID|0755, st_size=4096, ...}) = 0
3686887 stat("/share/pkg.8/python3/3.12.4/install/lib/python3.12", {st_mode=S_IFDIR|S_ISGID|0755, st_size=8192, ...}) = 0
3686887 stat("/share/pkg.8/python3/3.12.4/install/lib/python3.12/tempfile.py", {st_mode=S_IFREG|0644, st_size=32236, ...}) = 0
3686887 stat("/share/pkg.8/python3/3.12.4/install/lib/python3.12/tempfile.py", {st_mode=S_IFREG|0644, st_size=32236, ...}) = 0
3686887 openat(AT_FDCWD, "/share/pkg.8/python3/3.12.4/install/lib/python3.12/__pycache__/tempfile.cpython-312.pyc", O_RDONLY|O_CLOEXEC) = 3
3686887 stat("/share/pkg.8/python3/3.12.4/install/lib/python3.12/site-packages/pandas/_testing", {st_mode=S_IFDIR|S_ISGID|0755, st_size=4096, ...}) = 0
3686887 stat("/share/pkg.8/python3/3.12.4/install/lib/python3.12/site-packages/pandas/_testing/_warnings.py", {st_mode=S_IFREG|0644, st_size=8357, ...}) = 0
3686887 stat("/share/pkg.8/python3/3.12.4/install/lib/python3.12/site-packages/pandas/_testing/_warnings.py", {st_mode=S_IFREG|0644, st_size=8357, ...}) = 0
3686887 openat(AT_FDCWD, "/share/pkg.8/python3/3.12.4/install/lib/python3.12/site-packages/pandas/_testing/__pycache__/_warnings.cpython-312.pyc", O_RDONLY|O_CLOEXEC) = 3
3686887 stat("/share/pkg.8/python3/3.12.4/install/lib/python3.12/site-packages/pandas/_testing", {st_mode=S_IFDIR|S_ISGID|0755, st_size=4096, ...}) = 0
3686887 stat("/share/pkg.8/python3/3.12.4/install/lib/python3.12/site-packages/pandas/_testing/asserters.py", {st_mode=S_IFREG|0644, st_size=47201, ...}) = 0
3686887 stat("/share/pkg.8/python3/3.12.4/install/lib/python3.12/site-packages/pandas/_testing/asserters.py", {st_mode=S_IFREG|0644, st_size=47201, ...}) = 0
3686887 openat(AT_FDCWD, "/share/pkg.8/python3/3.12.4/install/lib/python3.12/site-packages/pandas/_testing/__pycache__/asserters.cpython-312.pyc", O_RDONLY|O_CLOEXEC) = 3
3686887 stat("/share/pkg.8/python3/3.12.4/install/lib/python3.12/site-packages/pandas/_libs", {st_mode=S_IFDIR|S_ISGID|0755, st_size=4096, ...}) = 0
3686887 stat("/share/pkg.8/python3/3.12.4/install/lib/python3.12/site-packages/pandas/_libs/testing.cpython-312-x86_64-linux-gnu.so", {st_mode=S_IFREG|0755, st_size=131520, ...}) = 0
3686887 openat(AT_FDCWD, "/share/pkg.8/python3/3.12.4/install/lib/python3.12/site-packages/pandas/_libs/testing.cpython-312-x86_64-linux-gnu.so", O_RDONLY|O_CLOEXEC) = 3
3686887 stat("/projectnb/rcs-intern/reetom/sif", {st_mode=S_IFDIR|S_ISGID|0755, st_size=4096, ...}) = 0
3686887 stat("/share/pkg.8/python3/3.12.4/install/lib/python3.12", {st_mode=S_IFDIR|S_ISGID|0755, st_size=8192, ...}) = 0
3686887 stat("/share/pkg.8/python3/3.12.4/install/lib/python3.12/lib-dynload", {st_mode=S_IFDIR|S_ISGID|0755, st_size=8192, ...}) = 0
3686887 stat("/share/pkg.8/python3/3.12.4/install/lib/python3.12/lib-dynload/cmath.cpython-312-x86_64-linux-gnu.so", {st_mode=S_IFREG|0755, st_size=172832, ...}) = 0
3686887 openat(AT_FDCWD, "/share/pkg.8/python3/3.12.4/install/lib/python3.12/lib-dynload/cmath.cpython-312-x86_64-linux-gnu.so", O_RDONLY|O_CLOEXEC) = 3
3686887 stat("/share/pkg.8/python3/3.12.4/install/lib/python3.12/site-packages/pandas/_testing", {st_mode=S_IFDIR|S_ISGID|0755, st_size=4096, ...}) = 0
3686887 stat("/share/pkg.8/python3/3.12.4/install/lib/python3.12/site-packages/pandas/_testing/compat.py", {st_mode=S_IFREG|0644, st_size=658, ...}) = 0
3686887 stat("/share/pkg.8/python3/3.12.4/install/lib/python3.12/site-packages/pandas/_testing/compat.py", {st_mode=S_IFREG|0644, st_size=658, ...}) = 0
3686887 openat(AT_FDCWD, "/share/pkg.8/python3/3.12.4/install/lib/python3.12/site-packages/pandas/_testing/__pycache__/compat.cpython-312.pyc", O_RDONLY|O_CLOEXEC) = 3
3686887 stat("/share/pkg.8/python3/3.12.4/install/lib/python3.12/site-packages/pandas/util", {st_mode=S_IFDIR|S_ISGID|0755, st_size=4096, ...}) = 0
3686887 stat("/share/pkg.8/python3/3.12.4/install/lib/python3.12/site-packages/pandas/util/_print_versions.py", {st_mode=S_IFREG|0644, st_size=4766, ...}) = 0
3686887 stat("/share/pkg.8/python3/3.12.4/install/lib/python3.12/site-packages/pandas/util/_print_versions.py", {st_mode=S_IFREG|0644, st_size=4766, ...}) = 0
3686887 openat(AT_FDCWD, "/share/pkg.8/python3/3.12.4/install/lib/python3.12/site-packages/pandas/util/__pycache__/_print_versions.cpython-312.pyc", O_RDONLY|O_CLOEXEC) = 3
3686887 stat("/share/pkg.8/python3/3.12.4/install/lib/python3.12/site-packages/pandas/io", {st_mode=S_IFDIR|S_ISGID|0755, st_size=4096, ...}) = 0
3686887 stat("/share/pkg.8/python3/3.12.4/install/lib/python3.12/site-packages/pandas/io/api.py", {st_mode=S_IFREG|0644, st_size=1264, ...}) = 0
3686887 stat("/share/pkg.8/python3/3.12.4/install/lib/python3.12/site-packages/pandas/io/api.py", {st_mode=S_IFREG|0644, st_size=1264, ...}) = 0
3686887 openat(AT_FDCWD, "/share/pkg.8/python3/3.12.4/install/lib/python3.12/site-packages/pandas/io/__pycache__/api.cpython-312.pyc", O_RDONLY|O_CLOEXEC) = 3
3686887 stat("/share/pkg.8/python3/3.12.4/install/lib/python3.12/site-packages/pandas/io", {st_mode=S_IFDIR|S_ISGID|0755, st_size=4096, ...}) = 0
3686887 stat("/share/pkg.8/python3/3.12.4/install/lib/python3.12/site-packages/pandas/io/clipboards.py", {st_mode=S_IFREG|0644, st_size=6320, ...}) = 0
3686887 stat("/share/pkg.8/python3/3.12.4/install/lib/python3.12/site-packages/pandas/io/clipboards.py", {st_mode=S_IFREG|0644, st_size=6320, ...}) = 0
3686887 openat(AT_FDCWD, "/share/pkg.8/python3/3.12.4/install/lib/python3.12/site-packages/pandas/io/__pycache__/clipboards.cpython-312.pyc", O_RDONLY|O_CLOEXEC) = 3
3686887 stat("/share/pkg.8/python3/3.12.4/install/lib/python3.12/site-packages/pandas/io", {st_mode=S_IFDIR|S_ISGID|0755, st_size=4096, ...}) = 0
3686887 stat("/share/pkg.8/python3/3.12.4/install/lib/python3.12/site-packages/pandas/io/excel/__init__.cpython-312-x86_64-linux-gnu.so", 0x7ffdb918d450) = -1 ENOENT (No such file or directory)
3686887 stat("/share/pkg.8/python3/3.12.4/install/lib/python3.12/site-packages/pandas/io/excel/__init__.abi3.so", 0x7ffdb918d450) = -1 ENOENT (No such file or directory)
3686887 stat("/share/pkg.8/python3/3.12.4/install/lib/python3.12/site-packages/pandas/io/excel/__init__.so", 0x7ffdb918d450) = -1 ENOENT (No such file or directory)
3686887 stat("/share/pkg.8/python3/3.12.4/install/lib/python3.12/site-packages/pandas/io/excel/__init__.py", {st_mode=S_IFREG|0644, st_size=486, ...}) = 0
3686887 stat("/share/pkg.8/python3/3.12.4/install/lib/python3.12/site-packages/pandas/io/excel/__init__.py", {st_mode=S_IFREG|0644, st_size=486, ...}) = 0
3686887 openat(AT_FDCWD, "/share/pkg.8/python3/3.12.4/install/lib/python3.12/site-packages/pandas/io/excel/__pycache__/__init__.cpython-312.pyc", O_RDONLY|O_CLOEXEC) = 3
3686887 stat("/share/pkg.8/python3/3.12.4/install/lib/python3.12/site-packages/pandas/io/excel", {st_mode=S_IFDIR|S_ISGID|0755, st_size=4096, ...}) = 0
3686887 stat("/share/pkg.8/python3/3.12.4/install/lib/python3.12/site-packages/pandas/io/excel", {st_mode=S_IFDIR|S_ISGID|0755, st_size=4096, ...}) = 0
3686887 stat("/share/pkg.8/python3/3.12.4/install/lib/python3.12/site-packages/pandas/io/excel", {st_mode=S_IFDIR|S_ISGID|0755, st_size=4096, ...}) = 0
3686887 openat(AT_FDCWD, "/share/pkg.8/python3/3.12.4/install/lib/python3.12/site-packages/pandas/io/excel", O_RDONLY|O_NONBLOCK|O_CLOEXEC|O_DIRECTORY) = 3
3686887 stat("/share/pkg.8/python3/3.12.4/install/lib/python3.12/site-packages/pandas/io/excel/_base.py", {st_mode=S_IFREG|0644, st_size=59073, ...}) = 0
3686887 stat("/share/pkg.8/python3/3.12.4/install/lib/python3.12/site-packages/pandas/io/excel/_base.py", {st_mode=S_IFREG|0644, st_size=59073, ...}) = 0
3686887 openat(AT_FDCWD, "/share/pkg.8/python3/3.12.4/install/lib/python3.12/site-packages/pandas/io/excel/__pycache__/_base.cpython-312.pyc", O_RDONLY|O_CLOEXEC) = 3
3686887 stat("/share/pkg.8/python3/3.12.4/install/lib/python3.12/site-packages/pandas/io/excel", {st_mode=S_IFDIR|S_ISGID|0755, st_size=4096, ...}) = 0
3686887 stat("/share/pkg.8/python3/3.12.4/install/lib/python3.12/site-packages/pandas/io/excel/_util.py", {st_mode=S_IFREG|0644, st_size=8105, ...}) = 0
3686887 stat("/share/pkg.8/python3/3.12.4/install/lib/python3.12/site-packages/pandas/io/excel/_util.py", {st_mode=S_IFREG|0644, st_size=8105, ...}) = 0
3686887 openat(AT_FDCWD, "/share/pkg.8/python3/3.12.4/install/lib/python3.12/site-packages/pandas/io/excel/__pycache__/_util.cpython-312.pyc", O_RDONLY|O_CLOEXEC) = 3
3686887 stat("/share/pkg.8/python3/3.12.4/install/lib/python3.12/site-packages/pandas/io/excel", {st_mode=S_IFDIR|S_ISGID|0755, st_size=4096, ...}) = 0
3686887 stat("/share/pkg.8/python3/3.12.4/install/lib/python3.12/site-packages/pandas/io/excel/_calamine.py", {st_mode=S_IFREG|0644, st_size=3474, ...}) = 0
3686887 stat("/share/pkg.8/python3/3.12.4/install/lib/python3.12/site-packages/pandas/io/excel/_calamine.py", {st_mode=S_IFREG|0644, st_size=3474, ...}) = 0
3686887 openat(AT_FDCWD, "/share/pkg.8/python3/3.12.4/install/lib/python3.12/site-packages/pandas/io/excel/__pycache__/_calamine.cpython-312.pyc", O_RDONLY|O_CLOEXEC) = 3
3686887 stat("/share/pkg.8/python3/3.12.4/install/lib/python3.12/site-packages/pandas/io/excel", {st_mode=S_IFDIR|S_ISGID|0755, st_size=4096, ...}) = 0
3686887 stat("/share/pkg.8/python3/3.12.4/install/lib/python3.12/site-packages/pandas/io/excel/_odfreader.py", {st_mode=S_IFREG|0644, st_size=8262, ...}) = 0
3686887 stat("/share/pkg.8/python3/3.12.4/install/lib/python3.12/site-packages/pandas/io/excel/_odfreader.py", {st_mode=S_IFREG|0644, st_size=8262, ...}) = 0
3686887 openat(AT_FDCWD, "/share/pkg.8/python3/3.12.4/install/lib/python3.12/site-packages/pandas/io/excel/__pycache__/_odfreader.cpython-312.pyc", O_RDONLY|O_CLOEXEC) = 3
3686887 stat("/share/pkg.8/python3/3.12.4/install/lib/python3.12/site-packages/pandas/io/excel", {st_mode=S_IFDIR|S_ISGID|0755, st_size=4096, ...}) = 0
3686887 stat("/share/pkg.8/python3/3.12.4/install/lib/python3.12/site-packages/pandas/io/excel/_openpyxl.py", {st_mode=S_IFREG|0644, st_size=19861, ...}) = 0
3686887 stat("/share/pkg.8/python3/3.12.4/install/lib/python3.12/site-packages/pandas/io/excel/_openpyxl.py", {st_mode=S_IFREG|0644, st_size=19861, ...}) = 0
3686887 openat(AT_FDCWD, "/share/pkg.8/python3/3.12.4/install/lib/python3.12/site-packages/pandas/io/excel/__pycache__/_openpyxl.cpython-312.pyc", O_RDONLY|O_CLOEXEC) = 3
3686887 stat("/share/pkg.8/python3/3.12.4/install/lib/python3.12/site-packages/pandas/io/excel", {st_mode=S_IFDIR|S_ISGID|0755, st_size=4096, ...}) = 0
3686887 stat("/share/pkg.8/python3/3.12.4/install/lib/python3.12/site-packages/pandas/io/excel/_pyxlsb.py", {st_mode=S_IFREG|0644, st_size=4358, ...}) = 0
3686887 stat("/share/pkg.8/python3/3.12.4/install/lib/python3.12/site-packages/pandas/io/excel/_pyxlsb.py", {st_mode=S_IFREG|0644, st_size=4358, ...}) = 0
3686887 openat(AT_FDCWD, "/share/pkg.8/python3/3.12.4/install/lib/python3.12/site-packages/pandas/io/excel/__pycache__/_pyxlsb.cpython-312.pyc", O_RDONLY|O_CLOEXEC) = 3
3686887 stat("/share/pkg.8/python3/3.12.4/install/lib/python3.12/site-packages/pandas/io/excel", {st_mode=S_IFDIR|S_ISGID|0755, st_size=4096, ...}) = 0
3686887 stat("/share/pkg.8/python3/3.12.4/install/lib/python3.12/site-packages/pandas/io/excel/_xlrd.py", {st_mode=S_IFREG|0644, st_size=4556, ...}) = 0
3686887 stat("/share/pkg.8/python3/3.12.4/install/lib/python3.12/site-packages/pandas/io/excel/_xlrd.py", {st_mode=S_IFREG|0644, st_size=4556, ...}) = 0
3686887 openat(AT_FDCWD, "/share/pkg.8/python3/3.12.4/install/lib/python3.12/site-packages/pandas/io/excel/__pycache__/_xlrd.cpython-312.pyc", O_RDONLY|O_CLOEXEC) = 3
3686887 stat("/share/pkg.8/python3/3.12.4/install/lib/python3.12/site-packages/pandas/io/excel", {st_mode=S_IFDIR|S_ISGID|0755, st_size=4096, ...}) = 0
3686887 stat("/share/pkg.8/python3/3.12.4/install/lib/python3.12/site-packages/pandas/io/excel/_odswriter.py", {st_mode=S_IFREG|0644, st_size=11210, ...}) = 0
3686887 stat("/share/pkg.8/python3/3.12.4/install/lib/python3.12/site-packages/pandas/io/excel/_odswriter.py", {st_mode=S_IFREG|0644, st_size=11210, ...}) = 0
3686887 openat(AT_FDCWD, "/share/pkg.8/python3/3.12.4/install/lib/python3.12/site-packages/pandas/io/excel/__pycache__/_odswriter.cpython-312.pyc", O_RDONLY|O_CLOEXEC) = 3
3686887 stat("/share/pkg.8/python3/3.12.4/install/lib/python3.12/site-packages/pandas/io/excel", {st_mode=S_IFDIR|S_ISGID|0755, st_size=4096, ...}) = 0
3686887 stat("/share/pkg.8/python3/3.12.4/install/lib/python3.12/site-packages/pandas/io/excel/_xlsxwriter.py", {st_mode=S_IFREG|0644, st_size=9191, ...}) = 0
3686887 stat("/share/pkg.8/python3/3.12.4/install/lib/python3.12/site-packages/pandas/io/excel/_xlsxwriter.py", {st_mode=S_IFREG|0644, st_size=9191, ...}) = 0
3686887 openat(AT_FDCWD, "/share/pkg.8/python3/3.12.4/install/lib/python3.12/site-packages/pandas/io/excel/__pycache__/_xlsxwriter.cpython-312.pyc", O_RDONLY|O_CLOEXEC) = 3
3686887 stat("/share/pkg.8/python3/3.12.4/install/lib/python3.12/site-packages/pandas/io", {st_mode=S_IFDIR|S_ISGID|0755, st_size=4096, ...}) = 0
3686887 stat("/share/pkg.8/python3/3.12.4/install/lib/python3.12/site-packages/pandas/io/feather_format.py", {st_mode=S_IFREG|0644, st_size=4443, ...}) = 0
3686887 stat("/share/pkg.8/python3/3.12.4/install/lib/python3.12/site-packages/pandas/io/feather_format.py", {st_mode=S_IFREG|0644, st_size=4443, ...}) = 0
3686887 openat(AT_FDCWD, "/share/pkg.8/python3/3.12.4/install/lib/python3.12/site-packages/pandas/io/__pycache__/feather_format.cpython-312.pyc", O_RDONLY|O_CLOEXEC) = 3
3686887 stat("/share/pkg.8/python3/3.12.4/install/lib/python3.12/site-packages/pandas/io", {st_mode=S_IFDIR|S_ISGID|0755, st_size=4096, ...}) = 0
3686887 stat("/share/pkg.8/python3/3.12.4/install/lib/python3.12/site-packages/pandas/io/gbq.py", {st_mode=S_IFREG|0644, st_size=9391, ...}) = 0
3686887 stat("/share/pkg.8/python3/3.12.4/install/lib/python3.12/site-packages/pandas/io/gbq.py", {st_mode=S_IFREG|0644, st_size=9391, ...}) = 0
3686887 openat(AT_FDCWD, "/share/pkg.8/python3/3.12.4/install/lib/python3.12/site-packages/pandas/io/__pycache__/gbq.cpython-312.pyc", O_RDONLY|O_CLOEXEC) = 3
3686887 stat("/share/pkg.8/python3/3.12.4/install/lib/python3.12/site-packages/pandas/io", {st_mode=S_IFDIR|S_ISGID|0755, st_size=4096, ...}) = 0
3686887 stat("/share/pkg.8/python3/3.12.4/install/lib/python3.12/site-packages/pandas/io/html.py", {st_mode=S_IFREG|0644, st_size=39546, ...}) = 0
3686887 stat("/share/pkg.8/python3/3.12.4/install/lib/python3.12/site-packages/pandas/io/html.py", {st_mode=S_IFREG|0644, st_size=39546, ...}) = 0
3686887 openat(AT_FDCWD, "/share/pkg.8/python3/3.12.4/install/lib/python3.12/site-packages/pandas/io/__pycache__/html.cpython-312.pyc", O_RDONLY|O_CLOEXEC) = 3
3686887 stat("/share/pkg.8/python3/3.12.4/install/lib/python3.12/site-packages/pandas/io", {st_mode=S_IFDIR|S_ISGID|0755, st_size=4096, ...}) = 0
3686887 stat("/share/pkg.8/python3/3.12.4/install/lib/python3.12/site-packages/pandas/io/orc.py", {st_mode=S_IFREG|0644, st_size=8385, ...}) = 0
3686887 stat("/share/pkg.8/python3/3.12.4/install/lib/python3.12/site-packages/pandas/io/orc.py", {st_mode=S_IFREG|0644, st_size=8385, ...}) = 0
3686887 openat(AT_FDCWD, "/share/pkg.8/python3/3.12.4/install/lib/python3.12/site-packages/pandas/io/__pycache__/orc.cpython-312.pyc", O_RDONLY|O_CLOEXEC) = 3
3686887 stat("/share/pkg.8/python3/3.12.4/install/lib/python3.12/site-packages/pandas/io", {st_mode=S_IFDIR|S_ISGID|0755, st_size=4096, ...}) = 0
3686887 stat("/share/pkg.8/python3/3.12.4/install/lib/python3.12/site-packages/pandas/io/parquet.py", {st_mode=S_IFREG|0644, st_size=23835, ...}) = 0
3686887 stat("/share/pkg.8/python3/3.12.4/install/lib/python3.12/site-packages/pandas/io/parquet.py", {st_mode=S_IFREG|0644, st_size=23835, ...}) = 0
3686887 openat(AT_FDCWD, "/share/pkg.8/python3/3.12.4/install/lib/python3.12/site-packages/pandas/io/__pycache__/parquet.cpython-312.pyc", O_RDONLY|O_CLOEXEC) = 3
3686887 stat("/share/pkg.8/python3/3.12.4/install/lib/python3.12/site-packages/pandas/io", {st_mode=S_IFDIR|S_ISGID|0755, st_size=4096, ...}) = 0
3686887 stat("/share/pkg.8/python3/3.12.4/install/lib/python3.12/site-packages/pandas/io/pickle.py", {st_mode=S_IFREG|0644, st_size=6582, ...}) = 0
3686887 stat("/share/pkg.8/python3/3.12.4/install/lib/python3.12/site-packages/pandas/io/pickle.py", {st_mode=S_IFREG|0644, st_size=6582, ...}) = 0
3686887 openat(AT_FDCWD, "/share/pkg.8/python3/3.12.4/install/lib/python3.12/site-packages/pandas/io/__pycache__/pickle.cpython-312.pyc", O_RDONLY|O_CLOEXEC) = 3
3686887 stat("/share/pkg.8/python3/3.12.4/install/lib/python3.12/site-packages/pandas/compat", {st_mode=S_IFDIR|S_ISGID|0755, st_size=4096, ...}) = 0
3686887 stat("/share/pkg.8/python3/3.12.4/install/lib/python3.12/site-packages/pandas/compat/pickle_compat.py", {st_mode=S_IFREG|0644, st_size=7723, ...}) = 0
3686887 stat("/share/pkg.8/python3/3.12.4/install/lib/python3.12/site-packages/pandas/compat/pickle_compat.py", {st_mode=S_IFREG|0644, st_size=7723, ...}) = 0
3686887 openat(AT_FDCWD, "/share/pkg.8/python3/3.12.4/install/lib/python3.12/site-packages/pandas/compat/__pycache__/pickle_compat.cpython-312.pyc", O_RDONLY|O_CLOEXEC) = 3
3686887 stat("/share/pkg.8/python3/3.12.4/install/lib/python3.12/site-packages/pandas/io", {st_mode=S_IFDIR|S_ISGID|0755, st_size=4096, ...}) = 0
3686887 stat("/share/pkg.8/python3/3.12.4/install/lib/python3.12/site-packages/pandas/io/pytables.py", {st_mode=S_IFREG|0644, st_size=177239, ...}) = 0
3686887 stat("/share/pkg.8/python3/3.12.4/install/lib/python3.12/site-packages/pandas/io/pytables.py", {st_mode=S_IFREG|0644, st_size=177239, ...}) = 0
3686887 openat(AT_FDCWD, "/share/pkg.8/python3/3.12.4/install/lib/python3.12/site-packages/pandas/io/__pycache__/pytables.cpython-312.pyc", O_RDONLY|O_CLOEXEC) = 3
3686887 stat("/share/pkg.8/python3/3.12.4/install/lib/python3.12/site-packages/pandas/core/computation", {st_mode=S_IFDIR|S_ISGID|0755, st_size=4096, ...}) = 0
3686887 stat("/share/pkg.8/python3/3.12.4/install/lib/python3.12/site-packages/pandas/core/computation/pytables.py", {st_mode=S_IFREG|0644, st_size=20745, ...}) = 0
3686887 stat("/share/pkg.8/python3/3.12.4/install/lib/python3.12/site-packages/pandas/core/computation/pytables.py", {st_mode=S_IFREG|0644, st_size=20745, ...}) = 0
3686887 openat(AT_FDCWD, "/share/pkg.8/python3/3.12.4/install/lib/python3.12/site-packages/pandas/core/computation/__pycache__/pytables.cpython-312.pyc", O_RDONLY|O_CLOEXEC) = 3
3686887 stat("/share/pkg.8/python3/3.12.4/install/lib/python3.12/site-packages/pandas/io", {st_mode=S_IFDIR|S_ISGID|0755, st_size=4096, ...}) = 0
3686887 stat("/share/pkg.8/python3/3.12.4/install/lib/python3.12/site-packages/pandas/io/sas/__init__.cpython-312-x86_64-linux-gnu.so", 0x7ffdb918d450) = -1 ENOENT (No such file or directory)
3686887 stat("/share/pkg.8/python3/3.12.4/install/lib/python3.12/site-packages/pandas/io/sas/__init__.abi3.so", 0x7ffdb918d450) = -1 ENOENT (No such file or directory)
3686887 stat("/share/pkg.8/python3/3.12.4/install/lib/python3.12/site-packages/pandas/io/sas/__init__.so", 0x7ffdb918d450) = -1 ENOENT (No such file or directory)
3686887 stat("/share/pkg.8/python3/3.12.4/install/lib/python3.12/site-packages/pandas/io/sas/__init__.py", {st_mode=S_IFREG|0644, st_size=69, ...}) = 0
3686887 stat("/share/pkg.8/python3/3.12.4/install/lib/python3.12/site-packages/pandas/io/sas/__init__.py", {st_mode=S_IFREG|0644, st_size=69, ...}) = 0
3686887 openat(AT_FDCWD, "/share/pkg.8/python3/3.12.4/install/lib/python3.12/site-packages/pandas/io/sas/__pycache__/__init__.cpython-312.pyc", O_RDONLY|O_CLOEXEC) = 3
3686887 stat("/share/pkg.8/python3/3.12.4/install/lib/python3.12/site-packages/pandas/io/sas", {st_mode=S_IFDIR|S_ISGID|0755, st_size=4096, ...}) = 0
3686887 stat("/share/pkg.8/python3/3.12.4/install/lib/python3.12/site-packages/pandas/io/sas", {st_mode=S_IFDIR|S_ISGID|0755, st_size=4096, ...}) = 0
3686887 stat("/share/pkg.8/python3/3.12.4/install/lib/python3.12/site-packages/pandas/io/sas", {st_mode=S_IFDIR|S_ISGID|0755, st_size=4096, ...}) = 0
3686887 openat(AT_FDCWD, "/share/pkg.8/python3/3.12.4/install/lib/python3.12/site-packages/pandas/io/sas", O_RDONLY|O_NONBLOCK|O_CLOEXEC|O_DIRECTORY) = 3
3686887 stat("/share/pkg.8/python3/3.12.4/install/lib/python3.12/site-packages/pandas/io/sas/sasreader.py", {st_mode=S_IFREG|0644, st_size=4885, ...}) = 0
3686887 stat("/share/pkg.8/python3/3.12.4/install/lib/python3.12/site-packages/pandas/io/sas/sasreader.py", {st_mode=S_IFREG|0644, st_size=4885, ...}) = 0
3686887 openat(AT_FDCWD, "/share/pkg.8/python3/3.12.4/install/lib/python3.12/site-packages/pandas/io/sas/__pycache__/sasreader.cpython-312.pyc", O_RDONLY|O_CLOEXEC) = 3
3686887 stat("/share/pkg.8/python3/3.12.4/install/lib/python3.12/site-packages/pandas/io", {st_mode=S_IFDIR|S_ISGID|0755, st_size=4096, ...}) = 0
3686887 stat("/share/pkg.8/python3/3.12.4/install/lib/python3.12/site-packages/pandas/io/spss.py", {st_mode=S_IFREG|0644, st_size=2182, ...}) = 0
3686887 stat("/share/pkg.8/python3/3.12.4/install/lib/python3.12/site-packages/pandas/io/spss.py", {st_mode=S_IFREG|0644, st_size=2182, ...}) = 0
3686887 openat(AT_FDCWD, "/share/pkg.8/python3/3.12.4/install/lib/python3.12/site-packages/pandas/io/__pycache__/spss.cpython-312.pyc", O_RDONLY|O_CLOEXEC) = 3
3686887 stat("/share/pkg.8/python3/3.12.4/install/lib/python3.12/site-packages/pandas/io", {st_mode=S_IFDIR|S_ISGID|0755, st_size=4096, ...}) = 0
3686887 stat("/share/pkg.8/python3/3.12.4/install/lib/python3.12/site-packages/pandas/io/sql.py", {st_mode=S_IFREG|0644, st_size=101704, ...}) = 0
3686887 stat("/share/pkg.8/python3/3.12.4/install/lib/python3.12/site-packages/pandas/io/sql.py", {st_mode=S_IFREG|0644, st_size=101704, ...}) = 0
3686887 openat(AT_FDCWD, "/share/pkg.8/python3/3.12.4/install/lib/python3.12/site-packages/pandas/io/__pycache__/sql.cpython-312.pyc", O_RDONLY|O_CLOEXEC) = 3
3686887 stat("/share/pkg.8/python3/3.12.4/install/lib/python3.12/site-packages/pandas/io", {st_mode=S_IFDIR|S_ISGID|0755, st_size=4096, ...}) = 0
3686887 stat("/share/pkg.8/python3/3.12.4/install/lib/python3.12/site-packages/pandas/io/xml.py", {st_mode=S_IFREG|0644, st_size=38656, ...}) = 0
3686887 stat("/share/pkg.8/python3/3.12.4/install/lib/python3.12/site-packages/pandas/io/xml.py", {st_mode=S_IFREG|0644, st_size=38656, ...}) = 0
3686887 openat(AT_FDCWD, "/share/pkg.8/python3/3.12.4/install/lib/python3.12/site-packages/pandas/io/__pycache__/xml.cpython-312.pyc", O_RDONLY|O_CLOEXEC) = 3
3686887 stat("/share/pkg.8/python3/3.12.4/install/lib/python3.12/site-packages/pandas/util", {st_mode=S_IFDIR|S_ISGID|0755, st_size=4096, ...}) = 0
3686887 stat("/share/pkg.8/python3/3.12.4/install/lib/python3.12/site-packages/pandas/util/_tester.py", {st_mode=S_IFREG|0644, st_size=1462, ...}) = 0
3686887 stat("/share/pkg.8/python3/3.12.4/install/lib/python3.12/site-packages/pandas/util/_tester.py", {st_mode=S_IFREG|0644, st_size=1462, ...}) = 0
3686887 openat(AT_FDCWD, "/share/pkg.8/python3/3.12.4/install/lib/python3.12/site-packages/pandas/util/__pycache__/_tester.cpython-312.pyc", O_RDONLY|O_CLOEXEC) = 3
3686887 stat("/share/pkg.8/python3/3.12.4/install/lib/python3.12/site-packages/pandas", {st_mode=S_IFDIR|S_ISGID|0755, st_size=4096, ...}) = 0
3686887 stat("/share/pkg.8/python3/3.12.4/install/lib/python3.12/site-packages/pandas/_version_meson.py", {st_mode=S_IFREG|0644, st_size=79, ...}) = 0
3686887 stat("/share/pkg.8/python3/3.12.4/install/lib/python3.12/site-packages/pandas/_version_meson.py", {st_mode=S_IFREG|0644, st_size=79, ...}) = 0
3686887 openat(AT_FDCWD, "/share/pkg.8/python3/3.12.4/install/lib/python3.12/site-packages/pandas/__pycache__/_version_meson.cpython-312.pyc", O_RDONLY|O_CLOEXEC) = 3
3686887 stat("/share/pkg.8/python3/3.12.4/install/lib/python3.12/site-packages/pandas/io/formats", {st_mode=S_IFDIR|S_ISGID|0755, st_size=4096, ...}) = 0
3686887 stat("/share/pkg.8/python3/3.12.4/install/lib/python3.12/site-packages/pandas/io/formats/string.py", {st_mode=S_IFREG|0644, st_size=6707, ...}) = 0
3686887 stat("/share/pkg.8/python3/3.12.4/install/lib/python3.12/site-packages/pandas/io/formats/string.py", {st_mode=S_IFREG|0644, st_size=6707, ...}) = 0
3686887 openat(AT_FDCWD, "/share/pkg.8/python3/3.12.4/install/lib/python3.12/site-packages/pandas/io/formats/__pycache__/string.cpython-312.pyc", O_RDONLY|O_CLOEXEC) = 3
3686940 +++ exited with 0 +++
3686887 +++ exited with 0 +++
